career_id,career_title,sector,short_description,important_skills,education_qualification,recommended_courses,salary_range,demand_level,career_roadmap,common_job_roles,career_growth,onet_soc_code
1,Software Developer,Technology & IT,"Software Developer professionals technology professionals build, maintain and improve business systems and digital infrastructure. Roles range from support and administration to architecture and technology consulting.",Problem Solving; Networking; SQL; Operating Systems; Troubleshooting; Documentation; Communication,BCA/BSc IT/BSc CS/BTech CS or relevant degree/diploma,CompTIA A+; ITIL Foundation; Microsoft Azure Fundamentals; Google IT Support Certificate,₹2.5–6 LPA entry-level; ₹8–20+ LPA experienced (Estimated),High,1. Learn fundamentals; 2. Build role-specific skills; 3. Complete projects or practical training; 4. Gain internship/entry-level experience; 5. Develop a specialization; 6. Move into senior or lead responsibilities,Software Developer; Junior Software Developer; Senior Software Developer; Software Developer Consultant,IT Support Lead; Systems Administrator; IT Manager; Technology Consultant,15-1252.00
2,IT Support Specialist,Technology & IT,"IT Support Specialist professionals technology professionals build, maintain and improve business systems and digital infrastructure. Roles range from support and administration to architecture and technology consulting.",Problem Solving; Networking; SQL; Operating Systems; Troubleshooting; Documentation; Communication,BCA/BSc IT/BSc CS/BTech CS or relevant degree/diploma,CompTIA A+; ITIL Foundation; Microsoft Azure Fundamentals; Google IT Support Certificate,₹2.5–6 LPA entry-level; ₹8–20+ LPA experienced (Estimated),High,1. Learn fundamentals; 2. Build role-specific skills; 3. Complete projects or practical training; 4. Gain internship/entry-level experience; 5. Develop a specialization; 6. Move into senior or lead responsibilities,IT Support Specialist; Junior IT Support Specialist; Senior IT Support Specialist; IT Support Specialist Consultant,IT Support Lead; Systems Administrator; IT Manager; Technology Consultant,Not available
3,Systems Administrator,Technology & IT,"Systems Administrator professionals technology professionals build, maintain and improve business systems and digital infrastructure. Roles range from support and administration to architecture and technology consulting.",Problem Solving; Networking; SQL; Operating Systems; Troubleshooting; Documentation; Communication,BCA/BSc IT/BSc CS/BTech CS or relevant degree/diploma,CompTIA A+; ITIL Foundation; Microsoft Azure Fundamentals; Google IT Support Certificate,₹2.5–6 LPA entry-level; ₹8–20+ LPA experienced (Estimated),High,1. Learn fundamentals; 2. Build role-specific skills; 3. Complete projects or practical training; 4. Gain internship/entry-level experience; 5. Develop a specialization; 6. Move into senior or lead responsibilities,Systems Administrator; Junior Systems Administrator; Senior Systems Administrator; Systems Administrator Consultant,IT Support Lead; Systems Administrator; IT Manager; Technology Consultant,Not available
4,IT Consultant,Technology & IT,"IT Consultant professionals technology professionals build, maintain and improve business systems and digital infrastructure. Roles range from support and administration to architecture and technology consulting.",Problem Solving; Networking; SQL; Operating Systems; Troubleshooting; Documentation; Communication,BCA/BSc IT/BSc CS/BTech CS or relevant degree/diploma,CompTIA A+; ITIL Foundation; Microsoft Azure Fundamentals; Google IT Support Certificate,₹2.5–6 LPA entry-level; ₹8–20+ LPA experienced (Estimated),High,1. Learn fundamentals; 2. Build role-specific skills; 3. Complete projects or practical training; 4. Gain internship/entry-level experience; 5. Develop a specialization; 6. Move into senior or lead responsibilities,IT Consultant; Junior IT Consultant; Senior IT Consultant; IT Consultant Consultant,IT Support Lead; Systems Administrator; IT Manager; Technology Consultant,Not available
5,Solutions Architect,Technology & IT,"Solutions Architect professionals technology professionals build, maintain and improve business systems and digital infrastructure. Roles range from support and administration to architecture and technology consulting.",Problem Solving; Networking; SQL; Operating Systems; Troubleshooting; Documentation; Communication,BCA/BSc IT/BSc CS/BTech CS or relevant degree/diploma,CompTIA A+; ITIL Foundation; Microsoft Azure Fundamentals; Google IT Support Certificate,₹2.5–6 LPA entry-level; ₹8–20+ LPA experienced (Estimated),High,1. Learn fundamentals; 2. Build role-specific skills; 3. Complete projects or practical training; 4. Gain internship/entry-level experience; 5. Develop a specialization; 6. Move into senior or lead responsibilities,Solutions Architect; Junior Solutions Architect; Senior Solutions Architect; Solutions Architect Consultant,IT Support Lead; Systems Administrator; IT Manager; Technology Consultant,Not available
6,Technical Support Engineer,Technology & IT,"Technical Support Engineer professionals technology professionals build, maintain and improve business systems and digital infrastructure. Roles range from support and administration to architecture and technology consulting.",Problem Solving; Networking; SQL; Operating Systems; Troubleshooting; Documentation; Communication,BCA/BSc IT/BSc CS/BTech CS or relevant degree/diploma,CompTIA A+; ITIL Foundation; Microsoft Azure Fundamentals; Google IT Support Certificate,₹2.5–6 LPA entry-level; ₹8–20+ LPA experienced (Estimated),High,1. Learn fundamentals; 2. Build role-specific skills; 3. Complete projects or practical training; 4. Gain internship/entry-level experience; 5. Develop a specialization; 6. Move into senior or lead responsibilities,Technical Support Engineer; Junior Technical Support Engineer; Senior Technical Support Engineer; Technical Support Engineer Consultant,IT Support Lead; Systems Administrator; IT Manager; Technology Consultant,Not available
7,Application Support Analyst,Technology & IT,"Application Support Analyst professionals technology professionals build, maintain and improve business systems and digital infrastructure. Roles range from support and administration to architecture and technology consulting.",Problem Solving; Networking; SQL; Operating Systems; Troubleshooting; Documentation; Communication,BCA/BSc IT/BSc CS/BTech CS or relevant degree/diploma,CompTIA A+; ITIL Foundation; Microsoft Azure Fundamentals; Google IT Support Certificate,₹2.5–6 LPA entry-level; ₹8–20+ LPA experienced (Estimated),High,1. Learn fundamentals; 2. Build role-specific skills; 3. Complete projects or practical training; 4. Gain internship/entry-level experience; 5. Develop a specialization; 6. Move into senior or lead responsibilities,Application Support Analyst; Junior Application Support Analyst; Senior Application Support Analyst; Application Support Analyst Consultant,IT Support Lead; Systems Administrator; IT Manager; Technology Consultant,Not available
8,IT Operations Analyst,Technology & IT,"IT Operations Analyst professionals technology professionals build, maintain and improve business systems and digital infrastructure. Roles range from support and administration to architecture and technology consulting.",Problem Solving; Networking; SQL; Operating Systems; Troubleshooting; Documentation; Communication,BCA/BSc IT/BSc CS/BTech CS or relevant degree/diploma,CompTIA A+; ITIL Foundation; Microsoft Azure Fundamentals; Google IT Support Certificate,₹2.5–6 LPA entry-level; ₹8–20+ LPA experienced (Estimated),High,1. Learn fundamentals; 2. Build role-specific skills; 3. Complete projects or practical training; 4. Gain internship/entry-level experience; 5. Develop a specialization; 6. Move into senior or lead responsibilities,IT Operations Analyst; Junior IT Operations Analyst; Senior IT Operations Analyst; IT Operations Analyst Consultant,IT Support Lead; Systems Administrator; IT Manager; Technology Consultant,Not available
9,Systems Analyst,Technology & IT,"Systems Analyst professionals technology professionals build, maintain and improve business systems and digital infrastructure. Roles range from support and administration to architecture and technology consulting.",Problem Solving; Networking; SQL; Operating Systems; Troubleshooting; Documentation; Communication,BCA/BSc IT/BSc CS/BTech CS or relevant degree/diploma,CompTIA A+; ITIL Foundation; Microsoft Azure Fundamentals; Google IT Support Certificate,₹2.5–6 LPA entry-level; ₹8–20+ LPA experienced (Estimated),High,1. Learn fundamentals; 2. Build role-specific skills; 3. Complete projects or practical training; 4. Gain internship/entry-level experience; 5. Develop a specialization; 6. Move into senior or lead responsibilities,Systems Analyst; Junior Systems Analyst; Senior Systems Analyst; Systems Analyst Consultant,IT Support Lead; Systems Administrator; IT Manager; Technology Consultant,Not available
10,IT Project Coordinator,Technology & IT,"IT Project Coordinator professionals technology professionals build, maintain and improve business systems and digital infrastructure. Roles range from support and administration to architecture and technology consulting.",Problem Solving; Networking; SQL; Operating Systems; Troubleshooting; Documentation; Communication,BCA/BSc IT/BSc CS/BTech CS or relevant degree/diploma,CompTIA A+; ITIL Foundation; Microsoft Azure Fundamentals; Google IT Support Certificate,₹2.5–6 LPA entry-level; ₹8–20+ LPA experienced (Estimated),High,1. Learn fundamentals; 2. Build role-specific skills; 3. Complete projects or practical training; 4. Gain internship/entry-level experience; 5. Develop a specialization; 6. Move into senior or lead responsibilities,IT Project Coordinator; Junior IT Project Coordinator; Senior IT Project Coordinator; IT Project Coordinator Consultant,IT Support Lead; Systems Administrator; IT Manager; Technology Consultant,Not available
11,Database Administrator,Technology & IT,"Database Administrator professionals technology professionals build, maintain and improve business systems and digital infrastructure. Roles range from support and administration to architecture and technology consulting.",Problem Solving; Networking; SQL; Operating Systems; Troubleshooting; Documentation; Communication,BCA/BSc IT/BSc CS/BTech CS or relevant degree/diploma,CompTIA A+; ITIL Foundation; Microsoft Azure Fundamentals; Google IT Support Certificate,₹2.5–6 LPA entry-level; ₹8–20+ LPA experienced (Estimated),High,1. Learn fundamentals; 2. Build role-specific skills; 3. Complete projects or practical training; 4. Gain internship/entry-level experience; 5. Develop a specialization; 6. Move into senior or lead responsibilities,Database Administrator; Junior Database Administrator; Senior Database Administrator; Database Administrator Consultant,IT Support Lead; Systems Administrator; IT Manager; Technology Consultant,15-1242.00
12,Network Administrator,Technology & IT,"Network Administrator professionals technology professionals build, maintain and improve business systems and digital infrastructure. Roles range from support and administration to architecture and technology consulting.",Problem Solving; Networking; SQL; Operating Systems; Troubleshooting; Documentation; Communication,BCA/BSc IT/BSc CS/BTech CS or relevant degree/diploma,CompTIA A+; ITIL Foundation; Microsoft Azure Fundamentals; Google IT Support Certificate,₹2.5–6 LPA entry-level; ₹8–20+ LPA experienced (Estimated),High,1. Learn fundamentals; 2. Build role-specific skills; 3. Complete projects or practical training; 4. Gain internship/entry-level experience; 5. Develop a specialization; 6. Move into senior or lead responsibilities,Network Administrator; Junior Network Administrator; Senior Network Administrator; Network Administrator Consultant,IT Support Lead; Systems Administrator; IT Manager; Technology Consultant,15-1232.00
13,IT Service Manager,Technology & IT,"IT Service Manager professionals technology professionals build, maintain and improve business systems and digital infrastructure. Roles range from support and administration to architecture and technology consulting.",Problem Solving; Networking; SQL; Operating Systems; Troubleshooting; Documentation; Communication,BCA/BSc IT/BSc CS/BTech CS or relevant degree/diploma,CompTIA A+; ITIL Foundation; Microsoft Azure Fundamentals; Google IT Support Certificate,₹2.5–6 LPA entry-level; ₹8–20+ LPA experienced (Estimated),High,1. Learn fundamentals; 2. Build role-specific skills; 3. Complete projects or practical training; 4. Gain internship/entry-level experience; 5. Develop a specialization; 6. Move into senior or lead responsibilities,IT Service Manager; Junior IT Service Manager; Senior IT Service Manager; IT Service Manager Consultant,IT Support Lead; Systems Administrator; IT Manager; Technology Consultant,Not available
14,Technology Consultant,Technology & IT,"Technology Consultant professionals technology professionals build, maintain and improve business systems and digital infrastructure. Roles range from support and administration to architecture and technology consulting.",Problem Solving; Networking; SQL; Operating Systems; Troubleshooting; Documentation; Communication,BCA/BSc IT/BSc CS/BTech CS or relevant degree/diploma,CompTIA A+; ITIL Foundation; Microsoft Azure Fundamentals; Google IT Support Certificate,₹2.5–6 LPA entry-level; ₹8–20+ LPA experienced (Estimated),High,1. Learn fundamentals; 2. Build role-specific skills; 3. Complete projects or practical training; 4. Gain internship/entry-level experience; 5. Develop a specialization; 6. Move into senior or lead responsibilities,Technology Consultant; Junior Technology Consultant; Senior Technology Consultant; Technology Consultant Consultant,IT Support Lead; Systems Administrator; IT Manager; Technology Consultant,Not available
15,Enterprise Architect,Technology & IT,"Enterprise Architect professionals technology professionals build, maintain and improve business systems and digital infrastructure. Roles range from support and administration to architecture and technology consulting.",Problem Solving; Networking; SQL; Operating Systems; Troubleshooting; Documentation; Communication,BCA/BSc IT/BSc CS/BTech CS or relevant degree/diploma,CompTIA A+; ITIL Foundation; Microsoft Azure Fundamentals; Google IT Support Certificate,₹2.5–6 LPA entry-level; ₹8–20+ LPA experienced (Estimated),High,1. Learn fundamentals; 2. Build role-specific skills; 3. Complete projects or practical training; 4. Gain internship/entry-level experience; 5. Develop a specialization; 6. Move into senior or lead responsibilities,Enterprise Architect; Junior Enterprise Architect; Senior Enterprise Architect; Enterprise Architect Consultant,IT Support Lead; Systems Administrator; IT Manager; Technology Consultant,Not available
16,Frontend Developer,Software & Web Development,"Frontend Developer professionals software professionals design, develop, test and maintain applications and websites. They work with programming languages, frameworks, databases and development tools.",Programming; Data Structures; SQL; Git; Debugging; APIs; Problem Solving,BCA/BSc CS/BTech CS or equivalent; strong portfolio can support entry,Python Certification; Java Certification; Meta Front-End Certificate; AWS Cloud Practitioner,₹3–7 LPA entry-level; ₹10–30+ LPA experienced (Estimated),High,1. Learn fundamentals; 2. Build role-specific skills; 3. Complete projects or practical training; 4. Gain internship/entry-level experience; 5. Develop a specialization; 6. Move into senior or lead responsibilities,Frontend Developer; Junior Frontend Developer; Senior Frontend Developer; Frontend Developer Consultant,Senior Developer; Tech Lead; Software Architect; Engineering Manager,Not available
17,Backend Developer,Software & Web Development,"Backend Developer professionals software professionals design, develop, test and maintain applications and websites. They work with programming languages, frameworks, databases and development tools.",Programming; Data Structures; SQL; Git; Debugging; APIs; Problem Solving,BCA/BSc CS/BTech CS or equivalent; strong portfolio can support entry,Python Certification; Java Certification; Meta Front-End Certificate; AWS Cloud Practitioner,₹3–7 LPA entry-level; ₹10–30+ LPA experienced (Estimated),High,1. Learn fundamentals; 2. Build role-specific skills; 3. Complete projects or practical training; 4. Gain internship/entry-level experience; 5. Develop a specialization; 6. Move into senior or lead responsibilities,Backend Developer; Junior Backend Developer; Senior Backend Developer; Backend Developer Consultant,Senior Developer; Tech Lead; Software Architect; Engineering Manager,Not available
18,Full Stack Developer,Software & Web Development,"Full Stack Developer professionals software professionals design, develop, test and maintain applications and websites. They work with programming languages, frameworks, databases and development tools.",Programming; Data Structures; SQL; Git; Debugging; APIs; Problem Solving,BCA/BSc CS/BTech CS or equivalent; strong portfolio can support entry,Python Certification; Java Certification; Meta Front-End Certificate; AWS Cloud Practitioner,₹3–7 LPA entry-level; ₹10–30+ LPA experienced (Estimated),High,1. Learn fundamentals; 2. Build role-specific skills; 3. Complete projects or practical training; 4. Gain internship/entry-level experience; 5. Develop a specialization; 6. Move into senior or lead responsibilities,Full Stack Developer; Junior Full Stack Developer; Senior Full Stack Developer; Full Stack Developer Consultant,Senior Developer; Tech Lead; Software Architect; Engineering Manager,Not available
19,Web Developer,Software & Web Development,"Web Developer professionals software professionals design, develop, test and maintain applications and websites. They work with programming languages, frameworks, databases and development tools.",Programming; Data Structures; SQL; Git; Debugging; APIs; Problem Solving,BCA/BSc CS/BTech CS or equivalent; strong portfolio can support entry,Python Certification; Java Certification; Meta Front-End Certificate; AWS Cloud Practitioner,₹3–7 LPA entry-level; ₹10–30+ LPA experienced (Estimated),High,1. Learn fundamentals; 2. Build role-specific skills; 3. Complete projects or practical training; 4. Gain internship/entry-level experience; 5. Develop a specialization; 6. Move into senior or lead responsibilities,Web Developer; Junior Web Developer; Senior Web Developer; Web Developer Consultant,Senior Developer; Tech Lead; Software Architect; Engineering Manager,15-1254.00
20,Mobile App Developer,Software & Web Development,"Mobile App Developer professionals software professionals design, develop, test and maintain applications and websites. They work with programming languages, frameworks, databases and development tools.",Programming; Data Structures; SQL; Git; Debugging; APIs; Problem Solving,BCA/BSc CS/BTech CS or equivalent; strong portfolio can support entry,Python Certification; Java Certification; Meta Front-End Certificate; AWS Cloud Practitioner,₹3–7 LPA entry-level; ₹10–30+ LPA experienced (Estimated),High,1. Learn fundamentals; 2. Build role-specific skills; 3. Complete projects or practical training; 4. Gain internship/entry-level experience; 5. Develop a specialization; 6. Move into senior or lead responsibilities,Mobile App Developer; Junior Mobile App Developer; Senior Mobile App Developer; Mobile App Developer Consultant,Senior Developer; Tech Lead; Software Architect; Engineering Manager,Not available
21,Android Developer,Software & Web Development,"Android Developer professionals software professionals design, develop, test and maintain applications and websites. They work with programming languages, frameworks, databases and development tools.",Programming; Data Structures; SQL; Git; Debugging; APIs; Problem Solving,BCA/BSc CS/BTech CS or equivalent; strong portfolio can support entry,Python Certification; Java Certification; Meta Front-End Certificate; AWS Cloud Practitioner,₹3–7 LPA entry-level; ₹10–30+ LPA experienced (Estimated),High,1. Learn fundamentals; 2. Build role-specific skills; 3. Complete projects or practical training; 4. Gain internship/entry-level experience; 5. Develop a specialization; 6. Move into senior or lead responsibilities,Android Developer; Junior Android Developer; Senior Android Developer; Android Developer Consultant,Senior Developer; Tech Lead; Software Architect; Engineering Manager,Not available
22,iOS Developer,Software & Web Development,"iOS Developer professionals software professionals design, develop, test and maintain applications and websites. They work with programming languages, frameworks, databases and development tools.",Programming; Data Structures; SQL; Git; Debugging; APIs; Problem Solving,BCA/BSc CS/BTech CS or equivalent; strong portfolio can support entry,Python Certification; Java Certification; Meta Front-End Certificate; AWS Cloud Practitioner,₹3–7 LPA entry-level; ₹10–30+ LPA experienced (Estimated),High,1. Learn fundamentals; 2. Build role-specific skills; 3. Complete projects or practical training; 4. Gain internship/entry-level experience; 5. Develop a specialization; 6. Move into senior or lead responsibilities,iOS Developer; Junior iOS Developer; Senior iOS Developer; iOS Developer Consultant,Senior Developer; Tech Lead; Software Architect; Engineering Manager,Not available
23,React Developer,Software & Web Development,"React Developer professionals software professionals design, develop, test and maintain applications and websites. They work with programming languages, frameworks, databases and development tools.",Programming; Data Structures; SQL; Git; Debugging; APIs; Problem Solving,BCA/BSc CS/BTech CS or equivalent; strong portfolio can support entry,Python Certification; Java Certification; Meta Front-End Certificate; AWS Cloud Practitioner,₹3–7 LPA entry-level; ₹10–30+ LPA experienced (Estimated),High,1. Learn fundamentals; 2. Build role-specific skills; 3. Complete projects or practical training; 4. Gain internship/entry-level experience; 5. Develop a specialization; 6. Move into senior or lead responsibilities,React Developer; Junior React Developer; Senior React Developer; React Developer Consultant,Senior Developer; Tech Lead; Software Architect; Engineering Manager,Not available
24,Angular Developer,Software & Web Development,"Angular Developer professionals software professionals design, develop, test and maintain applications and websites. They work with programming languages, frameworks, databases and development tools.",Programming; Data Structures; SQL; Git; Debugging; APIs; Problem Solving,BCA/BSc CS/BTech CS or equivalent; strong portfolio can support entry,Python Certification; Java Certification; Meta Front-End Certificate; AWS Cloud Practitioner,₹3–7 LPA entry-level; ₹10–30+ LPA experienced (Estimated),High,1. Learn fundamentals; 2. Build role-specific skills; 3. Complete projects or practical training; 4. Gain internship/entry-level experience; 5. Develop a specialization; 6. Move into senior or lead responsibilities,Angular Developer; Junior Angular Developer; Senior Angular Developer; Angular Developer Consultant,Senior Developer; Tech Lead; Software Architect; Engineering Manager,Not available
25,Node.js Developer,Software & Web Development,"Node.js Developer professionals software professionals design, develop, test and maintain applications and websites. They work with programming languages, frameworks, databases and development tools.",Programming; Data Structures; SQL; Git; Debugging; APIs; Problem Solving,BCA/BSc CS/BTech CS or equivalent; strong portfolio can support entry,Python Certification; Java Certification; Meta Front-End Certificate; AWS Cloud Practitioner,₹3–7 LPA entry-level; ₹10–30+ LPA experienced (Estimated),High,1. Learn fundamentals; 2. Build role-specific skills; 3. Complete projects or practical training; 4. Gain internship/entry-level experience; 5. Develop a specialization; 6. Move into senior or lead responsibilities,Node.js Developer; Junior Node.js Developer; Senior Node.js Developer; Node.js Developer Consultant,Senior Developer; Tech Lead; Software Architect; Engineering Manager,Not available
26,Python Developer,Software & Web Development,"Python Developer professionals software professionals design, develop, test and maintain applications and websites. They work with programming languages, frameworks, databases and development tools.",Programming; Data Structures; SQL; Git; Debugging; APIs; Problem Solving,BCA/BSc CS/BTech CS or equivalent; strong portfolio can support entry,Python Certification; Java Certification; Meta Front-End Certificate; AWS Cloud Practitioner,₹3–7 LPA entry-level; ₹10–30+ LPA experienced (Estimated),High,1. Learn fundamentals; 2. Build role-specific skills; 3. Complete projects or practical training; 4. Gain internship/entry-level experience; 5. Develop a specialization; 6. Move into senior or lead responsibilities,Python Developer; Junior Python Developer; Senior Python Developer; Python Developer Consultant,Senior Developer; Tech Lead; Software Architect; Engineering Manager,Not available
27,Java Developer,Software & Web Development,"Java Developer professionals software professionals design, develop, test and maintain applications and websites. They work with programming languages, frameworks, databases and development tools.",Programming; Data Structures; SQL; Git; Debugging; APIs; Problem Solving,BCA/BSc CS/BTech CS or equivalent; strong portfolio can support entry,Python Certification; Java Certification; Meta Front-End Certificate; AWS Cloud Practitioner,₹3–7 LPA entry-level; ₹10–30+ LPA experienced (Estimated),High,1. Learn fundamentals; 2. Build role-specific skills; 3. Complete projects or practical training; 4. Gain internship/entry-level experience; 5. Develop a specialization; 6. Move into senior or lead responsibilities,Java Developer; Junior Java Developer; Senior Java Developer; Java Developer Consultant,Senior Developer; Tech Lead; Software Architect; Engineering Manager,Not available
28,PHP Developer,Software & Web Development,"PHP Developer professionals software professionals design, develop, test and maintain applications and websites. They work with programming languages, frameworks, databases and development tools.",Programming; Data Structures; SQL; Git; Debugging; APIs; Problem Solving,BCA/BSc CS/BTech CS or equivalent; strong portfolio can support entry,Python Certification; Java Certification; Meta Front-End Certificate; AWS Cloud Practitioner,₹3–7 LPA entry-level; ₹10–30+ LPA experienced (Estimated),High,1. Learn fundamentals; 2. Build role-specific skills; 3. Complete projects or practical training; 4. Gain internship/entry-level experience; 5. Develop a specialization; 6. Move into senior or lead responsibilities,PHP Developer; Junior PHP Developer; Senior PHP Developer; PHP Developer Consultant,Senior Developer; Tech Lead; Software Architect; Engineering Manager,Not available
29,WordPress Developer,Software & Web Development,"WordPress Developer professionals software professionals design, develop, test and maintain applications and websites. They work with programming languages, frameworks, databases and development tools.",Programming; Data Structures; SQL; Git; Debugging; APIs; Problem Solving,BCA/BSc CS/BTech CS or equivalent; strong portfolio can support entry,Python Certification; Java Certification; Meta Front-End Certificate; AWS Cloud Practitioner,₹3–7 LPA entry-level; ₹10–30+ LPA experienced (Estimated),High,1. Learn fundamentals; 2. Build role-specific skills; 3. Complete projects or practical training; 4. Gain internship/entry-level experience; 5. Develop a specialization; 6. Move into senior or lead responsibilities,WordPress Developer; Junior WordPress Developer; Senior WordPress Developer; WordPress Developer Consultant,Senior Developer; Tech Lead; Software Architect; Engineering Manager,Not available
30,Software Engineer,Software & Web Development,"Software Engineer professionals software professionals design, develop, test and maintain applications and websites. They work with programming languages, frameworks, databases and development tools.",Programming; Data Structures; SQL; Git; Debugging; APIs; Problem Solving,BCA/BSc CS/BTech CS or equivalent; strong portfolio can support entry,Python Certification; Java Certification; Meta Front-End Certificate; AWS Cloud Practitioner,₹3–7 LPA entry-level; ₹10–30+ LPA experienced (Estimated),High,1. Learn fundamentals; 2. Build role-specific skills; 3. Complete projects or practical training; 4. Gain internship/entry-level experience; 5. Develop a specialization; 6. Move into senior or lead responsibilities,Software Engineer; Junior Software Engineer; Senior Software Engineer; Software Engineer Consultant,Senior Developer; Tech Lead; Software Architect; Engineering Manager,Not available
31,Embedded Software Developer,Software & Web Development,"Embedded Software Developer professionals software professionals design, develop, test and maintain applications and websites. They work with programming languages, frameworks, databases and development tools.",Programming; Data Structures; SQL; Git; Debugging; APIs; Problem Solving,BCA/BSc CS/BTech CS or equivalent; strong portfolio can support entry,Python Certification; Java Certification; Meta Front-End Certificate; AWS Cloud Practitioner,₹3–7 LPA entry-level; ₹10–30+ LPA experienced (Estimated),High,1. Learn fundamentals; 2. Build role-specific skills; 3. Complete projects or practical training; 4. Gain internship/entry-level experience; 5. Develop a specialization; 6. Move into senior or lead responsibilities,Embedded Software Developer; Junior Embedded Software Developer; Senior Embedded Software Developer; Embedded Software Developer Consultant,Senior Developer; Tech Lead; Software Architect; Engineering Manager,Not available
32,Game Developer,Software & Web Development,"Game Developer professionals software professionals design, develop, test and maintain applications and websites. They work with programming languages, frameworks, databases and development tools.",Programming; Data Structures; SQL; Git; Debugging; APIs; Problem Solving,BCA/BSc CS/BTech CS or equivalent; strong portfolio can support entry,Python Certification; Java Certification; Meta Front-End Certificate; AWS Cloud Practitioner,₹3–7 LPA entry-level; ₹10–30+ LPA experienced (Estimated),High,1. Learn fundamentals; 2. Build role-specific skills; 3. Complete projects or practical training; 4. Gain internship/entry-level experience; 5. Develop a specialization; 6. Move into senior or lead responsibilities,Game Developer; Junior Game Developer; Senior Game Developer; Game Developer Consultant,Senior Developer; Tech Lead; Software Architect; Engineering Manager,Not available
33,API Developer,Software & Web Development,"API Developer professionals software professionals design, develop, test and maintain applications and websites. They work with programming languages, frameworks, databases and development tools.",Programming; Data Structures; SQL; Git; Debugging; APIs; Problem Solving,BCA/BSc CS/BTech CS or equivalent; strong portfolio can support entry,Python Certification; Java Certification; Meta Front-End Certificate; AWS Cloud Practitioner,₹3–7 LPA entry-level; ₹10–30+ LPA experienced (Estimated),High,1. Learn fundamentals; 2. Build role-specific skills; 3. Complete projects or practical training; 4. Gain internship/entry-level experience; 5. Develop a specialization; 6. Move into senior or lead responsibilities,API Developer; Junior API Developer; Senior API Developer; API Developer Consultant,Senior Developer; Tech Lead; Software Architect; Engineering Manager,Not available
34,DevOps Software Engineer,Software & Web Development,"DevOps Software Engineer professionals software professionals design, develop, test and maintain applications and websites. They work with programming languages, frameworks, databases and development tools.",Programming; Data Structures; SQL; Git; Debugging; APIs; Problem Solving,BCA/BSc CS/BTech CS or equivalent; strong portfolio can support entry,Python Certification; Java Certification; Meta Front-End Certificate; AWS Cloud Practitioner,₹3–7 LPA entry-level; ₹10–30+ LPA experienced (Estimated),High,1. Learn fundamentals; 2. Build role-specific skills; 3. Complete projects or practical training; 4. Gain internship/entry-level experience; 5. Develop a specialization; 6. Move into senior or lead responsibilities,DevOps Software Engineer; Junior DevOps Software Engineer; Senior DevOps Software Engineer; DevOps Software Engineer Consultant,Senior Developer; Tech Lead; Software Architect; Engineering Manager,Not available
35,QA Automation Engineer,Software & Web Development,"QA Automation Engineer professionals software professionals design, develop, test and maintain applications and websites. They work with programming languages, frameworks, databases and development tools.",Programming; Data Structures; SQL; Git; Debugging; APIs; Problem Solving,BCA/BSc CS/BTech CS or equivalent; strong portfolio can support entry,Python Certification; Java Certification; Meta Front-End Certificate; AWS Cloud Practitioner,₹3–7 LPA entry-level; ₹10–30+ LPA experienced (Estimated),High,1. Learn fundamentals; 2. Build role-specific skills; 3. Complete projects or practical training; 4. Gain internship/entry-level experience; 5. Develop a specialization; 6. Move into senior or lead responsibilities,QA Automation Engineer; Junior QA Automation Engineer; Senior QA Automation Engineer; QA Automation Engineer Consultant,Senior Developer; Tech Lead; Software Architect; Engineering Manager,Not available
36,Data Analyst,Data Science & Analytics,"Data Analyst professionals analytics professionals turn data into useful insights for business and decision-making. Work includes data cleaning, analysis, visualization, reporting and predictive modeling.",SQL; Python; Excel; Statistics; Data Visualization; Power BI/Tableau; Communication,"BCA/BSc/BTech/MCA/MSc in CS, Data Science, Statistics, Mathematics or related field",Google Data Analytics; Microsoft Power BI Data Analyst; IBM Data Science; Tableau Certification,₹3–7 LPA entry-level; ₹10–30+ LPA experienced (Estimated),High,1. Learn fundamentals; 2. Build role-specific skills; 3. Complete projects or practical training; 4. Gain internship/entry-level experience; 5. Develop a specialization; 6. Move into senior or lead responsibilities,Data Analyst; Junior Data Analyst; Senior Data Analyst; Data Analyst Consultant,Senior Data Analyst; Analytics Lead; Data Scientist; Analytics Manager,15-2051.00
37,Data Scientist,Data Science & Analytics,"Data Scientist professionals analytics professionals turn data into useful insights for business and decision-making. Work includes data cleaning, analysis, visualization, reporting and predictive modeling.",SQL; Python; Excel; Statistics; Data Visualization; Power BI/Tableau; Communication,"BCA/BSc/BTech/MCA/MSc in CS, Data Science, Statistics, Mathematics or related field",Google Data Analytics; Microsoft Power BI Data Analyst; IBM Data Science; Tableau Certification,₹3–7 LPA entry-level; ₹10–30+ LPA experienced (Estimated),High,1. Learn fundamentals; 2. Build role-specific skills; 3. Complete projects or practical training; 4. Gain internship/entry-level experience; 5. Develop a specialization; 6. Move into senior or lead responsibilities,Data Scientist; Junior Data Scientist; Senior Data Scientist; Data Scientist Consultant,Senior Data Analyst; Analytics Lead; Data Scientist; Analytics Manager,15-2051.00
38,Business Intelligence Analyst,Data Science & Analytics,"Business Intelligence Analyst professionals analytics professionals turn data into useful insights for business and decision-making. Work includes data cleaning, analysis, visualization, reporting and predictive modeling.",SQL; Python; Excel; Statistics; Data Visualization; Power BI/Tableau; Communication,"BCA/BSc/BTech/MCA/MSc in CS, Data Science, Statistics, Mathematics or related field",Google Data Analytics; Microsoft Power BI Data Analyst; IBM Data Science; Tableau Certification,₹3–7 LPA entry-level; ₹10–30+ LPA experienced (Estimated),High,1. Learn fundamentals; 2. Build role-specific skills; 3. Complete projects or practical training; 4. Gain internship/entry-level experience; 5. Develop a specialization; 6. Move into senior or lead responsibilities,Business Intelligence Analyst; Junior Business Intelligence Analyst; Senior Business Intelligence Analyst; Business Intelligence Analyst Consultant,Senior Data Analyst; Analytics Lead; Data Scientist; Analytics Manager,Not available
39,Data Engineer,Data Science & Analytics,"Data Engineer professionals analytics professionals turn data into useful insights for business and decision-making. Work includes data cleaning, analysis, visualization, reporting and predictive modeling.",SQL; Python; Excel; Statistics; Data Visualization; Power BI/Tableau; Communication,"BCA/BSc/BTech/MCA/MSc in CS, Data Science, Statistics, Mathematics or related field",Google Data Analytics; Microsoft Power BI Data Analyst; IBM Data Science; Tableau Certification,₹3–7 LPA entry-level; ₹10–30+ LPA experienced (Estimated),High,1. Learn fundamentals; 2. Build role-specific skills; 3. Complete projects or practical training; 4. Gain internship/entry-level experience; 5. Develop a specialization; 6. Move into senior or lead responsibilities,Data Engineer; Junior Data Engineer; Senior Data Engineer; Data Engineer Consultant,Senior Data Analyst; Analytics Lead; Data Scientist; Analytics Manager,Not available
40,Data Visualization Analyst,Data Science & Analytics,"Data Visualization Analyst professionals analytics professionals turn data into useful insights for business and decision-making. Work includes data cleaning, analysis, visualization, reporting and predictive modeling.",SQL; Python; Excel; Statistics; Data Visualization; Power BI/Tableau; Communication,"BCA/BSc/BTech/MCA/MSc in CS, Data Science, Statistics, Mathematics or related field",Google Data Analytics; Microsoft Power BI Data Analyst; IBM Data Science; Tableau Certification,₹3–7 LPA entry-level; ₹10–30+ LPA experienced (Estimated),High,1. Learn fundamentals; 2. Build role-specific skills; 3. Complete projects or practical training; 4. Gain internship/entry-level experience; 5. Develop a specialization; 6. Move into senior or lead responsibilities,Data Visualization Analyst; Junior Data Visualization Analyst; Senior Data Visualization Analyst; Data Visualization Analyst Consultant,Senior Data Analyst; Analytics Lead; Data Scientist; Analytics Manager,Not available
41,BI Developer,Data Science & Analytics,"BI Developer professionals analytics professionals turn data into useful insights for business and decision-making. Work includes data cleaning, analysis, visualization, reporting and predictive modeling.",SQL; Python; Excel; Statistics; Data Visualization; Power BI/Tableau; Communication,"BCA/BSc/BTech/MCA/MSc in CS, Data Science, Statistics, Mathematics or related field",Google Data Analytics; Microsoft Power BI Data Analyst; IBM Data Science; Tableau Certification,₹3–7 LPA entry-level; ₹10–30+ LPA experienced (Estimated),High,1. Learn fundamentals; 2. Build role-specific skills; 3. Complete projects or practical training; 4. Gain internship/entry-level experience; 5. Develop a specialization; 6. Move into senior or lead responsibilities,BI Developer; Junior BI Developer; Senior BI Developer; BI Developer Consultant,Senior Data Analyst; Analytics Lead; Data Scientist; Analytics Manager,Not available
42,Analytics Consultant,Data Science & Analytics,"Analytics Consultant professionals analytics professionals turn data into useful insights for business and decision-making. Work includes data cleaning, analysis, visualization, reporting and predictive modeling.",SQL; Python; Excel; Statistics; Data Visualization; Power BI/Tableau; Communication,"BCA/BSc/BTech/MCA/MSc in CS, Data Science, Statistics, Mathematics or related field",Google Data Analytics; Microsoft Power BI Data Analyst; IBM Data Science; Tableau Certification,₹3–7 LPA entry-level; ₹10–30+ LPA experienced (Estimated),High,1. Learn fundamentals; 2. Build role-specific skills; 3. Complete projects or practical training; 4. Gain internship/entry-level experience; 5. Develop a specialization; 6. Move into senior or lead responsibilities,Analytics Consultant; Junior Analytics Consultant; Senior Analytics Consultant; Analytics Consultant Consultant,Senior Data Analyst; Analytics Lead; Data Scientist; Analytics Manager,Not available
43,Product Data Analyst,Data Science & Analytics,"Product Data Analyst professionals analytics professionals turn data into useful insights for business and decision-making. Work includes data cleaning, analysis, visualization, reporting and predictive modeling.",SQL; Python; Excel; Statistics; Data Visualization; Power BI/Tableau; Communication,"BCA/BSc/BTech/MCA/MSc in CS, Data Science, Statistics, Mathematics or related field",Google Data Analytics; Microsoft Power BI Data Analyst; IBM Data Science; Tableau Certification,₹3–7 LPA entry-level; ₹10–30+ LPA experienced (Estimated),High,1. Learn fundamentals; 2. Build role-specific skills; 3. Complete projects or practical training; 4. Gain internship/entry-level experience; 5. Develop a specialization; 6. Move into senior or lead responsibilities,Product Data Analyst; Junior Product Data Analyst; Senior Product Data Analyst; Product Data Analyst Consultant,Senior Data Analyst; Analytics Lead; Data Scientist; Analytics Manager,Not available
44,Marketing Data Analyst,Data Science & Analytics,"Marketing Data Analyst professionals analytics professionals turn data into useful insights for business and decision-making. Work includes data cleaning, analysis, visualization, reporting and predictive modeling.",SQL; Python; Excel; Statistics; Data Visualization; Power BI/Tableau; Communication,"BCA/BSc/BTech/MCA/MSc in CS, Data Science, Statistics, Mathematics or related field",Google Data Analytics; Microsoft Power BI Data Analyst; IBM Data Science; Tableau Certification,₹3–7 LPA entry-level; ₹10–30+ LPA experienced (Estimated),High,1. Learn fundamentals; 2. Build role-specific skills; 3. Complete projects or practical training; 4. Gain internship/entry-level experience; 5. Develop a specialization; 6. Move into senior or lead responsibilities,Marketing Data Analyst; Junior Marketing Data Analyst; Senior Marketing Data Analyst; Marketing Data Analyst Consultant,Senior Data Analyst; Analytics Lead; Data Scientist; Analytics Manager,Not available
45,Financial Data Analyst,Data Science & Analytics,"Financial Data Analyst professionals analytics professionals turn data into useful insights for business and decision-making. Work includes data cleaning, analysis, visualization, reporting and predictive modeling.",SQL; Python; Excel; Statistics; Data Visualization; Power BI/Tableau; Communication,"BCA/BSc/BTech/MCA/MSc in CS, Data Science, Statistics, Mathematics or related field",Google Data Analytics; Microsoft Power BI Data Analyst; IBM Data Science; Tableau Certification,₹3–7 LPA entry-level; ₹10–30+ LPA experienced (Estimated),High,1. Learn fundamentals; 2. Build role-specific skills; 3. Complete projects or practical training; 4. Gain internship/entry-level experience; 5. Develop a specialization; 6. Move into senior or lead responsibilities,Financial Data Analyst; Junior Financial Data Analyst; Senior Financial Data Analyst; Financial Data Analyst Consultant,Senior Data Analyst; Analytics Lead; Data Scientist; Analytics Manager,Not available
46,Operations Data Analyst,Data Science & Analytics,"Operations Data Analyst professionals analytics professionals turn data into useful insights for business and decision-making. Work includes data cleaning, analysis, visualization, reporting and predictive modeling.",SQL; Python; Excel; Statistics; Data Visualization; Power BI/Tableau; Communication,"BCA/BSc/BTech/MCA/MSc in CS, Data Science, Statistics, Mathematics or related field",Google Data Analytics; Microsoft Power BI Data Analyst; IBM Data Science; Tableau Certification,₹3–7 LPA entry-level; ₹10–30+ LPA experienced (Estimated),High,1. Learn fundamentals; 2. Build role-specific skills; 3. Complete projects or practical training; 4. Gain internship/entry-level experience; 5. Develop a specialization; 6. Move into senior or lead responsibilities,Operations Data Analyst; Junior Operations Data Analyst; Senior Operations Data Analyst; Operations Data Analyst Consultant,Senior Data Analyst; Analytics Lead; Data Scientist; Analytics Manager,Not available
47,Research Data Analyst,Data Science & Analytics,"Research Data Analyst professionals analytics professionals turn data into useful insights for business and decision-making. Work includes data cleaning, analysis, visualization, reporting and predictive modeling.",SQL; Python; Excel; Statistics; Data Visualization; Power BI/Tableau; Communication,"BCA/BSc/BTech/MCA/MSc in CS, Data Science, Statistics, Mathematics or related field",Google Data Analytics; Microsoft Power BI Data Analyst; IBM Data Science; Tableau Certification,₹3–7 LPA entry-level; ₹10–30+ LPA experienced (Estimated),High,1. Learn fundamentals; 2. Build role-specific skills; 3. Complete projects or practical training; 4. Gain internship/entry-level experience; 5. Develop a specialization; 6. Move into senior or lead responsibilities,Research Data Analyst; Junior Research Data Analyst; Senior Research Data Analyst; Research Data Analyst Consultant,Senior Data Analyst; Analytics Lead; Data Scientist; Analytics Manager,Not available
48,Database Analyst,Data Science & Analytics,"Database Analyst professionals analytics professionals turn data into useful insights for business and decision-making. Work includes data cleaning, analysis, visualization, reporting and predictive modeling.",SQL; Python; Excel; Statistics; Data Visualization; Power BI/Tableau; Communication,"BCA/BSc/BTech/MCA/MSc in CS, Data Science, Statistics, Mathematics or related field",Google Data Analytics; Microsoft Power BI Data Analyst; IBM Data Science; Tableau Certification,₹3–7 LPA entry-level; ₹10–30+ LPA experienced (Estimated),High,1. Learn fundamentals; 2. Build role-specific skills; 3. Complete projects or practical training; 4. Gain internship/entry-level experience; 5. Develop a specialization; 6. Move into senior or lead responsibilities,Database Analyst; Junior Database Analyst; Senior Database Analyst; Database Analyst Consultant,Senior Data Analyst; Analytics Lead; Data Scientist; Analytics Manager,Not available
49,Reporting Analyst,Data Science & Analytics,"Reporting Analyst professionals analytics professionals turn data into useful insights for business and decision-making. Work includes data cleaning, analysis, visualization, reporting and predictive modeling.",SQL; Python; Excel; Statistics; Data Visualization; Power BI/Tableau; Communication,"BCA/BSc/BTech/MCA/MSc in CS, Data Science, Statistics, Mathematics or related field",Google Data Analytics; Microsoft Power BI Data Analyst; IBM Data Science; Tableau Certification,₹3–7 LPA entry-level; ₹10–30+ LPA experienced (Estimated),High,1. Learn fundamentals; 2. Build role-specific skills; 3. Complete projects or practical training; 4. Gain internship/entry-level experience; 5. Develop a specialization; 6. Move into senior or lead responsibilities,Reporting Analyst; Junior Reporting Analyst; Senior Reporting Analyst; Reporting Analyst Consultant,Senior Data Analyst; Analytics Lead; Data Scientist; Analytics Manager,Not available
50,Data Quality Analyst,Data Science & Analytics,"Data Quality Analyst professionals analytics professionals turn data into useful insights for business and decision-making. Work includes data cleaning, analysis, visualization, reporting and predictive modeling.",SQL; Python; Excel; Statistics; Data Visualization; Power BI/Tableau; Communication,"BCA/BSc/BTech/MCA/MSc in CS, Data Science, Statistics, Mathematics or related field",Google Data Analytics; Microsoft Power BI Data Analyst; IBM Data Science; Tableau Certification,₹3–7 LPA entry-level; ₹10–30+ LPA experienced (Estimated),High,1. Learn fundamentals; 2. Build role-specific skills; 3. Complete projects or practical training; 4. Gain internship/entry-level experience; 5. Develop a specialization; 6. Move into senior or lead responsibilities,Data Quality Analyst; Junior Data Quality Analyst; Senior Data Quality Analyst; Data Quality Analyst Consultant,Senior Data Analyst; Analytics Lead; Data Scientist; Analytics Manager,Not available
51,Machine Learning Engineer,Artificial Intelligence & Machine Learning,"Machine Learning Engineer professionals aI professionals build systems that learn from data or automate intelligent tasks. Roles cover machine learning, generative AI, language, vision and AI deployment.",Python; Machine Learning; Statistics; SQL; Deep Learning; Model Evaluation; Problem Solving,"BTech/BSc/MSc/MCA in CS, AI, Data Science, Mathematics or related field",Google Machine Learning; AWS Machine Learning; TensorFlow Certificate; Microsoft Azure AI Fundamentals,₹4–10 LPA entry-level; ₹15–40+ LPA experienced (Estimated),High,1. Learn fundamentals; 2. Build role-specific skills; 3. Complete projects or practical training; 4. Gain internship/entry-level experience; 5. Develop a specialization; 6. Move into senior or lead responsibilities,Machine Learning Engineer; Junior Machine Learning Engineer; Senior Machine Learning Engineer; Machine Learning Engineer Consultant,Senior AI Engineer; ML Lead; AI Architect; AI Product Manager,Not available
52,AI Engineer,Artificial Intelligence & Machine Learning,"AI Engineer professionals aI professionals build systems that learn from data or automate intelligent tasks. Roles cover machine learning, generative AI, language, vision and AI deployment.",Python; Machine Learning; Statistics; SQL; Deep Learning; Model Evaluation; Problem Solving,"BTech/BSc/MSc/MCA in CS, AI, Data Science, Mathematics or related field",Google Machine Learning; AWS Machine Learning; TensorFlow Certificate; Microsoft Azure AI Fundamentals,₹4–10 LPA entry-level; ₹15–40+ LPA experienced (Estimated),High,1. Learn fundamentals; 2. Build role-specific skills; 3. Complete projects or practical training; 4. Gain internship/entry-level experience; 5. Develop a specialization; 6. Move into senior or lead responsibilities,AI Engineer; Junior AI Engineer; Senior AI Engineer; AI Engineer Consultant,Senior AI Engineer; ML Lead; AI Architect; AI Product Manager,Not available
53,Deep Learning Engineer,Artificial Intelligence & Machine Learning,"Deep Learning Engineer professionals aI professionals build systems that learn from data or automate intelligent tasks. Roles cover machine learning, generative AI, language, vision and AI deployment.",Python; Machine Learning; Statistics; SQL; Deep Learning; Model Evaluation; Problem Solving,"BTech/BSc/MSc/MCA in CS, AI, Data Science, Mathematics or related field",Google Machine Learning; AWS Machine Learning; TensorFlow Certificate; Microsoft Azure AI Fundamentals,₹4–10 LPA entry-level; ₹15–40+ LPA experienced (Estimated),High,1. Learn fundamentals; 2. Build role-specific skills; 3. Complete projects or practical training; 4. Gain internship/entry-level experience; 5. Develop a specialization; 6. Move into senior or lead responsibilities,Deep Learning Engineer; Junior Deep Learning Engineer; Senior Deep Learning Engineer; Deep Learning Engineer Consultant,Senior AI Engineer; ML Lead; AI Architect; AI Product Manager,Not available
54,NLP Engineer,Artificial Intelligence & Machine Learning,"NLP Engineer professionals aI professionals build systems that learn from data or automate intelligent tasks. Roles cover machine learning, generative AI, language, vision and AI deployment.",Python; Machine Learning; Statistics; SQL; Deep Learning; Model Evaluation; Problem Solving,"BTech/BSc/MSc/MCA in CS, AI, Data Science, Mathematics or related field",Google Machine Learning; AWS Machine Learning; TensorFlow Certificate; Microsoft Azure AI Fundamentals,₹4–10 LPA entry-level; ₹15–40+ LPA experienced (Estimated),High,1. Learn fundamentals; 2. Build role-specific skills; 3. Complete projects or practical training; 4. Gain internship/entry-level experience; 5. Develop a specialization; 6. Move into senior or lead responsibilities,NLP Engineer; Junior NLP Engineer; Senior NLP Engineer; NLP Engineer Consultant,Senior AI Engineer; ML Lead; AI Architect; AI Product Manager,Not available
55,Computer Vision Engineer,Artificial Intelligence & Machine Learning,"Computer Vision Engineer professionals aI professionals build systems that learn from data or automate intelligent tasks. Roles cover machine learning, generative AI, language, vision and AI deployment.",Python; Machine Learning; Statistics; SQL; Deep Learning; Model Evaluation; Problem Solving,"BTech/BSc/MSc/MCA in CS, AI, Data Science, Mathematics or related field",Google Machine Learning; AWS Machine Learning; TensorFlow Certificate; Microsoft Azure AI Fundamentals,₹4–10 LPA entry-level; ₹15–40+ LPA experienced (Estimated),High,1. Learn fundamentals; 2. Build role-specific skills; 3. Complete projects or practical training; 4. Gain internship/entry-level experience; 5. Develop a specialization; 6. Move into senior or lead responsibilities,Computer Vision Engineer; Junior Computer Vision Engineer; Senior Computer Vision Engineer; Computer Vision Engineer Consultant,Senior AI Engineer; ML Lead; AI Architect; AI Product Manager,Not available
56,AI Research Scientist,Artificial Intelligence & Machine Learning,"AI Research Scientist professionals aI professionals build systems that learn from data or automate intelligent tasks. Roles cover machine learning, generative AI, language, vision and AI deployment.",Python; Machine Learning; Statistics; SQL; Deep Learning; Model Evaluation; Problem Solving,"BTech/BSc/MSc/MCA in CS, AI, Data Science, Mathematics or related field",Google Machine Learning; AWS Machine Learning; TensorFlow Certificate; Microsoft Azure AI Fundamentals,₹4–10 LPA entry-level; ₹15–40+ LPA experienced (Estimated),High,1. Learn fundamentals; 2. Build role-specific skills; 3. Complete projects or practical training; 4. Gain internship/entry-level experience; 5. Develop a specialization; 6. Move into senior or lead responsibilities,AI Research Scientist; Junior AI Research Scientist; Senior AI Research Scientist; AI Research Scientist Consultant,Senior AI Engineer; ML Lead; AI Architect; AI Product Manager,Not available
57,Generative AI Engineer,Artificial Intelligence & Machine Learning,"Generative AI Engineer professionals aI professionals build systems that learn from data or automate intelligent tasks. Roles cover machine learning, generative AI, language, vision and AI deployment.",Python; Machine Learning; Statistics; SQL; Deep Learning; Model Evaluation; Problem Solving,"BTech/BSc/MSc/MCA in CS, AI, Data Science, Mathematics or related field",Google Machine Learning; AWS Machine Learning; TensorFlow Certificate; Microsoft Azure AI Fundamentals,₹4–10 LPA entry-level; ₹15–40+ LPA experienced (Estimated),High,1. Learn fundamentals; 2. Build role-specific skills; 3. Complete projects or practical training; 4. Gain internship/entry-level experience; 5. Develop a specialization; 6. Move into senior or lead responsibilities,Generative AI Engineer; Junior Generative AI Engineer; Senior Generative AI Engineer; Generative AI Engineer Consultant,Senior AI Engineer; ML Lead; AI Architect; AI Product Manager,Not available
58,MLOps Engineer,Artificial Intelligence & Machine Learning,"MLOps Engineer professionals aI professionals build systems that learn from data or automate intelligent tasks. Roles cover machine learning, generative AI, language, vision and AI deployment.",Python; Machine Learning; Statistics; SQL; Deep Learning; Model Evaluation; Problem Solving,"BTech/BSc/MSc/MCA in CS, AI, Data Science, Mathematics or related field",Google Machine Learning; AWS Machine Learning; TensorFlow Certificate; Microsoft Azure AI Fundamentals,₹4–10 LPA entry-level; ₹15–40+ LPA experienced (Estimated),High,1. Learn fundamentals; 2. Build role-specific skills; 3. Complete projects or practical training; 4. Gain internship/entry-level experience; 5. Develop a specialization; 6. Move into senior or lead responsibilities,MLOps Engineer; Junior MLOps Engineer; Senior MLOps Engineer; MLOps Engineer Consultant,Senior AI Engineer; ML Lead; AI Architect; AI Product Manager,Not available
59,AI Product Manager,Artificial Intelligence & Machine Learning,"AI Product Manager professionals aI professionals build systems that learn from data or automate intelligent tasks. Roles cover machine learning, generative AI, language, vision and AI deployment.",Python; Machine Learning; Statistics; SQL; Deep Learning; Model Evaluation; Problem Solving,"BTech/BSc/MSc/MCA in CS, AI, Data Science, Mathematics or related field",Google Machine Learning; AWS Machine Learning; TensorFlow Certificate; Microsoft Azure AI Fundamentals,₹4–10 LPA entry-level; ₹15–40+ LPA experienced (Estimated),High,1. Learn fundamentals; 2. Build role-specific skills; 3. Complete projects or practical training; 4. Gain internship/entry-level experience; 5. Develop a specialization; 6. Move into senior or lead responsibilities,AI Product Manager; Junior AI Product Manager; Senior AI Product Manager; AI Product Manager Consultant,Senior AI Engineer; ML Lead; AI Architect; AI Product Manager,Not available
60,AI Solutions Architect,Artificial Intelligence & Machine Learning,"AI Solutions Architect professionals aI professionals build systems that learn from data or automate intelligent tasks. Roles cover machine learning, generative AI, language, vision and AI deployment.",Python; Machine Learning; Statistics; SQL; Deep Learning; Model Evaluation; Problem Solving,"BTech/BSc/MSc/MCA in CS, AI, Data Science, Mathematics or related field",Google Machine Learning; AWS Machine Learning; TensorFlow Certificate; Microsoft Azure AI Fundamentals,₹4–10 LPA entry-level; ₹15–40+ LPA experienced (Estimated),High,1. Learn fundamentals; 2. Build role-specific skills; 3. Complete projects or practical training; 4. Gain internship/entry-level experience; 5. Develop a specialization; 6. Move into senior or lead responsibilities,AI Solutions Architect; Junior AI Solutions Architect; Senior AI Solutions Architect; AI Solutions Architect Consultant,Senior AI Engineer; ML Lead; AI Architect; AI Product Manager,Not available
61,Machine Learning Scientist,Artificial Intelligence & Machine Learning,"Machine Learning Scientist professionals aI professionals build systems that learn from data or automate intelligent tasks. Roles cover machine learning, generative AI, language, vision and AI deployment.",Python; Machine Learning; Statistics; SQL; Deep Learning; Model Evaluation; Problem Solving,"BTech/BSc/MSc/MCA in CS, AI, Data Science, Mathematics or related field",Google Machine Learning; AWS Machine Learning; TensorFlow Certificate; Microsoft Azure AI Fundamentals,₹4–10 LPA entry-level; ₹15–40+ LPA experienced (Estimated),High,1. Learn fundamentals; 2. Build role-specific skills; 3. Complete projects or practical training; 4. Gain internship/entry-level experience; 5. Develop a specialization; 6. Move into senior or lead responsibilities,Machine Learning Scientist; Junior Machine Learning Scientist; Senior Machine Learning Scientist; Machine Learning Scientist Consultant,Senior AI Engineer; ML Lead; AI Architect; AI Product Manager,Not available
62,Prompt Engineer,Artificial Intelligence & Machine Learning,"Prompt Engineer professionals aI professionals build systems that learn from data or automate intelligent tasks. Roles cover machine learning, generative AI, language, vision and AI deployment.",Python; Machine Learning; Statistics; SQL; Deep Learning; Model Evaluation; Problem Solving,"BTech/BSc/MSc/MCA in CS, AI, Data Science, Mathematics or related field",Google Machine Learning; AWS Machine Learning; TensorFlow Certificate; Microsoft Azure AI Fundamentals,₹4–10 LPA entry-level; ₹15–40+ LPA experienced (Estimated),High,1. Learn fundamentals; 2. Build role-specific skills; 3. Complete projects or practical training; 4. Gain internship/entry-level experience; 5. Develop a specialization; 6. Move into senior or lead responsibilities,Prompt Engineer; Junior Prompt Engineer; Senior Prompt Engineer; Prompt Engineer Consultant,Senior AI Engineer; ML Lead; AI Architect; AI Product Manager,Not available
63,AI Data Specialist,Artificial Intelligence & Machine Learning,"AI Data Specialist professionals aI professionals build systems that learn from data or automate intelligent tasks. Roles cover machine learning, generative AI, language, vision and AI deployment.",Python; Machine Learning; Statistics; SQL; Deep Learning; Model Evaluation; Problem Solving,"BTech/BSc/MSc/MCA in CS, AI, Data Science, Mathematics or related field",Google Machine Learning; AWS Machine Learning; TensorFlow Certificate; Microsoft Azure AI Fundamentals,₹4–10 LPA entry-level; ₹15–40+ LPA experienced (Estimated),High,1. Learn fundamentals; 2. Build role-specific skills; 3. Complete projects or practical training; 4. Gain internship/entry-level experience; 5. Develop a specialization; 6. Move into senior or lead responsibilities,AI Data Specialist; Junior AI Data Specialist; Senior AI Data Specialist; AI Data Specialist Consultant,Senior AI Engineer; ML Lead; AI Architect; AI Product Manager,Not available
64,Robotics AI Engineer,Artificial Intelligence & Machine Learning,"Robotics AI Engineer professionals aI professionals build systems that learn from data or automate intelligent tasks. Roles cover machine learning, generative AI, language, vision and AI deployment.",Python; Machine Learning; Statistics; SQL; Deep Learning; Model Evaluation; Problem Solving,"BTech/BSc/MSc/MCA in CS, AI, Data Science, Mathematics or related field",Google Machine Learning; AWS Machine Learning; TensorFlow Certificate; Microsoft Azure AI Fundamentals,₹4–10 LPA entry-level; ₹15–40+ LPA experienced (Estimated),High,1. Learn fundamentals; 2. Build role-specific skills; 3. Complete projects or practical training; 4. Gain internship/entry-level experience; 5. Develop a specialization; 6. Move into senior or lead responsibilities,Robotics AI Engineer; Junior Robotics AI Engineer; Senior Robotics AI Engineer; Robotics AI Engineer Consultant,Senior AI Engineer; ML Lead; AI Architect; AI Product Manager,Not available
65,AI Consultant,Artificial Intelligence & Machine Learning,"AI Consultant professionals aI professionals build systems that learn from data or automate intelligent tasks. Roles cover machine learning, generative AI, language, vision and AI deployment.",Python; Machine Learning; Statistics; SQL; Deep Learning; Model Evaluation; Problem Solving,"BTech/BSc/MSc/MCA in CS, AI, Data Science, Mathematics or related field",Google Machine Learning; AWS Machine Learning; TensorFlow Certificate; Microsoft Azure AI Fundamentals,₹4–10 LPA entry-level; ₹15–40+ LPA experienced (Estimated),High,1. Learn fundamentals; 2. Build role-specific skills; 3. Complete projects or practical training; 4. Gain internship/entry-level experience; 5. Develop a specialization; 6. Move into senior or lead responsibilities,AI Consultant; Junior AI Consultant; Senior AI Consultant; AI Consultant Consultant,Senior AI Engineer; ML Lead; AI Architect; AI Product Manager,Not available
66,Cybersecurity Analyst,Cybersecurity,"Cybersecurity Analyst professionals cybersecurity professionals protect systems, networks, applications and data from security threats. Work includes monitoring, testing, incident response, governance and risk management.",Networking; Linux; Security Fundamentals; Python; Incident Response; Risk Assessment; Problem Solving,BCA/BSc CS/BTech CS or cybersecurity-related degree/certification,CompTIA Security+; CEH; Google Cybersecurity Certificate; AWS Security Specialty,₹3–7 LPA entry-level; ₹12–30+ LPA experienced (Estimated),High,1. Learn fundamentals; 2. Build role-specific skills; 3. Complete projects or practical training; 4. Gain internship/entry-level experience; 5. Develop a specialization; 6. Move into senior or lead responsibilities,Cybersecurity Analyst; Junior Cybersecurity Analyst; Senior Cybersecurity Analyst; Cybersecurity Analyst Consultant,Senior Security Analyst; Security Lead; Security Architect; Cybersecurity Manager,Not available
67,Security Engineer,Cybersecurity,"Security Engineer professionals cybersecurity professionals protect systems, networks, applications and data from security threats. Work includes monitoring, testing, incident response, governance and risk management.",Networking; Linux; Security Fundamentals; Python; Incident Response; Risk Assessment; Problem Solving,BCA/BSc CS/BTech CS or cybersecurity-related degree/certification,CompTIA Security+; CEH; Google Cybersecurity Certificate; AWS Security Specialty,₹3–7 LPA entry-level; ₹12–30+ LPA experienced (Estimated),High,1. Learn fundamentals; 2. Build role-specific skills; 3. Complete projects or practical training; 4. Gain internship/entry-level experience; 5. Develop a specialization; 6. Move into senior or lead responsibilities,Security Engineer; Junior Security Engineer; Senior Security Engineer; Security Engineer Consultant,Senior Security Analyst; Security Lead; Security Architect; Cybersecurity Manager,Not available
68,Security Consultant,Cybersecurity,"Security Consultant professionals cybersecurity professionals protect systems, networks, applications and data from security threats. Work includes monitoring, testing, incident response, governance and risk management.",Networking; Linux; Security Fundamentals; Python; Incident Response; Risk Assessment; Problem Solving,BCA/BSc CS/BTech CS or cybersecurity-related degree/certification,CompTIA Security+; CEH; Google Cybersecurity Certificate; AWS Security Specialty,₹3–7 LPA entry-level; ₹12–30+ LPA experienced (Estimated),High,1. Learn fundamentals; 2. Build role-specific skills; 3. Complete projects or practical training; 4. Gain internship/entry-level experience; 5. Develop a specialization; 6. Move into senior or lead responsibilities,Security Consultant; Junior Security Consultant; Senior Security Consultant; Security Consultant Consultant,Senior Security Analyst; Security Lead; Security Architect; Cybersecurity Manager,Not available
69,SOC Analyst,Cybersecurity,"SOC Analyst professionals cybersecurity professionals protect systems, networks, applications and data from security threats. Work includes monitoring, testing, incident response, governance and risk management.",Networking; Linux; Security Fundamentals; Python; Incident Response; Risk Assessment; Problem Solving,BCA/BSc CS/BTech CS or cybersecurity-related degree/certification,CompTIA Security+; CEH; Google Cybersecurity Certificate; AWS Security Specialty,₹3–7 LPA entry-level; ₹12–30+ LPA experienced (Estimated),High,1. Learn fundamentals; 2. Build role-specific skills; 3. Complete projects or practical training; 4. Gain internship/entry-level experience; 5. Develop a specialization; 6. Move into senior or lead responsibilities,SOC Analyst; Junior SOC Analyst; Senior SOC Analyst; SOC Analyst Consultant,Senior Security Analyst; Security Lead; Security Architect; Cybersecurity Manager,Not available
70,Penetration Tester,Cybersecurity,"Penetration Tester professionals cybersecurity professionals protect systems, networks, applications and data from security threats. Work includes monitoring, testing, incident response, governance and risk management.",Networking; Linux; Security Fundamentals; Python; Incident Response; Risk Assessment; Problem Solving,BCA/BSc CS/BTech CS or cybersecurity-related degree/certification,CompTIA Security+; CEH; Google Cybersecurity Certificate; AWS Security Specialty,₹3–7 LPA entry-level; ₹12–30+ LPA experienced (Estimated),High,1. Learn fundamentals; 2. Build role-specific skills; 3. Complete projects or practical training; 4. Gain internship/entry-level experience; 5. Develop a specialization; 6. Move into senior or lead responsibilities,Penetration Tester; Junior Penetration Tester; Senior Penetration Tester; Penetration Tester Consultant,Senior Security Analyst; Security Lead; Security Architect; Cybersecurity Manager,Not available
71,Ethical Hacker,Cybersecurity,"Ethical Hacker professionals cybersecurity professionals protect systems, networks, applications and data from security threats. Work includes monitoring, testing, incident response, governance and risk management.",Networking; Linux; Security Fundamentals; Python; Incident Response; Risk Assessment; Problem Solving,BCA/BSc CS/BTech CS or cybersecurity-related degree/certification,CompTIA Security+; CEH; Google Cybersecurity Certificate; AWS Security Specialty,₹3–7 LPA entry-level; ₹12–30+ LPA experienced (Estimated),High,1. Learn fundamentals; 2. Build role-specific skills; 3. Complete projects or practical training; 4. Gain internship/entry-level experience; 5. Develop a specialization; 6. Move into senior or lead responsibilities,Ethical Hacker; Junior Ethical Hacker; Senior Ethical Hacker; Ethical Hacker Consultant,Senior Security Analyst; Security Lead; Security Architect; Cybersecurity Manager,Not available
72,Cloud Security Engineer,Cybersecurity,"Cloud Security Engineer professionals cybersecurity professionals protect systems, networks, applications and data from security threats. Work includes monitoring, testing, incident response, governance and risk management.",Networking; Linux; Security Fundamentals; Python; Incident Response; Risk Assessment; Problem Solving,BCA/BSc CS/BTech CS or cybersecurity-related degree/certification,CompTIA Security+; CEH; Google Cybersecurity Certificate; AWS Security Specialty,₹3–7 LPA entry-level; ₹12–30+ LPA experienced (Estimated),High,1. Learn fundamentals; 2. Build role-specific skills; 3. Complete projects or practical training; 4. Gain internship/entry-level experience; 5. Develop a specialization; 6. Move into senior or lead responsibilities,Cloud Security Engineer; Junior Cloud Security Engineer; Senior Cloud Security Engineer; Cloud Security Engineer Consultant,Senior Security Analyst; Security Lead; Security Architect; Cybersecurity Manager,Not available
73,Application Security Engineer,Cybersecurity,"Application Security Engineer professionals cybersecurity professionals protect systems, networks, applications and data from security threats. Work includes monitoring, testing, incident response, governance and risk management.",Networking; Linux; Security Fundamentals; Python; Incident Response; Risk Assessment; Problem Solving,BCA/BSc CS/BTech CS or cybersecurity-related degree/certification,CompTIA Security+; CEH; Google Cybersecurity Certificate; AWS Security Specialty,₹3–7 LPA entry-level; ₹12–30+ LPA experienced (Estimated),High,1. Learn fundamentals; 2. Build role-specific skills; 3. Complete projects or practical training; 4. Gain internship/entry-level experience; 5. Develop a specialization; 6. Move into senior or lead responsibilities,Application Security Engineer; Junior Application Security Engineer; Senior Application Security Engineer; Application Security Engineer Consultant,Senior Security Analyst; Security Lead; Security Architect; Cybersecurity Manager,Not available
74,Network Security Engineer,Cybersecurity,"Network Security Engineer professionals cybersecurity professionals protect systems, networks, applications and data from security threats. Work includes monitoring, testing, incident response, governance and risk management.",Networking; Linux; Security Fundamentals; Python; Incident Response; Risk Assessment; Problem Solving,BCA/BSc CS/BTech CS or cybersecurity-related degree/certification,CompTIA Security+; CEH; Google Cybersecurity Certificate; AWS Security Specialty,₹3–7 LPA entry-level; ₹12–30+ LPA experienced (Estimated),High,1. Learn fundamentals; 2. Build role-specific skills; 3. Complete projects or practical training; 4. Gain internship/entry-level experience; 5. Develop a specialization; 6. Move into senior or lead responsibilities,Network Security Engineer; Junior Network Security Engineer; Senior Network Security Engineer; Network Security Engineer Consultant,Senior Security Analyst; Security Lead; Security Architect; Cybersecurity Manager,Not available
75,Incident Response Analyst,Cybersecurity,"Incident Response Analyst professionals cybersecurity professionals protect systems, networks, applications and data from security threats. Work includes monitoring, testing, incident response, governance and risk management.",Networking; Linux; Security Fundamentals; Python; Incident Response; Risk Assessment; Problem Solving,BCA/BSc CS/BTech CS or cybersecurity-related degree/certification,CompTIA Security+; CEH; Google Cybersecurity Certificate; AWS Security Specialty,₹3–7 LPA entry-level; ₹12–30+ LPA experienced (Estimated),High,1. Learn fundamentals; 2. Build role-specific skills; 3. Complete projects or practical training; 4. Gain internship/entry-level experience; 5. Develop a specialization; 6. Move into senior or lead responsibilities,Incident Response Analyst; Junior Incident Response Analyst; Senior Incident Response Analyst; Incident Response Analyst Consultant,Senior Security Analyst; Security Lead; Security Architect; Cybersecurity Manager,Not available
76,Digital Forensics Analyst,Cybersecurity,"Digital Forensics Analyst professionals cybersecurity professionals protect systems, networks, applications and data from security threats. Work includes monitoring, testing, incident response, governance and risk management.",Networking; Linux; Security Fundamentals; Python; Incident Response; Risk Assessment; Problem Solving,BCA/BSc CS/BTech CS or cybersecurity-related degree/certification,CompTIA Security+; CEH; Google Cybersecurity Certificate; AWS Security Specialty,₹3–7 LPA entry-level; ₹12–30+ LPA experienced (Estimated),High,1. Learn fundamentals; 2. Build role-specific skills; 3. Complete projects or practical training; 4. Gain internship/entry-level experience; 5. Develop a specialization; 6. Move into senior or lead responsibilities,Digital Forensics Analyst; Junior Digital Forensics Analyst; Senior Digital Forensics Analyst; Digital Forensics Analyst Consultant,Senior Security Analyst; Security Lead; Security Architect; Cybersecurity Manager,Not available
77,Security Architect,Cybersecurity,"Security Architect professionals cybersecurity professionals protect systems, networks, applications and data from security threats. Work includes monitoring, testing, incident response, governance and risk management.",Networking; Linux; Security Fundamentals; Python; Incident Response; Risk Assessment; Problem Solving,BCA/BSc CS/BTech CS or cybersecurity-related degree/certification,CompTIA Security+; CEH; Google Cybersecurity Certificate; AWS Security Specialty,₹3–7 LPA entry-level; ₹12–30+ LPA experienced (Estimated),High,1. Learn fundamentals; 2. Build role-specific skills; 3. Complete projects or practical training; 4. Gain internship/entry-level experience; 5. Develop a specialization; 6. Move into senior or lead responsibilities,Security Architect; Junior Security Architect; Senior Security Architect; Security Architect Consultant,Senior Security Analyst; Security Lead; Security Architect; Cybersecurity Manager,Not available
78,Identity and Access Management Analyst,Cybersecurity,"Identity and Access Management Analyst professionals cybersecurity professionals protect systems, networks, applications and data from security threats. Work includes monitoring, testing, incident response, governance and risk management.",Networking; Linux; Security Fundamentals; Python; Incident Response; Risk Assessment; Problem Solving,BCA/BSc CS/BTech CS or cybersecurity-related degree/certification,CompTIA Security+; CEH; Google Cybersecurity Certificate; AWS Security Specialty,₹3–7 LPA entry-level; ₹12–30+ LPA experienced (Estimated),High,1. Learn fundamentals; 2. Build role-specific skills; 3. Complete projects or practical training; 4. Gain internship/entry-level experience; 5. Develop a specialization; 6. Move into senior or lead responsibilities,Identity and Access Management Analyst; Junior Identity and Access Management Analyst; Senior Identity and Access Management Analyst; Identity and Access Management Analyst Consultant,Senior Security Analyst; Security Lead; Security Architect; Cybersecurity Manager,Not available
79,Cybersecurity Auditor,Cybersecurity,"Cybersecurity Auditor professionals cybersecurity professionals protect systems, networks, applications and data from security threats. Work includes monitoring, testing, incident response, governance and risk management.",Networking; Linux; Security Fundamentals; Python; Incident Response; Risk Assessment; Problem Solving,BCA/BSc CS/BTech CS or cybersecurity-related degree/certification,CompTIA Security+; CEH; Google Cybersecurity Certificate; AWS Security Specialty,₹3–7 LPA entry-level; ₹12–30+ LPA experienced (Estimated),High,1. Learn fundamentals; 2. Build role-specific skills; 3. Complete projects or practical training; 4. Gain internship/entry-level experience; 5. Develop a specialization; 6. Move into senior or lead responsibilities,Cybersecurity Auditor; Junior Cybersecurity Auditor; Senior Cybersecurity Auditor; Cybersecurity Auditor Consultant,Senior Security Analyst; Security Lead; Security Architect; Cybersecurity Manager,Not available
80,GRC Analyst,Cybersecurity,"GRC Analyst professionals cybersecurity professionals protect systems, networks, applications and data from security threats. Work includes monitoring, testing, incident response, governance and risk management.",Networking; Linux; Security Fundamentals; Python; Incident Response; Risk Assessment; Problem Solving,BCA/BSc CS/BTech CS or cybersecurity-related degree/certification,CompTIA Security+; CEH; Google Cybersecurity Certificate; AWS Security Specialty,₹3–7 LPA entry-level; ₹12–30+ LPA experienced (Estimated),High,1. Learn fundamentals; 2. Build role-specific skills; 3. Complete projects or practical training; 4. Gain internship/entry-level experience; 5. Develop a specialization; 6. Move into senior or lead responsibilities,GRC Analyst; Junior GRC Analyst; Senior GRC Analyst; GRC Analyst Consultant,Senior Security Analyst; Security Lead; Security Architect; Cybersecurity Manager,Not available
81,Cloud Engineer,Cloud Computing & DevOps,"Cloud Engineer professionals cloud and DevOps professionals automate software delivery and manage scalable infrastructure. They work with cloud platforms, containers, CI/CD and reliability practices.",Linux; Cloud Platforms; Networking; Docker; Kubernetes; CI/CD; Scripting,BCA/BSc CS/BTech CS/MCA or equivalent technical qualification,AWS Solutions Architect Associate; Microsoft Azure Administrator; Google Associate Cloud Engineer; Docker/Kubernetes training,₹4–8 LPA entry-level; ₹12–30+ LPA experienced (Estimated),High,1. Learn fundamentals; 2. Build role-specific skills; 3. Complete projects or practical training; 4. Gain internship/entry-level experience; 5. Develop a specialization; 6. Move into senior or lead responsibilities,Cloud Engineer; Junior Cloud Engineer; Senior Cloud Engineer; Cloud Engineer Consultant,Senior Cloud Engineer; Cloud Architect; DevOps Lead; Platform Engineering Manager,Not available
82,Cloud Architect,Cloud Computing & DevOps,"Cloud Architect professionals cloud and DevOps professionals automate software delivery and manage scalable infrastructure. They work with cloud platforms, containers, CI/CD and reliability practices.",Linux; Cloud Platforms; Networking; Docker; Kubernetes; CI/CD; Scripting,BCA/BSc CS/BTech CS/MCA or equivalent technical qualification,AWS Solutions Architect Associate; Microsoft Azure Administrator; Google Associate Cloud Engineer; Docker/Kubernetes training,₹4–8 LPA entry-level; ₹12–30+ LPA experienced (Estimated),High,1. Learn fundamentals; 2. Build role-specific skills; 3. Complete projects or practical training; 4. Gain internship/entry-level experience; 5. Develop a specialization; 6. Move into senior or lead responsibilities,Cloud Architect; Junior Cloud Architect; Senior Cloud Architect; Cloud Architect Consultant,Senior Cloud Engineer; Cloud Architect; DevOps Lead; Platform Engineering Manager,Not available
83,Cloud Consultant,Cloud Computing & DevOps,"Cloud Consultant professionals cloud and DevOps professionals automate software delivery and manage scalable infrastructure. They work with cloud platforms, containers, CI/CD and reliability practices.",Linux; Cloud Platforms; Networking; Docker; Kubernetes; CI/CD; Scripting,BCA/BSc CS/BTech CS/MCA or equivalent technical qualification,AWS Solutions Architect Associate; Microsoft Azure Administrator; Google Associate Cloud Engineer; Docker/Kubernetes training,₹4–8 LPA entry-level; ₹12–30+ LPA experienced (Estimated),High,1. Learn fundamentals; 2. Build role-specific skills; 3. Complete projects or practical training; 4. Gain internship/entry-level experience; 5. Develop a specialization; 6. Move into senior or lead responsibilities,Cloud Consultant; Junior Cloud Consultant; Senior Cloud Consultant; Cloud Consultant Consultant,Senior Cloud Engineer; Cloud Architect; DevOps Lead; Platform Engineering Manager,Not available
84,AWS Cloud Engineer,Cloud Computing & DevOps,"AWS Cloud Engineer professionals cloud and DevOps professionals automate software delivery and manage scalable infrastructure. They work with cloud platforms, containers, CI/CD and reliability practices.",Linux; Cloud Platforms; Networking; Docker; Kubernetes; CI/CD; Scripting,BCA/BSc CS/BTech CS/MCA or equivalent technical qualification,AWS Solutions Architect Associate; Microsoft Azure Administrator; Google Associate Cloud Engineer; Docker/Kubernetes training,₹4–8 LPA entry-level; ₹12–30+ LPA experienced (Estimated),High,1. Learn fundamentals; 2. Build role-specific skills; 3. Complete projects or practical training; 4. Gain internship/entry-level experience; 5. Develop a specialization; 6. Move into senior or lead responsibilities,AWS Cloud Engineer; Junior AWS Cloud Engineer; Senior AWS Cloud Engineer; AWS Cloud Engineer Consultant,Senior Cloud Engineer; Cloud Architect; DevOps Lead; Platform Engineering Manager,Not available
85,Azure Cloud Engineer,Cloud Computing & DevOps,"Azure Cloud Engineer professionals cloud and DevOps professionals automate software delivery and manage scalable infrastructure. They work with cloud platforms, containers, CI/CD and reliability practices.",Linux; Cloud Platforms; Networking; Docker; Kubernetes; CI/CD; Scripting,BCA/BSc CS/BTech CS/MCA or equivalent technical qualification,AWS Solutions Architect Associate; Microsoft Azure Administrator; Google Associate Cloud Engineer; Docker/Kubernetes training,₹4–8 LPA entry-level; ₹12–30+ LPA experienced (Estimated),High,1. Learn fundamentals; 2. Build role-specific skills; 3. Complete projects or practical training; 4. Gain internship/entry-level experience; 5. Develop a specialization; 6. Move into senior or lead responsibilities,Azure Cloud Engineer; Junior Azure Cloud Engineer; Senior Azure Cloud Engineer; Azure Cloud Engineer Consultant,Senior Cloud Engineer; Cloud Architect; DevOps Lead; Platform Engineering Manager,Not available
86,Google Cloud Engineer,Cloud Computing & DevOps,"Google Cloud Engineer professionals cloud and DevOps professionals automate software delivery and manage scalable infrastructure. They work with cloud platforms, containers, CI/CD and reliability practices.",Linux; Cloud Platforms; Networking; Docker; Kubernetes; CI/CD; Scripting,BCA/BSc CS/BTech CS/MCA or equivalent technical qualification,AWS Solutions Architect Associate; Microsoft Azure Administrator; Google Associate Cloud Engineer; Docker/Kubernetes training,₹4–8 LPA entry-level; ₹12–30+ LPA experienced (Estimated),High,1. Learn fundamentals; 2. Build role-specific skills; 3. Complete projects or practical training; 4. Gain internship/entry-level experience; 5. Develop a specialization; 6. Move into senior or lead responsibilities,Google Cloud Engineer; Junior Google Cloud Engineer; Senior Google Cloud Engineer; Google Cloud Engineer Consultant,Senior Cloud Engineer; Cloud Architect; DevOps Lead; Platform Engineering Manager,Not available
87,DevOps Engineer,Cloud Computing & DevOps,"DevOps Engineer professionals cloud and DevOps professionals automate software delivery and manage scalable infrastructure. They work with cloud platforms, containers, CI/CD and reliability practices.",Linux; Cloud Platforms; Networking; Docker; Kubernetes; CI/CD; Scripting,BCA/BSc CS/BTech CS/MCA or equivalent technical qualification,AWS Solutions Architect Associate; Microsoft Azure Administrator; Google Associate Cloud Engineer; Docker/Kubernetes training,₹4–8 LPA entry-level; ₹12–30+ LPA experienced (Estimated),High,1. Learn fundamentals; 2. Build role-specific skills; 3. Complete projects or practical training; 4. Gain internship/entry-level experience; 5. Develop a specialization; 6. Move into senior or lead responsibilities,DevOps Engineer; Junior DevOps Engineer; Senior DevOps Engineer; DevOps Engineer Consultant,Senior Cloud Engineer; Cloud Architect; DevOps Lead; Platform Engineering Manager,Not available
88,Site Reliability Engineer,Cloud Computing & DevOps,"Site Reliability Engineer professionals cloud and DevOps professionals automate software delivery and manage scalable infrastructure. They work with cloud platforms, containers, CI/CD and reliability practices.",Linux; Cloud Platforms; Networking; Docker; Kubernetes; CI/CD; Scripting,BCA/BSc CS/BTech CS/MCA or equivalent technical qualification,AWS Solutions Architect Associate; Microsoft Azure Administrator; Google Associate Cloud Engineer; Docker/Kubernetes training,₹4–8 LPA entry-level; ₹12–30+ LPA experienced (Estimated),High,1. Learn fundamentals; 2. Build role-specific skills; 3. Complete projects or practical training; 4. Gain internship/entry-level experience; 5. Develop a specialization; 6. Move into senior or lead responsibilities,Site Reliability Engineer; Junior Site Reliability Engineer; Senior Site Reliability Engineer; Site Reliability Engineer Consultant,Senior Cloud Engineer; Cloud Architect; DevOps Lead; Platform Engineering Manager,Not available
89,Platform Engineer,Cloud Computing & DevOps,"Platform Engineer professionals cloud and DevOps professionals automate software delivery and manage scalable infrastructure. They work with cloud platforms, containers, CI/CD and reliability practices.",Linux; Cloud Platforms; Networking; Docker; Kubernetes; CI/CD; Scripting,BCA/BSc CS/BTech CS/MCA or equivalent technical qualification,AWS Solutions Architect Associate; Microsoft Azure Administrator; Google Associate Cloud Engineer; Docker/Kubernetes training,₹4–8 LPA entry-level; ₹12–30+ LPA experienced (Estimated),High,1. Learn fundamentals; 2. Build role-specific skills; 3. Complete projects or practical training; 4. Gain internship/entry-level experience; 5. Develop a specialization; 6. Move into senior or lead responsibilities,Platform Engineer; Junior Platform Engineer; Senior Platform Engineer; Platform Engineer Consultant,Senior Cloud Engineer; Cloud Architect; DevOps Lead; Platform Engineering Manager,Not available
90,Release Engineer,Cloud Computing & DevOps,"Release Engineer professionals cloud and DevOps professionals automate software delivery and manage scalable infrastructure. They work with cloud platforms, containers, CI/CD and reliability practices.",Linux; Cloud Platforms; Networking; Docker; Kubernetes; CI/CD; Scripting,BCA/BSc CS/BTech CS/MCA or equivalent technical qualification,AWS Solutions Architect Associate; Microsoft Azure Administrator; Google Associate Cloud Engineer; Docker/Kubernetes training,₹4–8 LPA entry-level; ₹12–30+ LPA experienced (Estimated),High,1. Learn fundamentals; 2. Build role-specific skills; 3. Complete projects or practical training; 4. Gain internship/entry-level experience; 5. Develop a specialization; 6. Move into senior or lead responsibilities,Release Engineer; Junior Release Engineer; Senior Release Engineer; Release Engineer Consultant,Senior Cloud Engineer; Cloud Architect; DevOps Lead; Platform Engineering Manager,Not available
91,Cloud Administrator,Cloud Computing & DevOps,"Cloud Administrator professionals cloud and DevOps professionals automate software delivery and manage scalable infrastructure. They work with cloud platforms, containers, CI/CD and reliability practices.",Linux; Cloud Platforms; Networking; Docker; Kubernetes; CI/CD; Scripting,BCA/BSc CS/BTech CS/MCA or equivalent technical qualification,AWS Solutions Architect Associate; Microsoft Azure Administrator; Google Associate Cloud Engineer; Docker/Kubernetes training,₹4–8 LPA entry-level; ₹12–30+ LPA experienced (Estimated),High,1. Learn fundamentals; 2. Build role-specific skills; 3. Complete projects or practical training; 4. Gain internship/entry-level experience; 5. Develop a specialization; 6. Move into senior or lead responsibilities,Cloud Administrator; Junior Cloud Administrator; Senior Cloud Administrator; Cloud Administrator Consultant,Senior Cloud Engineer; Cloud Architect; DevOps Lead; Platform Engineering Manager,Not available
92,Cloud Security Specialist,Cloud Computing & DevOps,"Cloud Security Specialist professionals cloud and DevOps professionals automate software delivery and manage scalable infrastructure. They work with cloud platforms, containers, CI/CD and reliability practices.",Linux; Cloud Platforms; Networking; Docker; Kubernetes; CI/CD; Scripting,BCA/BSc CS/BTech CS/MCA or equivalent technical qualification,AWS Solutions Architect Associate; Microsoft Azure Administrator; Google Associate Cloud Engineer; Docker/Kubernetes training,₹4–8 LPA entry-level; ₹12–30+ LPA experienced (Estimated),High,1. Learn fundamentals; 2. Build role-specific skills; 3. Complete projects or practical training; 4. Gain internship/entry-level experience; 5. Develop a specialization; 6. Move into senior or lead responsibilities,Cloud Security Specialist; Junior Cloud Security Specialist; Senior Cloud Security Specialist; Cloud Security Specialist Consultant,Senior Cloud Engineer; Cloud Architect; DevOps Lead; Platform Engineering Manager,Not available
93,Infrastructure Engineer,Cloud Computing & DevOps,"Infrastructure Engineer professionals cloud and DevOps professionals automate software delivery and manage scalable infrastructure. They work with cloud platforms, containers, CI/CD and reliability practices.",Linux; Cloud Platforms; Networking; Docker; Kubernetes; CI/CD; Scripting,BCA/BSc CS/BTech CS/MCA or equivalent technical qualification,AWS Solutions Architect Associate; Microsoft Azure Administrator; Google Associate Cloud Engineer; Docker/Kubernetes training,₹4–8 LPA entry-level; ₹12–30+ LPA experienced (Estimated),High,1. Learn fundamentals; 2. Build role-specific skills; 3. Complete projects or practical training; 4. Gain internship/entry-level experience; 5. Develop a specialization; 6. Move into senior or lead responsibilities,Infrastructure Engineer; Junior Infrastructure Engineer; Senior Infrastructure Engineer; Infrastructure Engineer Consultant,Senior Cloud Engineer; Cloud Architect; DevOps Lead; Platform Engineering Manager,Not available
94,Build and Release Engineer,Cloud Computing & DevOps,"Build and Release Engineer professionals cloud and DevOps professionals automate software delivery and manage scalable infrastructure. They work with cloud platforms, containers, CI/CD and reliability practices.",Linux; Cloud Platforms; Networking; Docker; Kubernetes; CI/CD; Scripting,BCA/BSc CS/BTech CS/MCA or equivalent technical qualification,AWS Solutions Architect Associate; Microsoft Azure Administrator; Google Associate Cloud Engineer; Docker/Kubernetes training,₹4–8 LPA entry-level; ₹12–30+ LPA experienced (Estimated),High,1. Learn fundamentals; 2. Build role-specific skills; 3. Complete projects or practical training; 4. Gain internship/entry-level experience; 5. Develop a specialization; 6. Move into senior or lead responsibilities,Build and Release Engineer; Junior Build and Release Engineer; Senior Build and Release Engineer; Build and Release Engineer Consultant,Senior Cloud Engineer; Cloud Architect; DevOps Lead; Platform Engineering Manager,Not available
95,Cloud Solutions Architect,Cloud Computing & DevOps,"Cloud Solutions Architect professionals cloud and DevOps professionals automate software delivery and manage scalable infrastructure. They work with cloud platforms, containers, CI/CD and reliability practices.",Linux; Cloud Platforms; Networking; Docker; Kubernetes; CI/CD; Scripting,BCA/BSc CS/BTech CS/MCA or equivalent technical qualification,AWS Solutions Architect Associate; Microsoft Azure Administrator; Google Associate Cloud Engineer; Docker/Kubernetes training,₹4–8 LPA entry-level; ₹12–30+ LPA experienced (Estimated),High,1. Learn fundamentals; 2. Build role-specific skills; 3. Complete projects or practical training; 4. Gain internship/entry-level experience; 5. Develop a specialization; 6. Move into senior or lead responsibilities,Cloud Solutions Architect; Junior Cloud Solutions Architect; Senior Cloud Solutions Architect; Cloud Solutions Architect Consultant,Senior Cloud Engineer; Cloud Architect; DevOps Lead; Platform Engineering Manager,Not available
96,Business Analyst,Business & Management,"Business Analyst professionals business professionals analyze organizations, improve processes and coordinate people, products and projects. Roles combine analytical, communication and decision-making skills.",Communication; Excel; Business Analysis; Project Management; Leadership; Problem Solving; Presentation,"Bachelor's degree in business, commerce, management, IT or related field; MBA useful for many roles",Google Project Management; PMI CAPM; Microsoft Power BI; Lean Six Sigma,₹3–7 LPA entry-level; ₹12–35+ LPA experienced (Estimated),High,1. Learn fundamentals; 2. Build role-specific skills; 3. Complete projects or practical training; 4. Gain internship/entry-level experience; 5. Develop a specialization; 6. Move into senior or lead responsibilities,Business Analyst; Junior Business Analyst; Senior Business Analyst; Business Analyst Consultant,Senior Manager; Program Manager; Strategy Lead; Business Unit Head,13-1111.00
97,Management Consultant,Business & Management,"Management Consultant professionals business professionals analyze organizations, improve processes and coordinate people, products and projects. Roles combine analytical, communication and decision-making skills.",Communication; Excel; Business Analysis; Project Management; Leadership; Problem Solving; Presentation,"Bachelor's degree in business, commerce, management, IT or related field; MBA useful for many roles",Google Project Management; PMI CAPM; Microsoft Power BI; Lean Six Sigma,₹3–7 LPA entry-level; ₹12–35+ LPA experienced (Estimated),High,1. Learn fundamentals; 2. Build role-specific skills; 3. Complete projects or practical training; 4. Gain internship/entry-level experience; 5. Develop a specialization; 6. Move into senior or lead responsibilities,Management Consultant; Junior Management Consultant; Senior Management Consultant; Management Consultant Consultant,Senior Manager; Program Manager; Strategy Lead; Business Unit Head,Not available
98,Project Manager,Business & Management,"Project Manager professionals business professionals analyze organizations, improve processes and coordinate people, products and projects. Roles combine analytical, communication and decision-making skills.",Communication; Excel; Business Analysis; Project Management; Leadership; Problem Solving; Presentation,"Bachelor's degree in business, commerce, management, IT or related field; MBA useful for many roles",Google Project Management; PMI CAPM; Microsoft Power BI; Lean Six Sigma,₹3–7 LPA entry-level; ₹12–35+ LPA experienced (Estimated),High,1. Learn fundamentals; 2. Build role-specific skills; 3. Complete projects or practical training; 4. Gain internship/entry-level experience; 5. Develop a specialization; 6. Move into senior or lead responsibilities,Project Manager; Junior Project Manager; Senior Project Manager; Project Manager Consultant,Senior Manager; Program Manager; Strategy Lead; Business Unit Head,13-1082.00
99,Program Manager,Business & Management,"Program Manager professionals business professionals analyze organizations, improve processes and coordinate people, products and projects. Roles combine analytical, communication and decision-making skills.",Communication; Excel; Business Analysis; Project Management; Leadership; Problem Solving; Presentation,"Bachelor's degree in business, commerce, management, IT or related field; MBA useful for many roles",Google Project Management; PMI CAPM; Microsoft Power BI; Lean Six Sigma,₹3–7 LPA entry-level; ₹12–35+ LPA experienced (Estimated),High,1. Learn fundamentals; 2. Build role-specific skills; 3. Complete projects or practical training; 4. Gain internship/entry-level experience; 5. Develop a specialization; 6. Move into senior or lead responsibilities,Program Manager; Junior Program Manager; Senior Program Manager; Program Manager Consultant,Senior Manager; Program Manager; Strategy Lead; Business Unit Head,Not available
100,Operations Manager,Business & Management,"Operations Manager professionals business professionals analyze organizations, improve processes and coordinate people, products and projects. Roles combine analytical, communication and decision-making skills.",Communication; Excel; Business Analysis; Project Management; Leadership; Problem Solving; Presentation,"Bachelor's degree in business, commerce, management, IT or related field; MBA useful for many roles",Google Project Management; PMI CAPM; Microsoft Power BI; Lean Six Sigma,₹3–7 LPA entry-level; ₹12–35+ LPA experienced (Estimated),High,1. Learn fundamentals; 2. Build role-specific skills; 3. Complete projects or practical training; 4. Gain internship/entry-level experience; 5. Develop a specialization; 6. Move into senior or lead responsibilities,Operations Manager; Junior Operations Manager; Senior Operations Manager; Operations Manager Consultant,Senior Manager; Program Manager; Strategy Lead; Business Unit Head,Not available
101,Business Operations Analyst,Business & Management,"Business Operations Analyst professionals business professionals analyze organizations, improve processes and coordinate people, products and projects. Roles combine analytical, communication and decision-making skills.",Communication; Excel; Business Analysis; Project Management; Leadership; Problem Solving; Presentation,"Bachelor's degree in business, commerce, management, IT or related field; MBA useful for many roles",Google Project Management; PMI CAPM; Microsoft Power BI; Lean Six Sigma,₹3–7 LPA entry-level; ₹12–35+ LPA experienced (Estimated),High,1. Learn fundamentals; 2. Build role-specific skills; 3. Complete projects or practical training; 4. Gain internship/entry-level experience; 5. Develop a specialization; 6. Move into senior or lead responsibilities,Business Operations Analyst; Junior Business Operations Analyst; Senior Business Operations Analyst; Business Operations Analyst Consultant,Senior Manager; Program Manager; Strategy Lead; Business Unit Head,Not available
102,Strategy Analyst,Business & Management,"Strategy Analyst professionals business professionals analyze organizations, improve processes and coordinate people, products and projects. Roles combine analytical, communication and decision-making skills.",Communication; Excel; Business Analysis; Project Management; Leadership; Problem Solving; Presentation,"Bachelor's degree in business, commerce, management, IT or related field; MBA useful for many roles",Google Project Management; PMI CAPM; Microsoft Power BI; Lean Six Sigma,₹3–7 LPA entry-level; ₹12–35+ LPA experienced (Estimated),High,1. Learn fundamentals; 2. Build role-specific skills; 3. Complete projects or practical training; 4. Gain internship/entry-level experience; 5. Develop a specialization; 6. Move into senior or lead responsibilities,Strategy Analyst; Junior Strategy Analyst; Senior Strategy Analyst; Strategy Analyst Consultant,Senior Manager; Program Manager; Strategy Lead; Business Unit Head,Not available
103,Strategy Consultant,Business & Management,"Strategy Consultant professionals business professionals analyze organizations, improve processes and coordinate people, products and projects. Roles combine analytical, communication and decision-making skills.",Communication; Excel; Business Analysis; Project Management; Leadership; Problem Solving; Presentation,"Bachelor's degree in business, commerce, management, IT or related field; MBA useful for many roles",Google Project Management; PMI CAPM; Microsoft Power BI; Lean Six Sigma,₹3–7 LPA entry-level; ₹12–35+ LPA experienced (Estimated),High,1. Learn fundamentals; 2. Build role-specific skills; 3. Complete projects or practical training; 4. Gain internship/entry-level experience; 5. Develop a specialization; 6. Move into senior or lead responsibilities,Strategy Consultant; Junior Strategy Consultant; Senior Strategy Consultant; Strategy Consultant Consultant,Senior Manager; Program Manager; Strategy Lead; Business Unit Head,Not available
104,Product Manager,Business & Management,"Product Manager professionals business professionals analyze organizations, improve processes and coordinate people, products and projects. Roles combine analytical, communication and decision-making skills.",Communication; Excel; Business Analysis; Project Management; Leadership; Problem Solving; Presentation,"Bachelor's degree in business, commerce, management, IT or related field; MBA useful for many roles",Google Project Management; PMI CAPM; Microsoft Power BI; Lean Six Sigma,₹3–7 LPA entry-level; ₹12–35+ LPA experienced (Estimated),High,1. Learn fundamentals; 2. Build role-specific skills; 3. Complete projects or practical training; 4. Gain internship/entry-level experience; 5. Develop a specialization; 6. Move into senior or lead responsibilities,Product Manager; Junior Product Manager; Senior Product Manager; Product Manager Consultant,Senior Manager; Program Manager; Strategy Lead; Business Unit Head,Not available
105,Product Owner,Business & Management,"Product Owner professionals business professionals analyze organizations, improve processes and coordinate people, products and projects. Roles combine analytical, communication and decision-making skills.",Communication; Excel; Business Analysis; Project Management; Leadership; Problem Solving; Presentation,"Bachelor's degree in business, commerce, management, IT or related field; MBA useful for many roles",Google Project Management; PMI CAPM; Microsoft Power BI; Lean Six Sigma,₹3–7 LPA entry-level; ₹12–35+ LPA experienced (Estimated),High,1. Learn fundamentals; 2. Build role-specific skills; 3. Complete projects or practical training; 4. Gain internship/entry-level experience; 5. Develop a specialization; 6. Move into senior or lead responsibilities,Product Owner; Junior Product Owner; Senior Product Owner; Product Owner Consultant,Senior Manager; Program Manager; Strategy Lead; Business Unit Head,Not available
106,Process Improvement Analyst,Business & Management,"Process Improvement Analyst professionals business professionals analyze organizations, improve processes and coordinate people, products and projects. Roles combine analytical, communication and decision-making skills.",Communication; Excel; Business Analysis; Project Management; Leadership; Problem Solving; Presentation,"Bachelor's degree in business, commerce, management, IT or related field; MBA useful for many roles",Google Project Management; PMI CAPM; Microsoft Power BI; Lean Six Sigma,₹3–7 LPA entry-level; ₹12–35+ LPA experienced (Estimated),High,1. Learn fundamentals; 2. Build role-specific skills; 3. Complete projects or practical training; 4. Gain internship/entry-level experience; 5. Develop a specialization; 6. Move into senior or lead responsibilities,Process Improvement Analyst; Junior Process Improvement Analyst; Senior Process Improvement Analyst; Process Improvement Analyst Consultant,Senior Manager; Program Manager; Strategy Lead; Business Unit Head,Not available
107,Management Trainee,Business & Management,"Management Trainee professionals business professionals analyze organizations, improve processes and coordinate people, products and projects. Roles combine analytical, communication and decision-making skills.",Communication; Excel; Business Analysis; Project Management; Leadership; Problem Solving; Presentation,"Bachelor's degree in business, commerce, management, IT or related field; MBA useful for many roles",Google Project Management; PMI CAPM; Microsoft Power BI; Lean Six Sigma,₹3–7 LPA entry-level; ₹12–35+ LPA experienced (Estimated),High,1. Learn fundamentals; 2. Build role-specific skills; 3. Complete projects or practical training; 4. Gain internship/entry-level experience; 5. Develop a specialization; 6. Move into senior or lead responsibilities,Management Trainee; Junior Management Trainee; Senior Management Trainee; Management Trainee Consultant,Senior Manager; Program Manager; Strategy Lead; Business Unit Head,Not available
108,Business Development Manager,Business & Management,"Business Development Manager professionals business professionals analyze organizations, improve processes and coordinate people, products and projects. Roles combine analytical, communication and decision-making skills.",Communication; Excel; Business Analysis; Project Management; Leadership; Problem Solving; Presentation,"Bachelor's degree in business, commerce, management, IT or related field; MBA useful for many roles",Google Project Management; PMI CAPM; Microsoft Power BI; Lean Six Sigma,₹3–7 LPA entry-level; ₹12–35+ LPA experienced (Estimated),High,1. Learn fundamentals; 2. Build role-specific skills; 3. Complete projects or practical training; 4. Gain internship/entry-level experience; 5. Develop a specialization; 6. Move into senior or lead responsibilities,Business Development Manager; Junior Business Development Manager; Senior Business Development Manager; Business Development Manager Consultant,Senior Manager; Program Manager; Strategy Lead; Business Unit Head,Not available
109,General Manager,Business & Management,"General Manager professionals business professionals analyze organizations, improve processes and coordinate people, products and projects. Roles combine analytical, communication and decision-making skills.",Communication; Excel; Business Analysis; Project Management; Leadership; Problem Solving; Presentation,"Bachelor's degree in business, commerce, management, IT or related field; MBA useful for many roles",Google Project Management; PMI CAPM; Microsoft Power BI; Lean Six Sigma,₹3–7 LPA entry-level; ₹12–35+ LPA experienced (Estimated),High,1. Learn fundamentals; 2. Build role-specific skills; 3. Complete projects or practical training; 4. Gain internship/entry-level experience; 5. Develop a specialization; 6. Move into senior or lead responsibilities,General Manager; Junior General Manager; Senior General Manager; General Manager Consultant,Senior Manager; Program Manager; Strategy Lead; Business Unit Head,Not available
110,Chief Operating Officer,Business & Management,"Chief Operating Officer professionals business professionals analyze organizations, improve processes and coordinate people, products and projects. Roles combine analytical, communication and decision-making skills.",Communication; Excel; Business Analysis; Project Management; Leadership; Problem Solving; Presentation,"Bachelor's degree in business, commerce, management, IT or related field; MBA useful for many roles",Google Project Management; PMI CAPM; Microsoft Power BI; Lean Six Sigma,₹3–7 LPA entry-level; ₹12–35+ LPA experienced (Estimated),High,1. Learn fundamentals; 2. Build role-specific skills; 3. Complete projects or practical training; 4. Gain internship/entry-level experience; 5. Develop a specialization; 6. Move into senior or lead responsibilities,Chief Operating Officer; Junior Chief Operating Officer; Senior Chief Operating Officer; Chief Operating Officer Consultant,Senior Manager; Program Manager; Strategy Lead; Business Unit Head,Not available
111,Financial Analyst,"Finance, Banking & Investment","Financial Analyst professionals finance professionals analyze money, investments, credit and financial performance. Careers span banking, corporate finance, investment analysis, wealth management and risk.",Financial Analysis; Excel; Accounting; Statistics; Financial Modeling; Communication; Risk Analysis,BCom/BBA/BA Economics/BSc Finance or related degree; MBA/CFA/CA may help,CFA; NISM Certifications; Financial Modeling; FRM,₹3–7 LPA entry-level; ₹12–35+ LPA experienced (Estimated),High,1. Learn fundamentals; 2. Build role-specific skills; 3. Complete projects or practical training; 4. Gain internship/entry-level experience; 5. Develop a specialization; 6. Move into senior or lead responsibilities,Financial Analyst; Junior Financial Analyst; Senior Financial Analyst; Financial Analyst Consultant,Senior Analyst; Finance Manager; Portfolio Manager; Investment Director,13-2051.00
112,Investment Analyst,"Finance, Banking & Investment","Investment Analyst professionals finance professionals analyze money, investments, credit and financial performance. Careers span banking, corporate finance, investment analysis, wealth management and risk.",Financial Analysis; Excel; Accounting; Statistics; Financial Modeling; Communication; Risk Analysis,BCom/BBA/BA Economics/BSc Finance or related degree; MBA/CFA/CA may help,CFA; NISM Certifications; Financial Modeling; FRM,₹3–7 LPA entry-level; ₹12–35+ LPA experienced (Estimated),High,1. Learn fundamentals; 2. Build role-specific skills; 3. Complete projects or practical training; 4. Gain internship/entry-level experience; 5. Develop a specialization; 6. Move into senior or lead responsibilities,Investment Analyst; Junior Investment Analyst; Senior Investment Analyst; Investment Analyst Consultant,Senior Analyst; Finance Manager; Portfolio Manager; Investment Director,Not available
113,Equity Research Analyst,"Finance, Banking & Investment","Equity Research Analyst professionals finance professionals analyze money, investments, credit and financial performance. Careers span banking, corporate finance, investment analysis, wealth management and risk.",Financial Analysis; Excel; Accounting; Statistics; Financial Modeling; Communication; Risk Analysis,BCom/BBA/BA Economics/BSc Finance or related degree; MBA/CFA/CA may help,CFA; NISM Certifications; Financial Modeling; FRM,₹3–7 LPA entry-level; ₹12–35+ LPA experienced (Estimated),High,1. Learn fundamentals; 2. Build role-specific skills; 3. Complete projects or practical training; 4. Gain internship/entry-level experience; 5. Develop a specialization; 6. Move into senior or lead responsibilities,Equity Research Analyst; Junior Equity Research Analyst; Senior Equity Research Analyst; Equity Research Analyst Consultant,Senior Analyst; Finance Manager; Portfolio Manager; Investment Director,Not available
114,Credit Analyst,"Finance, Banking & Investment","Credit Analyst professionals finance professionals analyze money, investments, credit and financial performance. Careers span banking, corporate finance, investment analysis, wealth management and risk.",Financial Analysis; Excel; Accounting; Statistics; Financial Modeling; Communication; Risk Analysis,BCom/BBA/BA Economics/BSc Finance or related degree; MBA/CFA/CA may help,CFA; NISM Certifications; Financial Modeling; FRM,₹3–7 LPA entry-level; ₹12–35+ LPA experienced (Estimated),High,1. Learn fundamentals; 2. Build role-specific skills; 3. Complete projects or practical training; 4. Gain internship/entry-level experience; 5. Develop a specialization; 6. Move into senior or lead responsibilities,Credit Analyst; Junior Credit Analyst; Senior Credit Analyst; Credit Analyst Consultant,Senior Analyst; Finance Manager; Portfolio Manager; Investment Director,Not available
115,Risk Analyst,"Finance, Banking & Investment","Risk Analyst professionals finance professionals analyze money, investments, credit and financial performance. Careers span banking, corporate finance, investment analysis, wealth management and risk.",Financial Analysis; Excel; Accounting; Statistics; Financial Modeling; Communication; Risk Analysis,BCom/BBA/BA Economics/BSc Finance or related degree; MBA/CFA/CA may help,CFA; NISM Certifications; Financial Modeling; FRM,₹3–7 LPA entry-level; ₹12–35+ LPA experienced (Estimated),High,1. Learn fundamentals; 2. Build role-specific skills; 3. Complete projects or practical training; 4. Gain internship/entry-level experience; 5. Develop a specialization; 6. Move into senior or lead responsibilities,Risk Analyst; Junior Risk Analyst; Senior Risk Analyst; Risk Analyst Consultant,Senior Analyst; Finance Manager; Portfolio Manager; Investment Director,Not available
116,Portfolio Manager,"Finance, Banking & Investment","Portfolio Manager professionals finance professionals analyze money, investments, credit and financial performance. Careers span banking, corporate finance, investment analysis, wealth management and risk.",Financial Analysis; Excel; Accounting; Statistics; Financial Modeling; Communication; Risk Analysis,BCom/BBA/BA Economics/BSc Finance or related degree; MBA/CFA/CA may help,CFA; NISM Certifications; Financial Modeling; FRM,₹3–7 LPA entry-level; ₹12–35+ LPA experienced (Estimated),High,1. Learn fundamentals; 2. Build role-specific skills; 3. Complete projects or practical training; 4. Gain internship/entry-level experience; 5. Develop a specialization; 6. Move into senior or lead responsibilities,Portfolio Manager; Junior Portfolio Manager; Senior Portfolio Manager; Portfolio Manager Consultant,Senior Analyst; Finance Manager; Portfolio Manager; Investment Director,Not available
117,Investment Banker,"Finance, Banking & Investment","Investment Banker professionals finance professionals analyze money, investments, credit and financial performance. Careers span banking, corporate finance, investment analysis, wealth management and risk.",Financial Analysis; Excel; Accounting; Statistics; Financial Modeling; Communication; Risk Analysis,BCom/BBA/BA Economics/BSc Finance or related degree; MBA/CFA/CA may help,CFA; NISM Certifications; Financial Modeling; FRM,₹3–7 LPA entry-level; ₹12–35+ LPA experienced (Estimated),High,1. Learn fundamentals; 2. Build role-specific skills; 3. Complete projects or practical training; 4. Gain internship/entry-level experience; 5. Develop a specialization; 6. Move into senior or lead responsibilities,Investment Banker; Junior Investment Banker; Senior Investment Banker; Investment Banker Consultant,Senior Analyst; Finance Manager; Portfolio Manager; Investment Director,Not available
118,Wealth Manager,"Finance, Banking & Investment","Wealth Manager professionals finance professionals analyze money, investments, credit and financial performance. Careers span banking, corporate finance, investment analysis, wealth management and risk.",Financial Analysis; Excel; Accounting; Statistics; Financial Modeling; Communication; Risk Analysis,BCom/BBA/BA Economics/BSc Finance or related degree; MBA/CFA/CA may help,CFA; NISM Certifications; Financial Modeling; FRM,₹3–7 LPA entry-level; ₹12–35+ LPA experienced (Estimated),High,1. Learn fundamentals; 2. Build role-specific skills; 3. Complete projects or practical training; 4. Gain internship/entry-level experience; 5. Develop a specialization; 6. Move into senior or lead responsibilities,Wealth Manager; Junior Wealth Manager; Senior Wealth Manager; Wealth Manager Consultant,Senior Analyst; Finance Manager; Portfolio Manager; Investment Director,Not available
119,Financial Planner,"Finance, Banking & Investment","Financial Planner professionals finance professionals analyze money, investments, credit and financial performance. Careers span banking, corporate finance, investment analysis, wealth management and risk.",Financial Analysis; Excel; Accounting; Statistics; Financial Modeling; Communication; Risk Analysis,BCom/BBA/BA Economics/BSc Finance or related degree; MBA/CFA/CA may help,CFA; NISM Certifications; Financial Modeling; FRM,₹3–7 LPA entry-level; ₹12–35+ LPA experienced (Estimated),High,1. Learn fundamentals; 2. Build role-specific skills; 3. Complete projects or practical training; 4. Gain internship/entry-level experience; 5. Develop a specialization; 6. Move into senior or lead responsibilities,Financial Planner; Junior Financial Planner; Senior Financial Planner; Financial Planner Consultant,Senior Analyst; Finance Manager; Portfolio Manager; Investment Director,Not available
120,Treasury Analyst,"Finance, Banking & Investment","Treasury Analyst professionals finance professionals analyze money, investments, credit and financial performance. Careers span banking, corporate finance, investment analysis, wealth management and risk.",Financial Analysis; Excel; Accounting; Statistics; Financial Modeling; Communication; Risk Analysis,BCom/BBA/BA Economics/BSc Finance or related degree; MBA/CFA/CA may help,CFA; NISM Certifications; Financial Modeling; FRM,₹3–7 LPA entry-level; ₹12–35+ LPA experienced (Estimated),High,1. Learn fundamentals; 2. Build role-specific skills; 3. Complete projects or practical training; 4. Gain internship/entry-level experience; 5. Develop a specialization; 6. Move into senior or lead responsibilities,Treasury Analyst; Junior Treasury Analyst; Senior Treasury Analyst; Treasury Analyst Consultant,Senior Analyst; Finance Manager; Portfolio Manager; Investment Director,Not available
121,Banking Operations Analyst,"Finance, Banking & Investment","Banking Operations Analyst professionals finance professionals analyze money, investments, credit and financial performance. Careers span banking, corporate finance, investment analysis, wealth management and risk.",Financial Analysis; Excel; Accounting; Statistics; Financial Modeling; Communication; Risk Analysis,BCom/BBA/BA Economics/BSc Finance or related degree; MBA/CFA/CA may help,CFA; NISM Certifications; Financial Modeling; FRM,₹3–7 LPA entry-level; ₹12–35+ LPA experienced (Estimated),High,1. Learn fundamentals; 2. Build role-specific skills; 3. Complete projects or practical training; 4. Gain internship/entry-level experience; 5. Develop a specialization; 6. Move into senior or lead responsibilities,Banking Operations Analyst; Junior Banking Operations Analyst; Senior Banking Operations Analyst; Banking Operations Analyst Consultant,Senior Analyst; Finance Manager; Portfolio Manager; Investment Director,Not available
122,Loan Officer,"Finance, Banking & Investment","Loan Officer professionals finance professionals analyze money, investments, credit and financial performance. Careers span banking, corporate finance, investment analysis, wealth management and risk.",Financial Analysis; Excel; Accounting; Statistics; Financial Modeling; Communication; Risk Analysis,BCom/BBA/BA Economics/BSc Finance or related degree; MBA/CFA/CA may help,CFA; NISM Certifications; Financial Modeling; FRM,₹3–7 LPA entry-level; ₹12–35+ LPA experienced (Estimated),High,1. Learn fundamentals; 2. Build role-specific skills; 3. Complete projects or practical training; 4. Gain internship/entry-level experience; 5. Develop a specialization; 6. Move into senior or lead responsibilities,Loan Officer; Junior Loan Officer; Senior Loan Officer; Loan Officer Consultant,Senior Analyst; Finance Manager; Portfolio Manager; Investment Director,Not available
123,Credit Manager,"Finance, Banking & Investment","Credit Manager professionals finance professionals analyze money, investments, credit and financial performance. Careers span banking, corporate finance, investment analysis, wealth management and risk.",Financial Analysis; Excel; Accounting; Statistics; Financial Modeling; Communication; Risk Analysis,BCom/BBA/BA Economics/BSc Finance or related degree; MBA/CFA/CA may help,CFA; NISM Certifications; Financial Modeling; FRM,₹3–7 LPA entry-level; ₹12–35+ LPA experienced (Estimated),High,1. Learn fundamentals; 2. Build role-specific skills; 3. Complete projects or practical training; 4. Gain internship/entry-level experience; 5. Develop a specialization; 6. Move into senior or lead responsibilities,Credit Manager; Junior Credit Manager; Senior Credit Manager; Credit Manager Consultant,Senior Analyst; Finance Manager; Portfolio Manager; Investment Director,Not available
124,Corporate Finance Manager,"Finance, Banking & Investment","Corporate Finance Manager professionals finance professionals analyze money, investments, credit and financial performance. Careers span banking, corporate finance, investment analysis, wealth management and risk.",Financial Analysis; Excel; Accounting; Statistics; Financial Modeling; Communication; Risk Analysis,BCom/BBA/BA Economics/BSc Finance or related degree; MBA/CFA/CA may help,CFA; NISM Certifications; Financial Modeling; FRM,₹3–7 LPA entry-level; ₹12–35+ LPA experienced (Estimated),High,1. Learn fundamentals; 2. Build role-specific skills; 3. Complete projects or practical training; 4. Gain internship/entry-level experience; 5. Develop a specialization; 6. Move into senior or lead responsibilities,Corporate Finance Manager; Junior Corporate Finance Manager; Senior Corporate Finance Manager; Corporate Finance Manager Consultant,Senior Analyst; Finance Manager; Portfolio Manager; Investment Director,Not available
125,Investment Advisor,"Finance, Banking & Investment","Investment Advisor professionals finance professionals analyze money, investments, credit and financial performance. Careers span banking, corporate finance, investment analysis, wealth management and risk.",Financial Analysis; Excel; Accounting; Statistics; Financial Modeling; Communication; Risk Analysis,BCom/BBA/BA Economics/BSc Finance or related degree; MBA/CFA/CA may help,CFA; NISM Certifications; Financial Modeling; FRM,₹3–7 LPA entry-level; ₹12–35+ LPA experienced (Estimated),High,1. Learn fundamentals; 2. Build role-specific skills; 3. Complete projects or practical training; 4. Gain internship/entry-level experience; 5. Develop a specialization; 6. Move into senior or lead responsibilities,Investment Advisor; Junior Investment Advisor; Senior Investment Advisor; Investment Advisor Consultant,Senior Analyst; Finance Manager; Portfolio Manager; Investment Director,Not available
126,Accountant,Accounting & Taxation,"Accountant professionals accounting professionals maintain financial records, prepare reports and support tax and audit activities. Work requires accuracy, compliance knowledge and financial analysis.",Accounting; Excel; GST; Taxation; Tally; Financial Reporting; Attention to Detail,BCom/BBA Finance or related degree; CA/CMA/ACCA useful for advanced roles,Tally Prime; GST Certification; CA/CMA pathway; ACCA,₹2.5–5 LPA entry-level; ₹8–20+ LPA experienced (Estimated),High,1. Learn fundamentals; 2. Build role-specific skills; 3. Complete projects or practical training; 4. Gain internship/entry-level experience; 5. Develop a specialization; 6. Move into senior or lead responsibilities,Accountant; Junior Accountant; Senior Accountant; Accountant Consultant,Senior Accountant; Finance Manager; Controller; CFO,13-2011.00
127,Junior Accountant,Accounting & Taxation,"Junior Accountant professionals accounting professionals maintain financial records, prepare reports and support tax and audit activities. Work requires accuracy, compliance knowledge and financial analysis.",Accounting; Excel; GST; Taxation; Tally; Financial Reporting; Attention to Detail,BCom/BBA Finance or related degree; CA/CMA/ACCA useful for advanced roles,Tally Prime; GST Certification; CA/CMA pathway; ACCA,₹2.5–5 LPA entry-level; ₹8–20+ LPA experienced (Estimated),High,1. Learn fundamentals; 2. Build role-specific skills; 3. Complete projects or practical training; 4. Gain internship/entry-level experience; 5. Develop a specialization; 6. Move into senior or lead responsibilities,Junior Accountant; Junior Junior Accountant; Senior Junior Accountant; Junior Accountant Consultant,Senior Accountant; Finance Manager; Controller; CFO,Not available
128,Senior Accountant,Accounting & Taxation,"Senior Accountant professionals accounting professionals maintain financial records, prepare reports and support tax and audit activities. Work requires accuracy, compliance knowledge and financial analysis.",Accounting; Excel; GST; Taxation; Tally; Financial Reporting; Attention to Detail,BCom/BBA Finance or related degree; CA/CMA/ACCA useful for advanced roles,Tally Prime; GST Certification; CA/CMA pathway; ACCA,₹2.5–5 LPA entry-level; ₹8–20+ LPA experienced (Estimated),High,1. Learn fundamentals; 2. Build role-specific skills; 3. Complete projects or practical training; 4. Gain internship/entry-level experience; 5. Develop a specialization; 6. Move into senior or lead responsibilities,Senior Accountant; Junior Senior Accountant; Senior Senior Accountant; Senior Accountant Consultant,Senior Accountant; Finance Manager; Controller; CFO,Not available
129,Tax Consultant,Accounting & Taxation,"Tax Consultant professionals accounting professionals maintain financial records, prepare reports and support tax and audit activities. Work requires accuracy, compliance knowledge and financial analysis.",Accounting; Excel; GST; Taxation; Tally; Financial Reporting; Attention to Detail,BCom/BBA Finance or related degree; CA/CMA/ACCA useful for advanced roles,Tally Prime; GST Certification; CA/CMA pathway; ACCA,₹2.5–5 LPA entry-level; ₹8–20+ LPA experienced (Estimated),High,1. Learn fundamentals; 2. Build role-specific skills; 3. Complete projects or practical training; 4. Gain internship/entry-level experience; 5. Develop a specialization; 6. Move into senior or lead responsibilities,Tax Consultant; Junior Tax Consultant; Senior Tax Consultant; Tax Consultant Consultant,Senior Accountant; Finance Manager; Controller; CFO,Not available
130,Tax Analyst,Accounting & Taxation,"Tax Analyst professionals accounting professionals maintain financial records, prepare reports and support tax and audit activities. Work requires accuracy, compliance knowledge and financial analysis.",Accounting; Excel; GST; Taxation; Tally; Financial Reporting; Attention to Detail,BCom/BBA Finance or related degree; CA/CMA/ACCA useful for advanced roles,Tally Prime; GST Certification; CA/CMA pathway; ACCA,₹2.5–5 LPA entry-level; ₹8–20+ LPA experienced (Estimated),High,1. Learn fundamentals; 2. Build role-specific skills; 3. Complete projects or practical training; 4. Gain internship/entry-level experience; 5. Develop a specialization; 6. Move into senior or lead responsibilities,Tax Analyst; Junior Tax Analyst; Senior Tax Analyst; Tax Analyst Consultant,Senior Accountant; Finance Manager; Controller; CFO,Not available
131,Audit Associate,Accounting & Taxation,"Audit Associate professionals accounting professionals maintain financial records, prepare reports and support tax and audit activities. Work requires accuracy, compliance knowledge and financial analysis.",Accounting; Excel; GST; Taxation; Tally; Financial Reporting; Attention to Detail,BCom/BBA Finance or related degree; CA/CMA/ACCA useful for advanced roles,Tally Prime; GST Certification; CA/CMA pathway; ACCA,₹2.5–5 LPA entry-level; ₹8–20+ LPA experienced (Estimated),High,1. Learn fundamentals; 2. Build role-specific skills; 3. Complete projects or practical training; 4. Gain internship/entry-level experience; 5. Develop a specialization; 6. Move into senior or lead responsibilities,Audit Associate; Junior Audit Associate; Senior Audit Associate; Audit Associate Consultant,Senior Accountant; Finance Manager; Controller; CFO,Not available
132,Internal Auditor,Accounting & Taxation,"Internal Auditor professionals accounting professionals maintain financial records, prepare reports and support tax and audit activities. Work requires accuracy, compliance knowledge and financial analysis.",Accounting; Excel; GST; Taxation; Tally; Financial Reporting; Attention to Detail,BCom/BBA Finance or related degree; CA/CMA/ACCA useful for advanced roles,Tally Prime; GST Certification; CA/CMA pathway; ACCA,₹2.5–5 LPA entry-level; ₹8–20+ LPA experienced (Estimated),High,1. Learn fundamentals; 2. Build role-specific skills; 3. Complete projects or practical training; 4. Gain internship/entry-level experience; 5. Develop a specialization; 6. Move into senior or lead responsibilities,Internal Auditor; Junior Internal Auditor; Senior Internal Auditor; Internal Auditor Consultant,Senior Accountant; Finance Manager; Controller; CFO,Not available
133,External Auditor,Accounting & Taxation,"External Auditor professionals accounting professionals maintain financial records, prepare reports and support tax and audit activities. Work requires accuracy, compliance knowledge and financial analysis.",Accounting; Excel; GST; Taxation; Tally; Financial Reporting; Attention to Detail,BCom/BBA Finance or related degree; CA/CMA/ACCA useful for advanced roles,Tally Prime; GST Certification; CA/CMA pathway; ACCA,₹2.5–5 LPA entry-level; ₹8–20+ LPA experienced (Estimated),High,1. Learn fundamentals; 2. Build role-specific skills; 3. Complete projects or practical training; 4. Gain internship/entry-level experience; 5. Develop a specialization; 6. Move into senior or lead responsibilities,External Auditor; Junior External Auditor; Senior External Auditor; External Auditor Consultant,Senior Accountant; Finance Manager; Controller; CFO,Not available
134,Cost Accountant,Accounting & Taxation,"Cost Accountant professionals accounting professionals maintain financial records, prepare reports and support tax and audit activities. Work requires accuracy, compliance knowledge and financial analysis.",Accounting; Excel; GST; Taxation; Tally; Financial Reporting; Attention to Detail,BCom/BBA Finance or related degree; CA/CMA/ACCA useful for advanced roles,Tally Prime; GST Certification; CA/CMA pathway; ACCA,₹2.5–5 LPA entry-level; ₹8–20+ LPA experienced (Estimated),High,1. Learn fundamentals; 2. Build role-specific skills; 3. Complete projects or practical training; 4. Gain internship/entry-level experience; 5. Develop a specialization; 6. Move into senior or lead responsibilities,Cost Accountant; Junior Cost Accountant; Senior Cost Accountant; Cost Accountant Consultant,Senior Accountant; Finance Manager; Controller; CFO,Not available
135,Management Accountant,Accounting & Taxation,"Management Accountant professionals accounting professionals maintain financial records, prepare reports and support tax and audit activities. Work requires accuracy, compliance knowledge and financial analysis.",Accounting; Excel; GST; Taxation; Tally; Financial Reporting; Attention to Detail,BCom/BBA Finance or related degree; CA/CMA/ACCA useful for advanced roles,Tally Prime; GST Certification; CA/CMA pathway; ACCA,₹2.5–5 LPA entry-level; ₹8–20+ LPA experienced (Estimated),High,1. Learn fundamentals; 2. Build role-specific skills; 3. Complete projects or practical training; 4. Gain internship/entry-level experience; 5. Develop a specialization; 6. Move into senior or lead responsibilities,Management Accountant; Junior Management Accountant; Senior Management Accountant; Management Accountant Consultant,Senior Accountant; Finance Manager; Controller; CFO,Not available
136,Financial Controller,Accounting & Taxation,"Financial Controller professionals accounting professionals maintain financial records, prepare reports and support tax and audit activities. Work requires accuracy, compliance knowledge and financial analysis.",Accounting; Excel; GST; Taxation; Tally; Financial Reporting; Attention to Detail,BCom/BBA Finance or related degree; CA/CMA/ACCA useful for advanced roles,Tally Prime; GST Certification; CA/CMA pathway; ACCA,₹2.5–5 LPA entry-level; ₹8–20+ LPA experienced (Estimated),High,1. Learn fundamentals; 2. Build role-specific skills; 3. Complete projects or practical training; 4. Gain internship/entry-level experience; 5. Develop a specialization; 6. Move into senior or lead responsibilities,Financial Controller; Junior Financial Controller; Senior Financial Controller; Financial Controller Consultant,Senior Accountant; Finance Manager; Controller; CFO,Not available
137,Payroll Specialist,Accounting & Taxation,"Payroll Specialist professionals accounting professionals maintain financial records, prepare reports and support tax and audit activities. Work requires accuracy, compliance knowledge and financial analysis.",Accounting; Excel; GST; Taxation; Tally; Financial Reporting; Attention to Detail,BCom/BBA Finance or related degree; CA/CMA/ACCA useful for advanced roles,Tally Prime; GST Certification; CA/CMA pathway; ACCA,₹2.5–5 LPA entry-level; ₹8–20+ LPA experienced (Estimated),High,1. Learn fundamentals; 2. Build role-specific skills; 3. Complete projects or practical training; 4. Gain internship/entry-level experience; 5. Develop a specialization; 6. Move into senior or lead responsibilities,Payroll Specialist; Junior Payroll Specialist; Senior Payroll Specialist; Payroll Specialist Consultant,Senior Accountant; Finance Manager; Controller; CFO,Not available
138,Accounts Payable Specialist,Accounting & Taxation,"Accounts Payable Specialist professionals accounting professionals maintain financial records, prepare reports and support tax and audit activities. Work requires accuracy, compliance knowledge and financial analysis.",Accounting; Excel; GST; Taxation; Tally; Financial Reporting; Attention to Detail,BCom/BBA Finance or related degree; CA/CMA/ACCA useful for advanced roles,Tally Prime; GST Certification; CA/CMA pathway; ACCA,₹2.5–5 LPA entry-level; ₹8–20+ LPA experienced (Estimated),High,1. Learn fundamentals; 2. Build role-specific skills; 3. Complete projects or practical training; 4. Gain internship/entry-level experience; 5. Develop a specialization; 6. Move into senior or lead responsibilities,Accounts Payable Specialist; Junior Accounts Payable Specialist; Senior Accounts Payable Specialist; Accounts Payable Specialist Consultant,Senior Accountant; Finance Manager; Controller; CFO,Not available
139,Accounts Receivable Specialist,Accounting & Taxation,"Accounts Receivable Specialist professionals accounting professionals maintain financial records, prepare reports and support tax and audit activities. Work requires accuracy, compliance knowledge and financial analysis.",Accounting; Excel; GST; Taxation; Tally; Financial Reporting; Attention to Detail,BCom/BBA Finance or related degree; CA/CMA/ACCA useful for advanced roles,Tally Prime; GST Certification; CA/CMA pathway; ACCA,₹2.5–5 LPA entry-level; ₹8–20+ LPA experienced (Estimated),High,1. Learn fundamentals; 2. Build role-specific skills; 3. Complete projects or practical training; 4. Gain internship/entry-level experience; 5. Develop a specialization; 6. Move into senior or lead responsibilities,Accounts Receivable Specialist; Junior Accounts Receivable Specialist; Senior Accounts Receivable Specialist; Accounts Receivable Specialist Consultant,Senior Accountant; Finance Manager; Controller; CFO,Not available
140,GST Consultant,Accounting & Taxation,"GST Consultant professionals accounting professionals maintain financial records, prepare reports and support tax and audit activities. Work requires accuracy, compliance knowledge and financial analysis.",Accounting; Excel; GST; Taxation; Tally; Financial Reporting; Attention to Detail,BCom/BBA Finance or related degree; CA/CMA/ACCA useful for advanced roles,Tally Prime; GST Certification; CA/CMA pathway; ACCA,₹2.5–5 LPA entry-level; ₹8–20+ LPA experienced (Estimated),High,1. Learn fundamentals; 2. Build role-specific skills; 3. Complete projects or practical training; 4. Gain internship/entry-level experience; 5. Develop a specialization; 6. Move into senior or lead responsibilities,GST Consultant; Junior GST Consultant; Senior GST Consultant; GST Consultant Consultant,Senior Accountant; Finance Manager; Controller; CFO,Not available
141,Digital Marketing Executive,Marketing & Digital Marketing,"Digital Marketing Executive professionals marketing professionals help organizations attract customers and build brands. Digital roles use search, social media, content, advertising, analytics and marketing technology.",Communication; SEO; Content Marketing; Social Media; Analytics; Copywriting; Campaign Management,"Any bachelor's degree; marketing, communication or business background can help",Google Digital Marketing & E-commerce; Google Analytics; HubSpot Marketing; Meta Blueprint,₹2.5–6 LPA entry-level; ₹8–25+ LPA experienced (Estimated),High,1. Learn fundamentals; 2. Build role-specific skills; 3. Complete projects or practical training; 4. Gain internship/entry-level experience; 5. Develop a specialization; 6. Move into senior or lead responsibilities,Digital Marketing Executive; Junior Digital Marketing Executive; Senior Digital Marketing Executive; Digital Marketing Executive Consultant,Senior Marketer; Marketing Manager; Growth Lead; Marketing Director,Not available
142,Digital Marketing Manager,Marketing & Digital Marketing,"Digital Marketing Manager professionals marketing professionals help organizations attract customers and build brands. Digital roles use search, social media, content, advertising, analytics and marketing technology.",Communication; SEO; Content Marketing; Social Media; Analytics; Copywriting; Campaign Management,"Any bachelor's degree; marketing, communication or business background can help",Google Digital Marketing & E-commerce; Google Analytics; HubSpot Marketing; Meta Blueprint,₹2.5–6 LPA entry-level; ₹8–25+ LPA experienced (Estimated),High,1. Learn fundamentals; 2. Build role-specific skills; 3. Complete projects or practical training; 4. Gain internship/entry-level experience; 5. Develop a specialization; 6. Move into senior or lead responsibilities,Digital Marketing Manager; Junior Digital Marketing Manager; Senior Digital Marketing Manager; Digital Marketing Manager Consultant,Senior Marketer; Marketing Manager; Growth Lead; Marketing Director,Not available
143,SEO Specialist,Marketing & Digital Marketing,"SEO Specialist professionals marketing professionals help organizations attract customers and build brands. Digital roles use search, social media, content, advertising, analytics and marketing technology.",Communication; SEO; Content Marketing; Social Media; Analytics; Copywriting; Campaign Management,"Any bachelor's degree; marketing, communication or business background can help",Google Digital Marketing & E-commerce; Google Analytics; HubSpot Marketing; Meta Blueprint,₹2.5–6 LPA entry-level; ₹8–25+ LPA experienced (Estimated),High,1. Learn fundamentals; 2. Build role-specific skills; 3. Complete projects or practical training; 4. Gain internship/entry-level experience; 5. Develop a specialization; 6. Move into senior or lead responsibilities,SEO Specialist; Junior SEO Specialist; Senior SEO Specialist; SEO Specialist Consultant,Senior Marketer; Marketing Manager; Growth Lead; Marketing Director,Not available
144,SEM Specialist,Marketing & Digital Marketing,"SEM Specialist professionals marketing professionals help organizations attract customers and build brands. Digital roles use search, social media, content, advertising, analytics and marketing technology.",Communication; SEO; Content Marketing; Social Media; Analytics; Copywriting; Campaign Management,"Any bachelor's degree; marketing, communication or business background can help",Google Digital Marketing & E-commerce; Google Analytics; HubSpot Marketing; Meta Blueprint,₹2.5–6 LPA entry-level; ₹8–25+ LPA experienced (Estimated),High,1. Learn fundamentals; 2. Build role-specific skills; 3. Complete projects or practical training; 4. Gain internship/entry-level experience; 5. Develop a specialization; 6. Move into senior or lead responsibilities,SEM Specialist; Junior SEM Specialist; Senior SEM Specialist; SEM Specialist Consultant,Senior Marketer; Marketing Manager; Growth Lead; Marketing Director,Not available
145,Content Marketing Specialist,Marketing & Digital Marketing,"Content Marketing Specialist professionals marketing professionals help organizations attract customers and build brands. Digital roles use search, social media, content, advertising, analytics and marketing technology.",Communication; SEO; Content Marketing; Social Media; Analytics; Copywriting; Campaign Management,"Any bachelor's degree; marketing, communication or business background can help",Google Digital Marketing & E-commerce; Google Analytics; HubSpot Marketing; Meta Blueprint,₹2.5–6 LPA entry-level; ₹8–25+ LPA experienced (Estimated),High,1. Learn fundamentals; 2. Build role-specific skills; 3. Complete projects or practical training; 4. Gain internship/entry-level experience; 5. Develop a specialization; 6. Move into senior or lead responsibilities,Content Marketing Specialist; Junior Content Marketing Specialist; Senior Content Marketing Specialist; Content Marketing Specialist Consultant,Senior Marketer; Marketing Manager; Growth Lead; Marketing Director,Not available
146,Social Media Manager,Marketing & Digital Marketing,"Social Media Manager professionals marketing professionals help organizations attract customers and build brands. Digital roles use search, social media, content, advertising, analytics and marketing technology.",Communication; SEO; Content Marketing; Social Media; Analytics; Copywriting; Campaign Management,"Any bachelor's degree; marketing, communication or business background can help",Google Digital Marketing & E-commerce; Google Analytics; HubSpot Marketing; Meta Blueprint,₹2.5–6 LPA entry-level; ₹8–25+ LPA experienced (Estimated),High,1. Learn fundamentals; 2. Build role-specific skills; 3. Complete projects or practical training; 4. Gain internship/entry-level experience; 5. Develop a specialization; 6. Move into senior or lead responsibilities,Social Media Manager; Junior Social Media Manager; Senior Social Media Manager; Social Media Manager Consultant,Senior Marketer; Marketing Manager; Growth Lead; Marketing Director,Not available
147,Social Media Executive,Marketing & Digital Marketing,"Social Media Executive professionals marketing professionals help organizations attract customers and build brands. Digital roles use search, social media, content, advertising, analytics and marketing technology.",Communication; SEO; Content Marketing; Social Media; Analytics; Copywriting; Campaign Management,"Any bachelor's degree; marketing, communication or business background can help",Google Digital Marketing & E-commerce; Google Analytics; HubSpot Marketing; Meta Blueprint,₹2.5–6 LPA entry-level; ₹8–25+ LPA experienced (Estimated),High,1. Learn fundamentals; 2. Build role-specific skills; 3. Complete projects or practical training; 4. Gain internship/entry-level experience; 5. Develop a specialization; 6. Move into senior or lead responsibilities,Social Media Executive; Junior Social Media Executive; Senior Social Media Executive; Social Media Executive Consultant,Senior Marketer; Marketing Manager; Growth Lead; Marketing Director,Not available
148,Email Marketing Specialist,Marketing & Digital Marketing,"Email Marketing Specialist professionals marketing professionals help organizations attract customers and build brands. Digital roles use search, social media, content, advertising, analytics and marketing technology.",Communication; SEO; Content Marketing; Social Media; Analytics; Copywriting; Campaign Management,"Any bachelor's degree; marketing, communication or business background can help",Google Digital Marketing & E-commerce; Google Analytics; HubSpot Marketing; Meta Blueprint,₹2.5–6 LPA entry-level; ₹8–25+ LPA experienced (Estimated),High,1. Learn fundamentals; 2. Build role-specific skills; 3. Complete projects or practical training; 4. Gain internship/entry-level experience; 5. Develop a specialization; 6. Move into senior or lead responsibilities,Email Marketing Specialist; Junior Email Marketing Specialist; Senior Email Marketing Specialist; Email Marketing Specialist Consultant,Senior Marketer; Marketing Manager; Growth Lead; Marketing Director,Not available
149,Performance Marketing Specialist,Marketing & Digital Marketing,"Performance Marketing Specialist professionals marketing professionals help organizations attract customers and build brands. Digital roles use search, social media, content, advertising, analytics and marketing technology.",Communication; SEO; Content Marketing; Social Media; Analytics; Copywriting; Campaign Management,"Any bachelor's degree; marketing, communication or business background can help",Google Digital Marketing & E-commerce; Google Analytics; HubSpot Marketing; Meta Blueprint,₹2.5–6 LPA entry-level; ₹8–25+ LPA experienced (Estimated),High,1. Learn fundamentals; 2. Build role-specific skills; 3. Complete projects or practical training; 4. Gain internship/entry-level experience; 5. Develop a specialization; 6. Move into senior or lead responsibilities,Performance Marketing Specialist; Junior Performance Marketing Specialist; Senior Performance Marketing Specialist; Performance Marketing Specialist Consultant,Senior Marketer; Marketing Manager; Growth Lead; Marketing Director,Not available
150,Growth Marketing Manager,Marketing & Digital Marketing,"Growth Marketing Manager professionals marketing professionals help organizations attract customers and build brands. Digital roles use search, social media, content, advertising, analytics and marketing technology.",Communication; SEO; Content Marketing; Social Media; Analytics; Copywriting; Campaign Management,"Any bachelor's degree; marketing, communication or business background can help",Google Digital Marketing & E-commerce; Google Analytics; HubSpot Marketing; Meta Blueprint,₹2.5–6 LPA entry-level; ₹8–25+ LPA experienced (Estimated),High,1. Learn fundamentals; 2. Build role-specific skills; 3. Complete projects or practical training; 4. Gain internship/entry-level experience; 5. Develop a specialization; 6. Move into senior or lead responsibilities,Growth Marketing Manager; Junior Growth Marketing Manager; Senior Growth Marketing Manager; Growth Marketing Manager Consultant,Senior Marketer; Marketing Manager; Growth Lead; Marketing Director,Not available
151,Brand Manager,Marketing & Digital Marketing,"Brand Manager professionals marketing professionals help organizations attract customers and build brands. Digital roles use search, social media, content, advertising, analytics and marketing technology.",Communication; SEO; Content Marketing; Social Media; Analytics; Copywriting; Campaign Management,"Any bachelor's degree; marketing, communication or business background can help",Google Digital Marketing & E-commerce; Google Analytics; HubSpot Marketing; Meta Blueprint,₹2.5–6 LPA entry-level; ₹8–25+ LPA experienced (Estimated),High,1. Learn fundamentals; 2. Build role-specific skills; 3. Complete projects or practical training; 4. Gain internship/entry-level experience; 5. Develop a specialization; 6. Move into senior or lead responsibilities,Brand Manager; Junior Brand Manager; Senior Brand Manager; Brand Manager Consultant,Senior Marketer; Marketing Manager; Growth Lead; Marketing Director,Not available
152,Marketing Analyst,Marketing & Digital Marketing,"Marketing Analyst professionals marketing professionals help organizations attract customers and build brands. Digital roles use search, social media, content, advertising, analytics and marketing technology.",Communication; SEO; Content Marketing; Social Media; Analytics; Copywriting; Campaign Management,"Any bachelor's degree; marketing, communication or business background can help",Google Digital Marketing & E-commerce; Google Analytics; HubSpot Marketing; Meta Blueprint,₹2.5–6 LPA entry-level; ₹8–25+ LPA experienced (Estimated),High,1. Learn fundamentals; 2. Build role-specific skills; 3. Complete projects or practical training; 4. Gain internship/entry-level experience; 5. Develop a specialization; 6. Move into senior or lead responsibilities,Marketing Analyst; Junior Marketing Analyst; Senior Marketing Analyst; Marketing Analyst Consultant,Senior Marketer; Marketing Manager; Growth Lead; Marketing Director,Not available
153,Marketing Communications Specialist,Marketing & Digital Marketing,"Marketing Communications Specialist professionals marketing professionals help organizations attract customers and build brands. Digital roles use search, social media, content, advertising, analytics and marketing technology.",Communication; SEO; Content Marketing; Social Media; Analytics; Copywriting; Campaign Management,"Any bachelor's degree; marketing, communication or business background can help",Google Digital Marketing & E-commerce; Google Analytics; HubSpot Marketing; Meta Blueprint,₹2.5–6 LPA entry-level; ₹8–25+ LPA experienced (Estimated),High,1. Learn fundamentals; 2. Build role-specific skills; 3. Complete projects or practical training; 4. Gain internship/entry-level experience; 5. Develop a specialization; 6. Move into senior or lead responsibilities,Marketing Communications Specialist; Junior Marketing Communications Specialist; Senior Marketing Communications Specialist; Marketing Communications Specialist Consultant,Senior Marketer; Marketing Manager; Growth Lead; Marketing Director,Not available
154,Affiliate Marketing Manager,Marketing & Digital Marketing,"Affiliate Marketing Manager professionals marketing professionals help organizations attract customers and build brands. Digital roles use search, social media, content, advertising, analytics and marketing technology.",Communication; SEO; Content Marketing; Social Media; Analytics; Copywriting; Campaign Management,"Any bachelor's degree; marketing, communication or business background can help",Google Digital Marketing & E-commerce; Google Analytics; HubSpot Marketing; Meta Blueprint,₹2.5–6 LPA entry-level; ₹8–25+ LPA experienced (Estimated),High,1. Learn fundamentals; 2. Build role-specific skills; 3. Complete projects or practical training; 4. Gain internship/entry-level experience; 5. Develop a specialization; 6. Move into senior or lead responsibilities,Affiliate Marketing Manager; Junior Affiliate Marketing Manager; Senior Affiliate Marketing Manager; Affiliate Marketing Manager Consultant,Senior Marketer; Marketing Manager; Growth Lead; Marketing Director,Not available
155,Influencer Marketing Manager,Marketing & Digital Marketing,"Influencer Marketing Manager professionals marketing professionals help organizations attract customers and build brands. Digital roles use search, social media, content, advertising, analytics and marketing technology.",Communication; SEO; Content Marketing; Social Media; Analytics; Copywriting; Campaign Management,"Any bachelor's degree; marketing, communication or business background can help",Google Digital Marketing & E-commerce; Google Analytics; HubSpot Marketing; Meta Blueprint,₹2.5–6 LPA entry-level; ₹8–25+ LPA experienced (Estimated),High,1. Learn fundamentals; 2. Build role-specific skills; 3. Complete projects or practical training; 4. Gain internship/entry-level experience; 5. Develop a specialization; 6. Move into senior or lead responsibilities,Influencer Marketing Manager; Junior Influencer Marketing Manager; Senior Influencer Marketing Manager; Influencer Marketing Manager Consultant,Senior Marketer; Marketing Manager; Growth Lead; Marketing Director,Not available
156,Sales Executive,Sales & Business Development,"Sales Executive professionals sales professionals identify prospects, build relationships and generate business revenue. Work involves communication, negotiation, product knowledge and customer management.",Communication; Negotiation; Lead Generation; CRM; Presentation; Relationship Management; Sales Strategy,Any bachelor's degree; business or marketing education is useful,HubSpot Sales; Salesforce Training; Google Digital Marketing; LinkedIn Sales Navigator training,₹2.5–6 LPA entry-level; ₹8–25+ LPA experienced (Estimated),High,1. Learn fundamentals; 2. Build role-specific skills; 3. Complete projects or practical training; 4. Gain internship/entry-level experience; 5. Develop a specialization; 6. Move into senior or lead responsibilities,Sales Executive; Junior Sales Executive; Senior Sales Executive; Sales Executive Consultant,Senior Sales Manager; Key Account Manager; Business Development Head; Sales Director,Not available
157,Sales Manager,Sales & Business Development,"Sales Manager professionals sales professionals identify prospects, build relationships and generate business revenue. Work involves communication, negotiation, product knowledge and customer management.",Communication; Negotiation; Lead Generation; CRM; Presentation; Relationship Management; Sales Strategy,Any bachelor's degree; business or marketing education is useful,HubSpot Sales; Salesforce Training; Google Digital Marketing; LinkedIn Sales Navigator training,₹2.5–6 LPA entry-level; ₹8–25+ LPA experienced (Estimated),High,1. Learn fundamentals; 2. Build role-specific skills; 3. Complete projects or practical training; 4. Gain internship/entry-level experience; 5. Develop a specialization; 6. Move into senior or lead responsibilities,Sales Manager; Junior Sales Manager; Senior Sales Manager; Sales Manager Consultant,Senior Sales Manager; Key Account Manager; Business Development Head; Sales Director,11-2022.00
158,Business Development Executive,Sales & Business Development,"Business Development Executive professionals sales professionals identify prospects, build relationships and generate business revenue. Work involves communication, negotiation, product knowledge and customer management.",Communication; Negotiation; Lead Generation; CRM; Presentation; Relationship Management; Sales Strategy,Any bachelor's degree; business or marketing education is useful,HubSpot Sales; Salesforce Training; Google Digital Marketing; LinkedIn Sales Navigator training,₹2.5–6 LPA entry-level; ₹8–25+ LPA experienced (Estimated),High,1. Learn fundamentals; 2. Build role-specific skills; 3. Complete projects or practical training; 4. Gain internship/entry-level experience; 5. Develop a specialization; 6. Move into senior or lead responsibilities,Business Development Executive; Junior Business Development Executive; Senior Business Development Executive; Business Development Executive Consultant,Senior Sales Manager; Key Account Manager; Business Development Head; Sales Director,Not available
159,Business Development Manager,Sales & Business Development,"Business Development Manager professionals sales professionals identify prospects, build relationships and generate business revenue. Work involves communication, negotiation, product knowledge and customer management.",Communication; Negotiation; Lead Generation; CRM; Presentation; Relationship Management; Sales Strategy,Any bachelor's degree; business or marketing education is useful,HubSpot Sales; Salesforce Training; Google Digital Marketing; LinkedIn Sales Navigator training,₹2.5–6 LPA entry-level; ₹8–25+ LPA experienced (Estimated),High,1. Learn fundamentals; 2. Build role-specific skills; 3. Complete projects or practical training; 4. Gain internship/entry-level experience; 5. Develop a specialization; 6. Move into senior or lead responsibilities,Business Development Manager; Junior Business Development Manager; Senior Business Development Manager; Business Development Manager Consultant,Senior Sales Manager; Key Account Manager; Business Development Head; Sales Director,Not available
160,Account Executive,Sales & Business Development,"Account Executive professionals sales professionals identify prospects, build relationships and generate business revenue. Work involves communication, negotiation, product knowledge and customer management.",Communication; Negotiation; Lead Generation; CRM; Presentation; Relationship Management; Sales Strategy,Any bachelor's degree; business or marketing education is useful,HubSpot Sales; Salesforce Training; Google Digital Marketing; LinkedIn Sales Navigator training,₹2.5–6 LPA entry-level; ₹8–25+ LPA experienced (Estimated),High,1. Learn fundamentals; 2. Build role-specific skills; 3. Complete projects or practical training; 4. Gain internship/entry-level experience; 5. Develop a specialization; 6. Move into senior or lead responsibilities,Account Executive; Junior Account Executive; Senior Account Executive; Account Executive Consultant,Senior Sales Manager; Key Account Manager; Business Development Head; Sales Director,Not available
161,Account Manager,Sales & Business Development,"Account Manager professionals sales professionals identify prospects, build relationships and generate business revenue. Work involves communication, negotiation, product knowledge and customer management.",Communication; Negotiation; Lead Generation; CRM; Presentation; Relationship Management; Sales Strategy,Any bachelor's degree; business or marketing education is useful,HubSpot Sales; Salesforce Training; Google Digital Marketing; LinkedIn Sales Navigator training,₹2.5–6 LPA entry-level; ₹8–25+ LPA experienced (Estimated),High,1. Learn fundamentals; 2. Build role-specific skills; 3. Complete projects or practical training; 4. Gain internship/entry-level experience; 5. Develop a specialization; 6. Move into senior or lead responsibilities,Account Manager; Junior Account Manager; Senior Account Manager; Account Manager Consultant,Senior Sales Manager; Key Account Manager; Business Development Head; Sales Director,Not available
162,Inside Sales Representative,Sales & Business Development,"Inside Sales Representative professionals sales professionals identify prospects, build relationships and generate business revenue. Work involves communication, negotiation, product knowledge and customer management.",Communication; Negotiation; Lead Generation; CRM; Presentation; Relationship Management; Sales Strategy,Any bachelor's degree; business or marketing education is useful,HubSpot Sales; Salesforce Training; Google Digital Marketing; LinkedIn Sales Navigator training,₹2.5–6 LPA entry-level; ₹8–25+ LPA experienced (Estimated),High,1. Learn fundamentals; 2. Build role-specific skills; 3. Complete projects or practical training; 4. Gain internship/entry-level experience; 5. Develop a specialization; 6. Move into senior or lead responsibilities,Inside Sales Representative; Junior Inside Sales Representative; Senior Inside Sales Representative; Inside Sales Representative Consultant,Senior Sales Manager; Key Account Manager; Business Development Head; Sales Director,Not available
163,Field Sales Executive,Sales & Business Development,"Field Sales Executive professionals sales professionals identify prospects, build relationships and generate business revenue. Work involves communication, negotiation, product knowledge and customer management.",Communication; Negotiation; Lead Generation; CRM; Presentation; Relationship Management; Sales Strategy,Any bachelor's degree; business or marketing education is useful,HubSpot Sales; Salesforce Training; Google Digital Marketing; LinkedIn Sales Navigator training,₹2.5–6 LPA entry-level; ₹8–25+ LPA experienced (Estimated),High,1. Learn fundamentals; 2. Build role-specific skills; 3. Complete projects or practical training; 4. Gain internship/entry-level experience; 5. Develop a specialization; 6. Move into senior or lead responsibilities,Field Sales Executive; Junior Field Sales Executive; Senior Field Sales Executive; Field Sales Executive Consultant,Senior Sales Manager; Key Account Manager; Business Development Head; Sales Director,Not available
164,Sales Operations Analyst,Sales & Business Development,"Sales Operations Analyst professionals sales professionals identify prospects, build relationships and generate business revenue. Work involves communication, negotiation, product knowledge and customer management.",Communication; Negotiation; Lead Generation; CRM; Presentation; Relationship Management; Sales Strategy,Any bachelor's degree; business or marketing education is useful,HubSpot Sales; Salesforce Training; Google Digital Marketing; LinkedIn Sales Navigator training,₹2.5–6 LPA entry-level; ₹8–25+ LPA experienced (Estimated),High,1. Learn fundamentals; 2. Build role-specific skills; 3. Complete projects or practical training; 4. Gain internship/entry-level experience; 5. Develop a specialization; 6. Move into senior or lead responsibilities,Sales Operations Analyst; Junior Sales Operations Analyst; Senior Sales Operations Analyst; Sales Operations Analyst Consultant,Senior Sales Manager; Key Account Manager; Business Development Head; Sales Director,Not available
165,Sales Development Representative,Sales & Business Development,"Sales Development Representative professionals sales professionals identify prospects, build relationships and generate business revenue. Work involves communication, negotiation, product knowledge and customer management.",Communication; Negotiation; Lead Generation; CRM; Presentation; Relationship Management; Sales Strategy,Any bachelor's degree; business or marketing education is useful,HubSpot Sales; Salesforce Training; Google Digital Marketing; LinkedIn Sales Navigator training,₹2.5–6 LPA entry-level; ₹8–25+ LPA experienced (Estimated),High,1. Learn fundamentals; 2. Build role-specific skills; 3. Complete projects or practical training; 4. Gain internship/entry-level experience; 5. Develop a specialization; 6. Move into senior or lead responsibilities,Sales Development Representative; Junior Sales Development Representative; Senior Sales Development Representative; Sales Development Representative Consultant,Senior Sales Manager; Key Account Manager; Business Development Head; Sales Director,Not available
166,Customer Acquisition Specialist,Sales & Business Development,"Customer Acquisition Specialist professionals sales professionals identify prospects, build relationships and generate business revenue. Work involves communication, negotiation, product knowledge and customer management.",Communication; Negotiation; Lead Generation; CRM; Presentation; Relationship Management; Sales Strategy,Any bachelor's degree; business or marketing education is useful,HubSpot Sales; Salesforce Training; Google Digital Marketing; LinkedIn Sales Navigator training,₹2.5–6 LPA entry-level; ₹8–25+ LPA experienced (Estimated),High,1. Learn fundamentals; 2. Build role-specific skills; 3. Complete projects or practical training; 4. Gain internship/entry-level experience; 5. Develop a specialization; 6. Move into senior or lead responsibilities,Customer Acquisition Specialist; Junior Customer Acquisition Specialist; Senior Customer Acquisition Specialist; Customer Acquisition Specialist Consultant,Senior Sales Manager; Key Account Manager; Business Development Head; Sales Director,Not available
167,Key Account Manager,Sales & Business Development,"Key Account Manager professionals sales professionals identify prospects, build relationships and generate business revenue. Work involves communication, negotiation, product knowledge and customer management.",Communication; Negotiation; Lead Generation; CRM; Presentation; Relationship Management; Sales Strategy,Any bachelor's degree; business or marketing education is useful,HubSpot Sales; Salesforce Training; Google Digital Marketing; LinkedIn Sales Navigator training,₹2.5–6 LPA entry-level; ₹8–25+ LPA experienced (Estimated),High,1. Learn fundamentals; 2. Build role-specific skills; 3. Complete projects or practical training; 4. Gain internship/entry-level experience; 5. Develop a specialization; 6. Move into senior or lead responsibilities,Key Account Manager; Junior Key Account Manager; Senior Key Account Manager; Key Account Manager Consultant,Senior Sales Manager; Key Account Manager; Business Development Head; Sales Director,Not available
168,Channel Sales Manager,Sales & Business Development,"Channel Sales Manager professionals sales professionals identify prospects, build relationships and generate business revenue. Work involves communication, negotiation, product knowledge and customer management.",Communication; Negotiation; Lead Generation; CRM; Presentation; Relationship Management; Sales Strategy,Any bachelor's degree; business or marketing education is useful,HubSpot Sales; Salesforce Training; Google Digital Marketing; LinkedIn Sales Navigator training,₹2.5–6 LPA entry-level; ₹8–25+ LPA experienced (Estimated),High,1. Learn fundamentals; 2. Build role-specific skills; 3. Complete projects or practical training; 4. Gain internship/entry-level experience; 5. Develop a specialization; 6. Move into senior or lead responsibilities,Channel Sales Manager; Junior Channel Sales Manager; Senior Channel Sales Manager; Channel Sales Manager Consultant,Senior Sales Manager; Key Account Manager; Business Development Head; Sales Director,Not available
169,Pre-Sales Consultant,Sales & Business Development,"Pre-Sales Consultant professionals sales professionals identify prospects, build relationships and generate business revenue. Work involves communication, negotiation, product knowledge and customer management.",Communication; Negotiation; Lead Generation; CRM; Presentation; Relationship Management; Sales Strategy,Any bachelor's degree; business or marketing education is useful,HubSpot Sales; Salesforce Training; Google Digital Marketing; LinkedIn Sales Navigator training,₹2.5–6 LPA entry-level; ₹8–25+ LPA experienced (Estimated),High,1. Learn fundamentals; 2. Build role-specific skills; 3. Complete projects or practical training; 4. Gain internship/entry-level experience; 5. Develop a specialization; 6. Move into senior or lead responsibilities,Pre-Sales Consultant; Junior Pre-Sales Consultant; Senior Pre-Sales Consultant; Pre-Sales Consultant Consultant,Senior Sales Manager; Key Account Manager; Business Development Head; Sales Director,Not available
170,Sales Engineer,Sales & Business Development,"Sales Engineer professionals sales professionals identify prospects, build relationships and generate business revenue. Work involves communication, negotiation, product knowledge and customer management.",Communication; Negotiation; Lead Generation; CRM; Presentation; Relationship Management; Sales Strategy,Any bachelor's degree; business or marketing education is useful,HubSpot Sales; Salesforce Training; Google Digital Marketing; LinkedIn Sales Navigator training,₹2.5–6 LPA entry-level; ₹8–25+ LPA experienced (Estimated),High,1. Learn fundamentals; 2. Build role-specific skills; 3. Complete projects or practical training; 4. Gain internship/entry-level experience; 5. Develop a specialization; 6. Move into senior or lead responsibilities,Sales Engineer; Junior Sales Engineer; Senior Sales Engineer; Sales Engineer Consultant,Senior Sales Manager; Key Account Manager; Business Development Head; Sales Director,Not available
171,HR Executive,Human Resources,"HR Executive professionals hR professionals support hiring, employee development, workplace operations and organizational effectiveness. Roles combine people skills with process, policy and data management.",Communication; Recruitment; HR Operations; Excel; Interviewing; Employee Relations; HR Analytics,BBA/BA/BCom/Bachelor's degree; MBA/PGDM HR useful for many roles,SHRM-CP; HRCI certifications; People Analytics; HR Analytics courses,₹2.5–6 LPA entry-level; ₹8–25+ LPA experienced (Estimated),High,1. Learn fundamentals; 2. Build role-specific skills; 3. Complete projects or practical training; 4. Gain internship/entry-level experience; 5. Develop a specialization; 6. Move into senior or lead responsibilities,HR Executive; Junior HR Executive; Senior HR Executive; HR Executive Consultant,HR Manager; HR Business Partner; Talent Head; HR Director,Not available
172,HR Generalist,Human Resources,"HR Generalist professionals hR professionals support hiring, employee development, workplace operations and organizational effectiveness. Roles combine people skills with process, policy and data management.",Communication; Recruitment; HR Operations; Excel; Interviewing; Employee Relations; HR Analytics,BBA/BA/BCom/Bachelor's degree; MBA/PGDM HR useful for many roles,SHRM-CP; HRCI certifications; People Analytics; HR Analytics courses,₹2.5–6 LPA entry-level; ₹8–25+ LPA experienced (Estimated),High,1. Learn fundamentals; 2. Build role-specific skills; 3. Complete projects or practical training; 4. Gain internship/entry-level experience; 5. Develop a specialization; 6. Move into senior or lead responsibilities,HR Generalist; Junior HR Generalist; Senior HR Generalist; HR Generalist Consultant,HR Manager; HR Business Partner; Talent Head; HR Director,Not available
173,HR Manager,Human Resources,"HR Manager professionals hR professionals support hiring, employee development, workplace operations and organizational effectiveness. Roles combine people skills with process, policy and data management.",Communication; Recruitment; HR Operations; Excel; Interviewing; Employee Relations; HR Analytics,BBA/BA/BCom/Bachelor's degree; MBA/PGDM HR useful for many roles,SHRM-CP; HRCI certifications; People Analytics; HR Analytics courses,₹2.5–6 LPA entry-level; ₹8–25+ LPA experienced (Estimated),High,1. Learn fundamentals; 2. Build role-specific skills; 3. Complete projects or practical training; 4. Gain internship/entry-level experience; 5. Develop a specialization; 6. Move into senior or lead responsibilities,HR Manager; Junior HR Manager; Senior HR Manager; HR Manager Consultant,HR Manager; HR Business Partner; Talent Head; HR Director,Not available
174,Talent Acquisition Specialist,Human Resources,"Talent Acquisition Specialist professionals hR professionals support hiring, employee development, workplace operations and organizational effectiveness. Roles combine people skills with process, policy and data management.",Communication; Recruitment; HR Operations; Excel; Interviewing; Employee Relations; HR Analytics,BBA/BA/BCom/Bachelor's degree; MBA/PGDM HR useful for many roles,SHRM-CP; HRCI certifications; People Analytics; HR Analytics courses,₹2.5–6 LPA entry-level; ₹8–25+ LPA experienced (Estimated),High,1. Learn fundamentals; 2. Build role-specific skills; 3. Complete projects or practical training; 4. Gain internship/entry-level experience; 5. Develop a specialization; 6. Move into senior or lead responsibilities,Talent Acquisition Specialist; Junior Talent Acquisition Specialist; Senior Talent Acquisition Specialist; Talent Acquisition Specialist Consultant,HR Manager; HR Business Partner; Talent Head; HR Director,Not available
175,Recruiter,Human Resources,"Recruiter professionals hR professionals support hiring, employee development, workplace operations and organizational effectiveness. Roles combine people skills with process, policy and data management.",Communication; Recruitment; HR Operations; Excel; Interviewing; Employee Relations; HR Analytics,BBA/BA/BCom/Bachelor's degree; MBA/PGDM HR useful for many roles,SHRM-CP; HRCI certifications; People Analytics; HR Analytics courses,₹2.5–6 LPA entry-level; ₹8–25+ LPA experienced (Estimated),High,1. Learn fundamentals; 2. Build role-specific skills; 3. Complete projects or practical training; 4. Gain internship/entry-level experience; 5. Develop a specialization; 6. Move into senior or lead responsibilities,Recruiter; Junior Recruiter; Senior Recruiter; Recruiter Consultant,HR Manager; HR Business Partner; Talent Head; HR Director,Not available
176,Technical Recruiter,Human Resources,"Technical Recruiter professionals hR professionals support hiring, employee development, workplace operations and organizational effectiveness. Roles combine people skills with process, policy and data management.",Communication; Recruitment; HR Operations; Excel; Interviewing; Employee Relations; HR Analytics,BBA/BA/BCom/Bachelor's degree; MBA/PGDM HR useful for many roles,SHRM-CP; HRCI certifications; People Analytics; HR Analytics courses,₹2.5–6 LPA entry-level; ₹8–25+ LPA experienced (Estimated),High,1. Learn fundamentals; 2. Build role-specific skills; 3. Complete projects or practical training; 4. Gain internship/entry-level experience; 5. Develop a specialization; 6. Move into senior or lead responsibilities,Technical Recruiter; Junior Technical Recruiter; Senior Technical Recruiter; Technical Recruiter Consultant,HR Manager; HR Business Partner; Talent Head; HR Director,Not available
177,Learning and Development Specialist,Human Resources,"Learning and Development Specialist professionals hR professionals support hiring, employee development, workplace operations and organizational effectiveness. Roles combine people skills with process, policy and data management.",Communication; Recruitment; HR Operations; Excel; Interviewing; Employee Relations; HR Analytics,BBA/BA/BCom/Bachelor's degree; MBA/PGDM HR useful for many roles,SHRM-CP; HRCI certifications; People Analytics; HR Analytics courses,₹2.5–6 LPA entry-level; ₹8–25+ LPA experienced (Estimated),High,1. Learn fundamentals; 2. Build role-specific skills; 3. Complete projects or practical training; 4. Gain internship/entry-level experience; 5. Develop a specialization; 6. Move into senior or lead responsibilities,Learning and Development Specialist; Junior Learning and Development Specialist; Senior Learning and Development Specialist; Learning and Development Specialist Consultant,HR Manager; HR Business Partner; Talent Head; HR Director,Not available
178,Compensation and Benefits Analyst,Human Resources,"Compensation and Benefits Analyst professionals hR professionals support hiring, employee development, workplace operations and organizational effectiveness. Roles combine people skills with process, policy and data management.",Communication; Recruitment; HR Operations; Excel; Interviewing; Employee Relations; HR Analytics,BBA/BA/BCom/Bachelor's degree; MBA/PGDM HR useful for many roles,SHRM-CP; HRCI certifications; People Analytics; HR Analytics courses,₹2.5–6 LPA entry-level; ₹8–25+ LPA experienced (Estimated),High,1. Learn fundamentals; 2. Build role-specific skills; 3. Complete projects or practical training; 4. Gain internship/entry-level experience; 5. Develop a specialization; 6. Move into senior or lead responsibilities,Compensation and Benefits Analyst; Junior Compensation and Benefits Analyst; Senior Compensation and Benefits Analyst; Compensation and Benefits Analyst Consultant,HR Manager; HR Business Partner; Talent Head; HR Director,Not available
179,HR Business Partner,Human Resources,"HR Business Partner professionals hR professionals support hiring, employee development, workplace operations and organizational effectiveness. Roles combine people skills with process, policy and data management.",Communication; Recruitment; HR Operations; Excel; Interviewing; Employee Relations; HR Analytics,BBA/BA/BCom/Bachelor's degree; MBA/PGDM HR useful for many roles,SHRM-CP; HRCI certifications; People Analytics; HR Analytics courses,₹2.5–6 LPA entry-level; ₹8–25+ LPA experienced (Estimated),High,1. Learn fundamentals; 2. Build role-specific skills; 3. Complete projects or practical training; 4. Gain internship/entry-level experience; 5. Develop a specialization; 6. Move into senior or lead responsibilities,HR Business Partner; Junior HR Business Partner; Senior HR Business Partner; HR Business Partner Consultant,HR Manager; HR Business Partner; Talent Head; HR Director,Not available
180,Employee Relations Specialist,Human Resources,"Employee Relations Specialist professionals hR professionals support hiring, employee development, workplace operations and organizational effectiveness. Roles combine people skills with process, policy and data management.",Communication; Recruitment; HR Operations; Excel; Interviewing; Employee Relations; HR Analytics,BBA/BA/BCom/Bachelor's degree; MBA/PGDM HR useful for many roles,SHRM-CP; HRCI certifications; People Analytics; HR Analytics courses,₹2.5–6 LPA entry-level; ₹8–25+ LPA experienced (Estimated),High,1. Learn fundamentals; 2. Build role-specific skills; 3. Complete projects or practical training; 4. Gain internship/entry-level experience; 5. Develop a specialization; 6. Move into senior or lead responsibilities,Employee Relations Specialist; Junior Employee Relations Specialist; Senior Employee Relations Specialist; Employee Relations Specialist Consultant,HR Manager; HR Business Partner; Talent Head; HR Director,Not available
181,Payroll Executive,Human Resources,"Payroll Executive professionals hR professionals support hiring, employee development, workplace operations and organizational effectiveness. Roles combine people skills with process, policy and data management.",Communication; Recruitment; HR Operations; Excel; Interviewing; Employee Relations; HR Analytics,BBA/BA/BCom/Bachelor's degree; MBA/PGDM HR useful for many roles,SHRM-CP; HRCI certifications; People Analytics; HR Analytics courses,₹2.5–6 LPA entry-level; ₹8–25+ LPA experienced (Estimated),High,1. Learn fundamentals; 2. Build role-specific skills; 3. Complete projects or practical training; 4. Gain internship/entry-level experience; 5. Develop a specialization; 6. Move into senior or lead responsibilities,Payroll Executive; Junior Payroll Executive; Senior Payroll Executive; Payroll Executive Consultant,HR Manager; HR Business Partner; Talent Head; HR Director,Not available
182,HR Operations Specialist,Human Resources,"HR Operations Specialist professionals hR professionals support hiring, employee development, workplace operations and organizational effectiveness. Roles combine people skills with process, policy and data management.",Communication; Recruitment; HR Operations; Excel; Interviewing; Employee Relations; HR Analytics,BBA/BA/BCom/Bachelor's degree; MBA/PGDM HR useful for many roles,SHRM-CP; HRCI certifications; People Analytics; HR Analytics courses,₹2.5–6 LPA entry-level; ₹8–25+ LPA experienced (Estimated),High,1. Learn fundamentals; 2. Build role-specific skills; 3. Complete projects or practical training; 4. Gain internship/entry-level experience; 5. Develop a specialization; 6. Move into senior or lead responsibilities,HR Operations Specialist; Junior HR Operations Specialist; Senior HR Operations Specialist; HR Operations Specialist Consultant,HR Manager; HR Business Partner; Talent Head; HR Director,Not available
183,People Analytics Analyst,Human Resources,"People Analytics Analyst professionals hR professionals support hiring, employee development, workplace operations and organizational effectiveness. Roles combine people skills with process, policy and data management.",Communication; Recruitment; HR Operations; Excel; Interviewing; Employee Relations; HR Analytics,BBA/BA/BCom/Bachelor's degree; MBA/PGDM HR useful for many roles,SHRM-CP; HRCI certifications; People Analytics; HR Analytics courses,₹2.5–6 LPA entry-level; ₹8–25+ LPA experienced (Estimated),High,1. Learn fundamentals; 2. Build role-specific skills; 3. Complete projects or practical training; 4. Gain internship/entry-level experience; 5. Develop a specialization; 6. Move into senior or lead responsibilities,People Analytics Analyst; Junior People Analytics Analyst; Senior People Analytics Analyst; People Analytics Analyst Consultant,HR Manager; HR Business Partner; Talent Head; HR Director,Not available
184,Talent Management Specialist,Human Resources,"Talent Management Specialist professionals hR professionals support hiring, employee development, workplace operations and organizational effectiveness. Roles combine people skills with process, policy and data management.",Communication; Recruitment; HR Operations; Excel; Interviewing; Employee Relations; HR Analytics,BBA/BA/BCom/Bachelor's degree; MBA/PGDM HR useful for many roles,SHRM-CP; HRCI certifications; People Analytics; HR Analytics courses,₹2.5–6 LPA entry-level; ₹8–25+ LPA experienced (Estimated),High,1. Learn fundamentals; 2. Build role-specific skills; 3. Complete projects or practical training; 4. Gain internship/entry-level experience; 5. Develop a specialization; 6. Move into senior or lead responsibilities,Talent Management Specialist; Junior Talent Management Specialist; Senior Talent Management Specialist; Talent Management Specialist Consultant,HR Manager; HR Business Partner; Talent Head; HR Director,Not available
185,Organizational Development Consultant,Human Resources,"Organizational Development Consultant professionals hR professionals support hiring, employee development, workplace operations and organizational effectiveness. Roles combine people skills with process, policy and data management.",Communication; Recruitment; HR Operations; Excel; Interviewing; Employee Relations; HR Analytics,BBA/BA/BCom/Bachelor's degree; MBA/PGDM HR useful for many roles,SHRM-CP; HRCI certifications; People Analytics; HR Analytics courses,₹2.5–6 LPA entry-level; ₹8–25+ LPA experienced (Estimated),High,1. Learn fundamentals; 2. Build role-specific skills; 3. Complete projects or practical training; 4. Gain internship/entry-level experience; 5. Develop a specialization; 6. Move into senior or lead responsibilities,Organizational Development Consultant; Junior Organizational Development Consultant; Senior Organizational Development Consultant; Organizational Development Consultant Consultant,HR Manager; HR Business Partner; Talent Head; HR Director,Not available
186,UI Designer,"Design, UI/UX & Creative","UI Designer professionals design professionals create useful, attractive and accessible digital or visual experiences. They combine research, visual design, communication and creative problem-solving.",Figma; Wireframing; User Research; Prototyping; Visual Design; Typography; Communication,Any bachelor's degree; design degree/diploma or strong portfolio is useful,Google UX Design; Figma courses; Adobe certifications; Interaction Design Foundation courses,₹3–7 LPA entry-level; ₹10–30+ LPA experienced (Estimated),High,1. Learn fundamentals; 2. Build role-specific skills; 3. Complete projects or practical training; 4. Gain internship/entry-level experience; 5. Develop a specialization; 6. Move into senior or lead responsibilities,UI Designer; Junior UI Designer; Senior UI Designer; UI Designer Consultant,Senior Designer; Design Lead; Design Manager; Creative Director,Not available
187,UX Designer,"Design, UI/UX & Creative","UX Designer professionals design professionals create useful, attractive and accessible digital or visual experiences. They combine research, visual design, communication and creative problem-solving.",Figma; Wireframing; User Research; Prototyping; Visual Design; Typography; Communication,Any bachelor's degree; design degree/diploma or strong portfolio is useful,Google UX Design; Figma courses; Adobe certifications; Interaction Design Foundation courses,₹3–7 LPA entry-level; ₹10–30+ LPA experienced (Estimated),High,1. Learn fundamentals; 2. Build role-specific skills; 3. Complete projects or practical training; 4. Gain internship/entry-level experience; 5. Develop a specialization; 6. Move into senior or lead responsibilities,UX Designer; Junior UX Designer; Senior UX Designer; UX Designer Consultant,Senior Designer; Design Lead; Design Manager; Creative Director,Not available
188,UX Researcher,"Design, UI/UX & Creative","UX Researcher professionals design professionals create useful, attractive and accessible digital or visual experiences. They combine research, visual design, communication and creative problem-solving.",Figma; Wireframing; User Research; Prototyping; Visual Design; Typography; Communication,Any bachelor's degree; design degree/diploma or strong portfolio is useful,Google UX Design; Figma courses; Adobe certifications; Interaction Design Foundation courses,₹3–7 LPA entry-level; ₹10–30+ LPA experienced (Estimated),High,1. Learn fundamentals; 2. Build role-specific skills; 3. Complete projects or practical training; 4. Gain internship/entry-level experience; 5. Develop a specialization; 6. Move into senior or lead responsibilities,UX Researcher; Junior UX Researcher; Senior UX Researcher; UX Researcher Consultant,Senior Designer; Design Lead; Design Manager; Creative Director,Not available
189,Product Designer,"Design, UI/UX & Creative","Product Designer professionals design professionals create useful, attractive and accessible digital or visual experiences. They combine research, visual design, communication and creative problem-solving.",Figma; Wireframing; User Research; Prototyping; Visual Design; Typography; Communication,Any bachelor's degree; design degree/diploma or strong portfolio is useful,Google UX Design; Figma courses; Adobe certifications; Interaction Design Foundation courses,₹3–7 LPA entry-level; ₹10–30+ LPA experienced (Estimated),High,1. Learn fundamentals; 2. Build role-specific skills; 3. Complete projects or practical training; 4. Gain internship/entry-level experience; 5. Develop a specialization; 6. Move into senior or lead responsibilities,Product Designer; Junior Product Designer; Senior Product Designer; Product Designer Consultant,Senior Designer; Design Lead; Design Manager; Creative Director,Not available
190,Interaction Designer,"Design, UI/UX & Creative","Interaction Designer professionals design professionals create useful, attractive and accessible digital or visual experiences. They combine research, visual design, communication and creative problem-solving.",Figma; Wireframing; User Research; Prototyping; Visual Design; Typography; Communication,Any bachelor's degree; design degree/diploma or strong portfolio is useful,Google UX Design; Figma courses; Adobe certifications; Interaction Design Foundation courses,₹3–7 LPA entry-level; ₹10–30+ LPA experienced (Estimated),High,1. Learn fundamentals; 2. Build role-specific skills; 3. Complete projects or practical training; 4. Gain internship/entry-level experience; 5. Develop a specialization; 6. Move into senior or lead responsibilities,Interaction Designer; Junior Interaction Designer; Senior Interaction Designer; Interaction Designer Consultant,Senior Designer; Design Lead; Design Manager; Creative Director,Not available
191,Visual Designer,"Design, UI/UX & Creative","Visual Designer professionals design professionals create useful, attractive and accessible digital or visual experiences. They combine research, visual design, communication and creative problem-solving.",Figma; Wireframing; User Research; Prototyping; Visual Design; Typography; Communication,Any bachelor's degree; design degree/diploma or strong portfolio is useful,Google UX Design; Figma courses; Adobe certifications; Interaction Design Foundation courses,₹3–7 LPA entry-level; ₹10–30+ LPA experienced (Estimated),High,1. Learn fundamentals; 2. Build role-specific skills; 3. Complete projects or practical training; 4. Gain internship/entry-level experience; 5. Develop a specialization; 6. Move into senior or lead responsibilities,Visual Designer; Junior Visual Designer; Senior Visual Designer; Visual Designer Consultant,Senior Designer; Design Lead; Design Manager; Creative Director,Not available
192,Graphic Designer,"Design, UI/UX & Creative","Graphic Designer professionals design professionals create useful, attractive and accessible digital or visual experiences. They combine research, visual design, communication and creative problem-solving.",Figma; Wireframing; User Research; Prototyping; Visual Design; Typography; Communication,Any bachelor's degree; design degree/diploma or strong portfolio is useful,Google UX Design; Figma courses; Adobe certifications; Interaction Design Foundation courses,₹3–7 LPA entry-level; ₹10–30+ LPA experienced (Estimated),High,1. Learn fundamentals; 2. Build role-specific skills; 3. Complete projects or practical training; 4. Gain internship/entry-level experience; 5. Develop a specialization; 6. Move into senior or lead responsibilities,Graphic Designer; Junior Graphic Designer; Senior Graphic Designer; Graphic Designer Consultant,Senior Designer; Design Lead; Design Manager; Creative Director,27-1024.00
193,Brand Designer,"Design, UI/UX & Creative","Brand Designer professionals design professionals create useful, attractive and accessible digital or visual experiences. They combine research, visual design, communication and creative problem-solving.",Figma; Wireframing; User Research; Prototyping; Visual Design; Typography; Communication,Any bachelor's degree; design degree/diploma or strong portfolio is useful,Google UX Design; Figma courses; Adobe certifications; Interaction Design Foundation courses,₹3–7 LPA entry-level; ₹10–30+ LPA experienced (Estimated),High,1. Learn fundamentals; 2. Build role-specific skills; 3. Complete projects or practical training; 4. Gain internship/entry-level experience; 5. Develop a specialization; 6. Move into senior or lead responsibilities,Brand Designer; Junior Brand Designer; Senior Brand Designer; Brand Designer Consultant,Senior Designer; Design Lead; Design Manager; Creative Director,Not available
194,Communication Designer,"Design, UI/UX & Creative","Communication Designer professionals design professionals create useful, attractive and accessible digital or visual experiences. They combine research, visual design, communication and creative problem-solving.",Figma; Wireframing; User Research; Prototyping; Visual Design; Typography; Communication,Any bachelor's degree; design degree/diploma or strong portfolio is useful,Google UX Design; Figma courses; Adobe certifications; Interaction Design Foundation courses,₹3–7 LPA entry-level; ₹10–30+ LPA experienced (Estimated),High,1. Learn fundamentals; 2. Build role-specific skills; 3. Complete projects or practical training; 4. Gain internship/entry-level experience; 5. Develop a specialization; 6. Move into senior or lead responsibilities,Communication Designer; Junior Communication Designer; Senior Communication Designer; Communication Designer Consultant,Senior Designer; Design Lead; Design Manager; Creative Director,Not available
195,Design Researcher,"Design, UI/UX & Creative","Design Researcher professionals design professionals create useful, attractive and accessible digital or visual experiences. They combine research, visual design, communication and creative problem-solving.",Figma; Wireframing; User Research; Prototyping; Visual Design; Typography; Communication,Any bachelor's degree; design degree/diploma or strong portfolio is useful,Google UX Design; Figma courses; Adobe certifications; Interaction Design Foundation courses,₹3–7 LPA entry-level; ₹10–30+ LPA experienced (Estimated),High,1. Learn fundamentals; 2. Build role-specific skills; 3. Complete projects or practical training; 4. Gain internship/entry-level experience; 5. Develop a specialization; 6. Move into senior or lead responsibilities,Design Researcher; Junior Design Researcher; Senior Design Researcher; Design Researcher Consultant,Senior Designer; Design Lead; Design Manager; Creative Director,Not available
196,Design Systems Designer,"Design, UI/UX & Creative","Design Systems Designer professionals design professionals create useful, attractive and accessible digital or visual experiences. They combine research, visual design, communication and creative problem-solving.",Figma; Wireframing; User Research; Prototyping; Visual Design; Typography; Communication,Any bachelor's degree; design degree/diploma or strong portfolio is useful,Google UX Design; Figma courses; Adobe certifications; Interaction Design Foundation courses,₹3–7 LPA entry-level; ₹10–30+ LPA experienced (Estimated),High,1. Learn fundamentals; 2. Build role-specific skills; 3. Complete projects or practical training; 4. Gain internship/entry-level experience; 5. Develop a specialization; 6. Move into senior or lead responsibilities,Design Systems Designer; Junior Design Systems Designer; Senior Design Systems Designer; Design Systems Designer Consultant,Senior Designer; Design Lead; Design Manager; Creative Director,Not available
197,Service Designer,"Design, UI/UX & Creative","Service Designer professionals design professionals create useful, attractive and accessible digital or visual experiences. They combine research, visual design, communication and creative problem-solving.",Figma; Wireframing; User Research; Prototyping; Visual Design; Typography; Communication,Any bachelor's degree; design degree/diploma or strong portfolio is useful,Google UX Design; Figma courses; Adobe certifications; Interaction Design Foundation courses,₹3–7 LPA entry-level; ₹10–30+ LPA experienced (Estimated),High,1. Learn fundamentals; 2. Build role-specific skills; 3. Complete projects or practical training; 4. Gain internship/entry-level experience; 5. Develop a specialization; 6. Move into senior or lead responsibilities,Service Designer; Junior Service Designer; Senior Service Designer; Service Designer Consultant,Senior Designer; Design Lead; Design Manager; Creative Director,Not available
198,Information Designer,"Design, UI/UX & Creative","Information Designer professionals design professionals create useful, attractive and accessible digital or visual experiences. They combine research, visual design, communication and creative problem-solving.",Figma; Wireframing; User Research; Prototyping; Visual Design; Typography; Communication,Any bachelor's degree; design degree/diploma or strong portfolio is useful,Google UX Design; Figma courses; Adobe certifications; Interaction Design Foundation courses,₹3–7 LPA entry-level; ₹10–30+ LPA experienced (Estimated),High,1. Learn fundamentals; 2. Build role-specific skills; 3. Complete projects or practical training; 4. Gain internship/entry-level experience; 5. Develop a specialization; 6. Move into senior or lead responsibilities,Information Designer; Junior Information Designer; Senior Information Designer; Information Designer Consultant,Senior Designer; Design Lead; Design Manager; Creative Director,Not available
199,Motion Graphics Designer,"Design, UI/UX & Creative","Motion Graphics Designer professionals design professionals create useful, attractive and accessible digital or visual experiences. They combine research, visual design, communication and creative problem-solving.",Figma; Wireframing; User Research; Prototyping; Visual Design; Typography; Communication,Any bachelor's degree; design degree/diploma or strong portfolio is useful,Google UX Design; Figma courses; Adobe certifications; Interaction Design Foundation courses,₹3–7 LPA entry-level; ₹10–30+ LPA experienced (Estimated),High,1. Learn fundamentals; 2. Build role-specific skills; 3. Complete projects or practical training; 4. Gain internship/entry-level experience; 5. Develop a specialization; 6. Move into senior or lead responsibilities,Motion Graphics Designer; Junior Motion Graphics Designer; Senior Motion Graphics Designer; Motion Graphics Designer Consultant,Senior Designer; Design Lead; Design Manager; Creative Director,Not available
200,Creative Director,"Design, UI/UX & Creative","Creative Director professionals design professionals create useful, attractive and accessible digital or visual experiences. They combine research, visual design, communication and creative problem-solving.",Figma; Wireframing; User Research; Prototyping; Visual Design; Typography; Communication,Any bachelor's degree; design degree/diploma or strong portfolio is useful,Google UX Design; Figma courses; Adobe certifications; Interaction Design Foundation courses,₹3–7 LPA entry-level; ₹10–30+ LPA experienced (Estimated),High,1. Learn fundamentals; 2. Build role-specific skills; 3. Complete projects or practical training; 4. Gain internship/entry-level experience; 5. Develop a specialization; 6. Move into senior or lead responsibilities,Creative Director; Junior Creative Director; Senior Creative Director; Creative Director Consultant,Senior Designer; Design Lead; Design Manager; Creative Director,Not available
201,Content Writer,"Media, Content & Communication","Content Writer professionals communication professionals create, edit and distribute information for audiences and organizations. Work can include writing, journalism, public relations, corporate communication and digital content.",Writing; Editing; Research; Communication; Storytelling; Social Media; Presentation,"Bachelor's degree in journalism, mass communication, English or related field; portfolio is important",Google Content Marketing; HubSpot Content Marketing; PR certifications; Technical Writing courses,₹2.5–5.5 LPA entry-level; ₹7–20+ LPA experienced (Estimated),Medium,1. Learn fundamentals; 2. Build role-specific skills; 3. Complete projects or practical training; 4. Gain internship/entry-level experience; 5. Develop a specialization; 6. Move into senior or lead responsibilities,Content Writer; Junior Content Writer; Senior Content Writer; Content Writer Consultant,Senior Editor; Content Lead; Communications Manager; Head of Content,Not available
202,Copywriter,"Media, Content & Communication","Copywriter professionals communication professionals create, edit and distribute information for audiences and organizations. Work can include writing, journalism, public relations, corporate communication and digital content.",Writing; Editing; Research; Communication; Storytelling; Social Media; Presentation,"Bachelor's degree in journalism, mass communication, English or related field; portfolio is important",Google Content Marketing; HubSpot Content Marketing; PR certifications; Technical Writing courses,₹2.5–5.5 LPA entry-level; ₹7–20+ LPA experienced (Estimated),Medium,1. Learn fundamentals; 2. Build role-specific skills; 3. Complete projects or practical training; 4. Gain internship/entry-level experience; 5. Develop a specialization; 6. Move into senior or lead responsibilities,Copywriter; Junior Copywriter; Senior Copywriter; Copywriter Consultant,Senior Editor; Content Lead; Communications Manager; Head of Content,Not available
203,Technical Writer,"Media, Content & Communication","Technical Writer professionals communication professionals create, edit and distribute information for audiences and organizations. Work can include writing, journalism, public relations, corporate communication and digital content.",Writing; Editing; Research; Communication; Storytelling; Social Media; Presentation,"Bachelor's degree in journalism, mass communication, English or related field; portfolio is important",Google Content Marketing; HubSpot Content Marketing; PR certifications; Technical Writing courses,₹2.5–5.5 LPA entry-level; ₹7–20+ LPA experienced (Estimated),Medium,1. Learn fundamentals; 2. Build role-specific skills; 3. Complete projects or practical training; 4. Gain internship/entry-level experience; 5. Develop a specialization; 6. Move into senior or lead responsibilities,Technical Writer; Junior Technical Writer; Senior Technical Writer; Technical Writer Consultant,Senior Editor; Content Lead; Communications Manager; Head of Content,27-3042.00
204,Content Strategist,"Media, Content & Communication","Content Strategist professionals communication professionals create, edit and distribute information for audiences and organizations. Work can include writing, journalism, public relations, corporate communication and digital content.",Writing; Editing; Research; Communication; Storytelling; Social Media; Presentation,"Bachelor's degree in journalism, mass communication, English or related field; portfolio is important",Google Content Marketing; HubSpot Content Marketing; PR certifications; Technical Writing courses,₹2.5–5.5 LPA entry-level; ₹7–20+ LPA experienced (Estimated),Medium,1. Learn fundamentals; 2. Build role-specific skills; 3. Complete projects or practical training; 4. Gain internship/entry-level experience; 5. Develop a specialization; 6. Move into senior or lead responsibilities,Content Strategist; Junior Content Strategist; Senior Content Strategist; Content Strategist Consultant,Senior Editor; Content Lead; Communications Manager; Head of Content,Not available
205,Editor,"Media, Content & Communication","Editor professionals communication professionals create, edit and distribute information for audiences and organizations. Work can include writing, journalism, public relations, corporate communication and digital content.",Writing; Editing; Research; Communication; Storytelling; Social Media; Presentation,"Bachelor's degree in journalism, mass communication, English or related field; portfolio is important",Google Content Marketing; HubSpot Content Marketing; PR certifications; Technical Writing courses,₹2.5–5.5 LPA entry-level; ₹7–20+ LPA experienced (Estimated),Medium,1. Learn fundamentals; 2. Build role-specific skills; 3. Complete projects or practical training; 4. Gain internship/entry-level experience; 5. Develop a specialization; 6. Move into senior or lead responsibilities,Editor; Junior Editor; Senior Editor; Editor Consultant,Senior Editor; Content Lead; Communications Manager; Head of Content,Not available
206,Proofreader,"Media, Content & Communication","Proofreader professionals communication professionals create, edit and distribute information for audiences and organizations. Work can include writing, journalism, public relations, corporate communication and digital content.",Writing; Editing; Research; Communication; Storytelling; Social Media; Presentation,"Bachelor's degree in journalism, mass communication, English or related field; portfolio is important",Google Content Marketing; HubSpot Content Marketing; PR certifications; Technical Writing courses,₹2.5–5.5 LPA entry-level; ₹7–20+ LPA experienced (Estimated),Medium,1. Learn fundamentals; 2. Build role-specific skills; 3. Complete projects or practical training; 4. Gain internship/entry-level experience; 5. Develop a specialization; 6. Move into senior or lead responsibilities,Proofreader; Junior Proofreader; Senior Proofreader; Proofreader Consultant,Senior Editor; Content Lead; Communications Manager; Head of Content,Not available
207,Journalist,"Media, Content & Communication","Journalist professionals communication professionals create, edit and distribute information for audiences and organizations. Work can include writing, journalism, public relations, corporate communication and digital content.",Writing; Editing; Research; Communication; Storytelling; Social Media; Presentation,"Bachelor's degree in journalism, mass communication, English or related field; portfolio is important",Google Content Marketing; HubSpot Content Marketing; PR certifications; Technical Writing courses,₹2.5–5.5 LPA entry-level; ₹7–20+ LPA experienced (Estimated),Medium,1. Learn fundamentals; 2. Build role-specific skills; 3. Complete projects or practical training; 4. Gain internship/entry-level experience; 5. Develop a specialization; 6. Move into senior or lead responsibilities,Journalist; Junior Journalist; Senior Journalist; Journalist Consultant,Senior Editor; Content Lead; Communications Manager; Head of Content,27-3023.00
208,News Reporter,"Media, Content & Communication","News Reporter professionals communication professionals create, edit and distribute information for audiences and organizations. Work can include writing, journalism, public relations, corporate communication and digital content.",Writing; Editing; Research; Communication; Storytelling; Social Media; Presentation,"Bachelor's degree in journalism, mass communication, English or related field; portfolio is important",Google Content Marketing; HubSpot Content Marketing; PR certifications; Technical Writing courses,₹2.5–5.5 LPA entry-level; ₹7–20+ LPA experienced (Estimated),Medium,1. Learn fundamentals; 2. Build role-specific skills; 3. Complete projects or practical training; 4. Gain internship/entry-level experience; 5. Develop a specialization; 6. Move into senior or lead responsibilities,News Reporter; Junior News Reporter; Senior News Reporter; News Reporter Consultant,Senior Editor; Content Lead; Communications Manager; Head of Content,Not available
209,Public Relations Executive,"Media, Content & Communication","Public Relations Executive professionals communication professionals create, edit and distribute information for audiences and organizations. Work can include writing, journalism, public relations, corporate communication and digital content.",Writing; Editing; Research; Communication; Storytelling; Social Media; Presentation,"Bachelor's degree in journalism, mass communication, English or related field; portfolio is important",Google Content Marketing; HubSpot Content Marketing; PR certifications; Technical Writing courses,₹2.5–5.5 LPA entry-level; ₹7–20+ LPA experienced (Estimated),Medium,1. Learn fundamentals; 2. Build role-specific skills; 3. Complete projects or practical training; 4. Gain internship/entry-level experience; 5. Develop a specialization; 6. Move into senior or lead responsibilities,Public Relations Executive; Junior Public Relations Executive; Senior Public Relations Executive; Public Relations Executive Consultant,Senior Editor; Content Lead; Communications Manager; Head of Content,Not available
210,Public Relations Manager,"Media, Content & Communication","Public Relations Manager professionals communication professionals create, edit and distribute information for audiences and organizations. Work can include writing, journalism, public relations, corporate communication and digital content.",Writing; Editing; Research; Communication; Storytelling; Social Media; Presentation,"Bachelor's degree in journalism, mass communication, English or related field; portfolio is important",Google Content Marketing; HubSpot Content Marketing; PR certifications; Technical Writing courses,₹2.5–5.5 LPA entry-level; ₹7–20+ LPA experienced (Estimated),Medium,1. Learn fundamentals; 2. Build role-specific skills; 3. Complete projects or practical training; 4. Gain internship/entry-level experience; 5. Develop a specialization; 6. Move into senior or lead responsibilities,Public Relations Manager; Junior Public Relations Manager; Senior Public Relations Manager; Public Relations Manager Consultant,Senior Editor; Content Lead; Communications Manager; Head of Content,11-2032.00
211,Communications Specialist,"Media, Content & Communication","Communications Specialist professionals communication professionals create, edit and distribute information for audiences and organizations. Work can include writing, journalism, public relations, corporate communication and digital content.",Writing; Editing; Research; Communication; Storytelling; Social Media; Presentation,"Bachelor's degree in journalism, mass communication, English or related field; portfolio is important",Google Content Marketing; HubSpot Content Marketing; PR certifications; Technical Writing courses,₹2.5–5.5 LPA entry-level; ₹7–20+ LPA experienced (Estimated),Medium,1. Learn fundamentals; 2. Build role-specific skills; 3. Complete projects or practical training; 4. Gain internship/entry-level experience; 5. Develop a specialization; 6. Move into senior or lead responsibilities,Communications Specialist; Junior Communications Specialist; Senior Communications Specialist; Communications Specialist Consultant,Senior Editor; Content Lead; Communications Manager; Head of Content,Not available
212,Corporate Communications Manager,"Media, Content & Communication","Corporate Communications Manager professionals communication professionals create, edit and distribute information for audiences and organizations. Work can include writing, journalism, public relations, corporate communication and digital content.",Writing; Editing; Research; Communication; Storytelling; Social Media; Presentation,"Bachelor's degree in journalism, mass communication, English or related field; portfolio is important",Google Content Marketing; HubSpot Content Marketing; PR certifications; Technical Writing courses,₹2.5–5.5 LPA entry-level; ₹7–20+ LPA experienced (Estimated),Medium,1. Learn fundamentals; 2. Build role-specific skills; 3. Complete projects or practical training; 4. Gain internship/entry-level experience; 5. Develop a specialization; 6. Move into senior or lead responsibilities,Corporate Communications Manager; Junior Corporate Communications Manager; Senior Corporate Communications Manager; Corporate Communications Manager Consultant,Senior Editor; Content Lead; Communications Manager; Head of Content,Not available
213,Script Writer,"Media, Content & Communication","Script Writer professionals communication professionals create, edit and distribute information for audiences and organizations. Work can include writing, journalism, public relations, corporate communication and digital content.",Writing; Editing; Research; Communication; Storytelling; Social Media; Presentation,"Bachelor's degree in journalism, mass communication, English or related field; portfolio is important",Google Content Marketing; HubSpot Content Marketing; PR certifications; Technical Writing courses,₹2.5–5.5 LPA entry-level; ₹7–20+ LPA experienced (Estimated),Medium,1. Learn fundamentals; 2. Build role-specific skills; 3. Complete projects or practical training; 4. Gain internship/entry-level experience; 5. Develop a specialization; 6. Move into senior or lead responsibilities,Script Writer; Junior Script Writer; Senior Script Writer; Script Writer Consultant,Senior Editor; Content Lead; Communications Manager; Head of Content,Not available
214,Content Producer,"Media, Content & Communication","Content Producer professionals communication professionals create, edit and distribute information for audiences and organizations. Work can include writing, journalism, public relations, corporate communication and digital content.",Writing; Editing; Research; Communication; Storytelling; Social Media; Presentation,"Bachelor's degree in journalism, mass communication, English or related field; portfolio is important",Google Content Marketing; HubSpot Content Marketing; PR certifications; Technical Writing courses,₹2.5–5.5 LPA entry-level; ₹7–20+ LPA experienced (Estimated),Medium,1. Learn fundamentals; 2. Build role-specific skills; 3. Complete projects or practical training; 4. Gain internship/entry-level experience; 5. Develop a specialization; 6. Move into senior or lead responsibilities,Content Producer; Junior Content Producer; Senior Content Producer; Content Producer Consultant,Senior Editor; Content Lead; Communications Manager; Head of Content,Not available
215,Podcast Producer,"Media, Content & Communication","Podcast Producer professionals communication professionals create, edit and distribute information for audiences and organizations. Work can include writing, journalism, public relations, corporate communication and digital content.",Writing; Editing; Research; Communication; Storytelling; Social Media; Presentation,"Bachelor's degree in journalism, mass communication, English or related field; portfolio is important",Google Content Marketing; HubSpot Content Marketing; PR certifications; Technical Writing courses,₹2.5–5.5 LPA entry-level; ₹7–20+ LPA experienced (Estimated),Medium,1. Learn fundamentals; 2. Build role-specific skills; 3. Complete projects or practical training; 4. Gain internship/entry-level experience; 5. Develop a specialization; 6. Move into senior or lead responsibilities,Podcast Producer; Junior Podcast Producer; Senior Podcast Producer; Podcast Producer Consultant,Senior Editor; Content Lead; Communications Manager; Head of Content,Not available
216,Civil Engineer,Engineering,"Civil Engineer professionals engineers apply scientific and technical principles to design, build, test and improve products and systems. Careers span manufacturing, infrastructure, electronics, energy and technology.",Engineering Fundamentals; Problem Solving; CAD/Tools; Mathematics; Project Management; Testing; Communication,Relevant BE/BTech degree; professional certifications may support specialization,AutoCAD; MATLAB; Six Sigma; Project Management,₹3–7 LPA entry-level; ₹10–30+ LPA experienced (Estimated),High,1. Learn fundamentals; 2. Build role-specific skills; 3. Complete projects or practical training; 4. Gain internship/entry-level experience; 5. Develop a specialization; 6. Move into senior or lead responsibilities,Civil Engineer; Junior Civil Engineer; Senior Civil Engineer; Civil Engineer Consultant,Senior Engineer; Lead Engineer; Engineering Manager; Technical Director,17-2051.00
217,Mechanical Engineer,Engineering,"Mechanical Engineer professionals engineers apply scientific and technical principles to design, build, test and improve products and systems. Careers span manufacturing, infrastructure, electronics, energy and technology.",Engineering Fundamentals; Problem Solving; CAD/Tools; Mathematics; Project Management; Testing; Communication,Relevant BE/BTech degree; professional certifications may support specialization,AutoCAD; MATLAB; Six Sigma; Project Management,₹3–7 LPA entry-level; ₹10–30+ LPA experienced (Estimated),High,1. Learn fundamentals; 2. Build role-specific skills; 3. Complete projects or practical training; 4. Gain internship/entry-level experience; 5. Develop a specialization; 6. Move into senior or lead responsibilities,Mechanical Engineer; Junior Mechanical Engineer; Senior Mechanical Engineer; Mechanical Engineer Consultant,Senior Engineer; Lead Engineer; Engineering Manager; Technical Director,17-2141.00
218,Electrical Engineer,Engineering,"Electrical Engineer professionals engineers apply scientific and technical principles to design, build, test and improve products and systems. Careers span manufacturing, infrastructure, electronics, energy and technology.",Engineering Fundamentals; Problem Solving; CAD/Tools; Mathematics; Project Management; Testing; Communication,Relevant BE/BTech degree; professional certifications may support specialization,AutoCAD; MATLAB; Six Sigma; Project Management,₹3–7 LPA entry-level; ₹10–30+ LPA experienced (Estimated),High,1. Learn fundamentals; 2. Build role-specific skills; 3. Complete projects or practical training; 4. Gain internship/entry-level experience; 5. Develop a specialization; 6. Move into senior or lead responsibilities,Electrical Engineer; Junior Electrical Engineer; Senior Electrical Engineer; Electrical Engineer Consultant,Senior Engineer; Lead Engineer; Engineering Manager; Technical Director,17-2071.00
219,Electronics Engineer,Engineering,"Electronics Engineer professionals engineers apply scientific and technical principles to design, build, test and improve products and systems. Careers span manufacturing, infrastructure, electronics, energy and technology.",Engineering Fundamentals; Problem Solving; CAD/Tools; Mathematics; Project Management; Testing; Communication,Relevant BE/BTech degree; professional certifications may support specialization,AutoCAD; MATLAB; Six Sigma; Project Management,₹3–7 LPA entry-level; ₹10–30+ LPA experienced (Estimated),High,1. Learn fundamentals; 2. Build role-specific skills; 3. Complete projects or practical training; 4. Gain internship/entry-level experience; 5. Develop a specialization; 6. Move into senior or lead responsibilities,Electronics Engineer; Junior Electronics Engineer; Senior Electronics Engineer; Electronics Engineer Consultant,Senior Engineer; Lead Engineer; Engineering Manager; Technical Director,Not available
220,Chemical Engineer,Engineering,"Chemical Engineer professionals engineers apply scientific and technical principles to design, build, test and improve products and systems. Careers span manufacturing, infrastructure, electronics, energy and technology.",Engineering Fundamentals; Problem Solving; CAD/Tools; Mathematics; Project Management; Testing; Communication,Relevant BE/BTech degree; professional certifications may support specialization,AutoCAD; MATLAB; Six Sigma; Project Management,₹3–7 LPA entry-level; ₹10–30+ LPA experienced (Estimated),High,1. Learn fundamentals; 2. Build role-specific skills; 3. Complete projects or practical training; 4. Gain internship/entry-level experience; 5. Develop a specialization; 6. Move into senior or lead responsibilities,Chemical Engineer; Junior Chemical Engineer; Senior Chemical Engineer; Chemical Engineer Consultant,Senior Engineer; Lead Engineer; Engineering Manager; Technical Director,17-2041.00
221,Computer Engineer,Engineering,"Computer Engineer professionals engineers apply scientific and technical principles to design, build, test and improve products and systems. Careers span manufacturing, infrastructure, electronics, energy and technology.",Engineering Fundamentals; Problem Solving; CAD/Tools; Mathematics; Project Management; Testing; Communication,Relevant BE/BTech degree; professional certifications may support specialization,AutoCAD; MATLAB; Six Sigma; Project Management,₹3–7 LPA entry-level; ₹10–30+ LPA experienced (Estimated),High,1. Learn fundamentals; 2. Build role-specific skills; 3. Complete projects or practical training; 4. Gain internship/entry-level experience; 5. Develop a specialization; 6. Move into senior or lead responsibilities,Computer Engineer; Junior Computer Engineer; Senior Computer Engineer; Computer Engineer Consultant,Senior Engineer; Lead Engineer; Engineering Manager; Technical Director,Not available
222,Industrial Engineer,Engineering,"Industrial Engineer professionals engineers apply scientific and technical principles to design, build, test and improve products and systems. Careers span manufacturing, infrastructure, electronics, energy and technology.",Engineering Fundamentals; Problem Solving; CAD/Tools; Mathematics; Project Management; Testing; Communication,Relevant BE/BTech degree; professional certifications may support specialization,AutoCAD; MATLAB; Six Sigma; Project Management,₹3–7 LPA entry-level; ₹10–30+ LPA experienced (Estimated),High,1. Learn fundamentals; 2. Build role-specific skills; 3. Complete projects or practical training; 4. Gain internship/entry-level experience; 5. Develop a specialization; 6. Move into senior or lead responsibilities,Industrial Engineer; Junior Industrial Engineer; Senior Industrial Engineer; Industrial Engineer Consultant,Senior Engineer; Lead Engineer; Engineering Manager; Technical Director,17-2112.00
223,Instrumentation Engineer,Engineering,"Instrumentation Engineer professionals engineers apply scientific and technical principles to design, build, test and improve products and systems. Careers span manufacturing, infrastructure, electronics, energy and technology.",Engineering Fundamentals; Problem Solving; CAD/Tools; Mathematics; Project Management; Testing; Communication,Relevant BE/BTech degree; professional certifications may support specialization,AutoCAD; MATLAB; Six Sigma; Project Management,₹3–7 LPA entry-level; ₹10–30+ LPA experienced (Estimated),High,1. Learn fundamentals; 2. Build role-specific skills; 3. Complete projects or practical training; 4. Gain internship/entry-level experience; 5. Develop a specialization; 6. Move into senior or lead responsibilities,Instrumentation Engineer; Junior Instrumentation Engineer; Senior Instrumentation Engineer; Instrumentation Engineer Consultant,Senior Engineer; Lead Engineer; Engineering Manager; Technical Director,Not available
224,Environmental Engineer,Engineering,"Environmental Engineer professionals engineers apply scientific and technical principles to design, build, test and improve products and systems. Careers span manufacturing, infrastructure, electronics, energy and technology.",Engineering Fundamentals; Problem Solving; CAD/Tools; Mathematics; Project Management; Testing; Communication,Relevant BE/BTech degree; professional certifications may support specialization,AutoCAD; MATLAB; Six Sigma; Project Management,₹3–7 LPA entry-level; ₹10–30+ LPA experienced (Estimated),High,1. Learn fundamentals; 2. Build role-specific skills; 3. Complete projects or practical training; 4. Gain internship/entry-level experience; 5. Develop a specialization; 6. Move into senior or lead responsibilities,Environmental Engineer; Junior Environmental Engineer; Senior Environmental Engineer; Environmental Engineer Consultant,Senior Engineer; Lead Engineer; Engineering Manager; Technical Director,Not available
225,Biomedical Engineer,Engineering,"Biomedical Engineer professionals engineers apply scientific and technical principles to design, build, test and improve products and systems. Careers span manufacturing, infrastructure, electronics, energy and technology.",Engineering Fundamentals; Problem Solving; CAD/Tools; Mathematics; Project Management; Testing; Communication,Relevant BE/BTech degree; professional certifications may support specialization,AutoCAD; MATLAB; Six Sigma; Project Management,₹3–7 LPA entry-level; ₹10–30+ LPA experienced (Estimated),High,1. Learn fundamentals; 2. Build role-specific skills; 3. Complete projects or practical training; 4. Gain internship/entry-level experience; 5. Develop a specialization; 6. Move into senior or lead responsibilities,Biomedical Engineer; Junior Biomedical Engineer; Senior Biomedical Engineer; Biomedical Engineer Consultant,Senior Engineer; Lead Engineer; Engineering Manager; Technical Director,Not available
226,Production Engineer,Engineering,"Production Engineer professionals engineers apply scientific and technical principles to design, build, test and improve products and systems. Careers span manufacturing, infrastructure, electronics, energy and technology.",Engineering Fundamentals; Problem Solving; CAD/Tools; Mathematics; Project Management; Testing; Communication,Relevant BE/BTech degree; professional certifications may support specialization,AutoCAD; MATLAB; Six Sigma; Project Management,₹3–7 LPA entry-level; ₹10–30+ LPA experienced (Estimated),High,1. Learn fundamentals; 2. Build role-specific skills; 3. Complete projects or practical training; 4. Gain internship/entry-level experience; 5. Develop a specialization; 6. Move into senior or lead responsibilities,Production Engineer; Junior Production Engineer; Senior Production Engineer; Production Engineer Consultant,Senior Engineer; Lead Engineer; Engineering Manager; Technical Director,Not available
227,Manufacturing Engineer,Engineering,"Manufacturing Engineer professionals engineers apply scientific and technical principles to design, build, test and improve products and systems. Careers span manufacturing, infrastructure, electronics, energy and technology.",Engineering Fundamentals; Problem Solving; CAD/Tools; Mathematics; Project Management; Testing; Communication,Relevant BE/BTech degree; professional certifications may support specialization,AutoCAD; MATLAB; Six Sigma; Project Management,₹3–7 LPA entry-level; ₹10–30+ LPA experienced (Estimated),High,1. Learn fundamentals; 2. Build role-specific skills; 3. Complete projects or practical training; 4. Gain internship/entry-level experience; 5. Develop a specialization; 6. Move into senior or lead responsibilities,Manufacturing Engineer; Junior Manufacturing Engineer; Senior Manufacturing Engineer; Manufacturing Engineer Consultant,Senior Engineer; Lead Engineer; Engineering Manager; Technical Director,Not available
228,Structural Engineer,Engineering,"Structural Engineer professionals engineers apply scientific and technical principles to design, build, test and improve products and systems. Careers span manufacturing, infrastructure, electronics, energy and technology.",Engineering Fundamentals; Problem Solving; CAD/Tools; Mathematics; Project Management; Testing; Communication,Relevant BE/BTech degree; professional certifications may support specialization,AutoCAD; MATLAB; Six Sigma; Project Management,₹3–7 LPA entry-level; ₹10–30+ LPA experienced (Estimated),High,1. Learn fundamentals; 2. Build role-specific skills; 3. Complete projects or practical training; 4. Gain internship/entry-level experience; 5. Develop a specialization; 6. Move into senior or lead responsibilities,Structural Engineer; Junior Structural Engineer; Senior Structural Engineer; Structural Engineer Consultant,Senior Engineer; Lead Engineer; Engineering Manager; Technical Director,Not available
229,Automotive Engineer,Engineering,"Automotive Engineer professionals engineers apply scientific and technical principles to design, build, test and improve products and systems. Careers span manufacturing, infrastructure, electronics, energy and technology.",Engineering Fundamentals; Problem Solving; CAD/Tools; Mathematics; Project Management; Testing; Communication,Relevant BE/BTech degree; professional certifications may support specialization,AutoCAD; MATLAB; Six Sigma; Project Management,₹3–7 LPA entry-level; ₹10–30+ LPA experienced (Estimated),High,1. Learn fundamentals; 2. Build role-specific skills; 3. Complete projects or practical training; 4. Gain internship/entry-level experience; 5. Develop a specialization; 6. Move into senior or lead responsibilities,Automotive Engineer; Junior Automotive Engineer; Senior Automotive Engineer; Automotive Engineer Consultant,Senior Engineer; Lead Engineer; Engineering Manager; Technical Director,Not available
230,Aerospace Engineer,Engineering,"Aerospace Engineer professionals engineers apply scientific and technical principles to design, build, test and improve products and systems. Careers span manufacturing, infrastructure, electronics, energy and technology.",Engineering Fundamentals; Problem Solving; CAD/Tools; Mathematics; Project Management; Testing; Communication,Relevant BE/BTech degree; professional certifications may support specialization,AutoCAD; MATLAB; Six Sigma; Project Management,₹3–7 LPA entry-level; ₹10–30+ LPA experienced (Estimated),High,1. Learn fundamentals; 2. Build role-specific skills; 3. Complete projects or practical training; 4. Gain internship/entry-level experience; 5. Develop a specialization; 6. Move into senior or lead responsibilities,Aerospace Engineer; Junior Aerospace Engineer; Senior Aerospace Engineer; Aerospace Engineer Consultant,Senior Engineer; Lead Engineer; Engineering Manager; Technical Director,Not available
231,Medical Doctor,Healthcare & Medicine,"Medical Doctor professionals healthcare professionals provide clinical, diagnostic, administrative or support services. Qualification requirements vary significantly by role and regulated professions require approved credentials.",Clinical Knowledge; Communication; Patient Care; Documentation; Teamwork; Attention to Detail; Ethics,Role-specific approved degree/diploma and required registration/licensure,CPR/BLS; Healthcare Management; Medical Coding; Clinical Research,₹2.5–8 LPA entry-level; ₹10–30+ LPA experienced (Estimated),High,1. Learn fundamentals; 2. Build role-specific skills; 3. Complete projects or practical training; 4. Gain internship/entry-level experience; 5. Develop a specialization; 6. Move into senior or lead responsibilities,Medical Doctor; Junior Medical Doctor; Senior Medical Doctor; Medical Doctor Consultant,Senior Specialist; Clinical/Department Lead; Healthcare Manager; Hospital/Practice Leadership,Not available
232,Dentist,Healthcare & Medicine,"Dentist professionals healthcare professionals provide clinical, diagnostic, administrative or support services. Qualification requirements vary significantly by role and regulated professions require approved credentials.",Clinical Knowledge; Communication; Patient Care; Documentation; Teamwork; Attention to Detail; Ethics,Role-specific approved degree/diploma and required registration/licensure,CPR/BLS; Healthcare Management; Medical Coding; Clinical Research,₹2.5–8 LPA entry-level; ₹10–30+ LPA experienced (Estimated),High,1. Learn fundamentals; 2. Build role-specific skills; 3. Complete projects or practical training; 4. Gain internship/entry-level experience; 5. Develop a specialization; 6. Move into senior or lead responsibilities,Dentist; Junior Dentist; Senior Dentist; Dentist Consultant,Senior Specialist; Clinical/Department Lead; Healthcare Manager; Hospital/Practice Leadership,29-1021.00
233,Registered Nurse,Healthcare & Medicine,"Registered Nurse professionals healthcare professionals provide clinical, diagnostic, administrative or support services. Qualification requirements vary significantly by role and regulated professions require approved credentials.",Clinical Knowledge; Communication; Patient Care; Documentation; Teamwork; Attention to Detail; Ethics,Role-specific approved degree/diploma and required registration/licensure,CPR/BLS; Healthcare Management; Medical Coding; Clinical Research,₹2.5–8 LPA entry-level; ₹10–30+ LPA experienced (Estimated),High,1. Learn fundamentals; 2. Build role-specific skills; 3. Complete projects or practical training; 4. Gain internship/entry-level experience; 5. Develop a specialization; 6. Move into senior or lead responsibilities,Registered Nurse; Junior Registered Nurse; Senior Registered Nurse; Registered Nurse Consultant,Senior Specialist; Clinical/Department Lead; Healthcare Manager; Hospital/Practice Leadership,29-1111.00
234,Pharmacist,Healthcare & Medicine,"Pharmacist professionals healthcare professionals provide clinical, diagnostic, administrative or support services. Qualification requirements vary significantly by role and regulated professions require approved credentials.",Clinical Knowledge; Communication; Patient Care; Documentation; Teamwork; Attention to Detail; Ethics,Role-specific approved degree/diploma and required registration/licensure,CPR/BLS; Healthcare Management; Medical Coding; Clinical Research,₹2.5–8 LPA entry-level; ₹10–30+ LPA experienced (Estimated),High,1. Learn fundamentals; 2. Build role-specific skills; 3. Complete projects or practical training; 4. Gain internship/entry-level experience; 5. Develop a specialization; 6. Move into senior or lead responsibilities,Pharmacist; Junior Pharmacist; Senior Pharmacist; Pharmacist Consultant,Senior Specialist; Clinical/Department Lead; Healthcare Manager; Hospital/Practice Leadership,29-1051.00
235,Physiotherapist,Healthcare & Medicine,"Physiotherapist professionals healthcare professionals provide clinical, diagnostic, administrative or support services. Qualification requirements vary significantly by role and regulated professions require approved credentials.",Clinical Knowledge; Communication; Patient Care; Documentation; Teamwork; Attention to Detail; Ethics,Role-specific approved degree/diploma and required registration/licensure,CPR/BLS; Healthcare Management; Medical Coding; Clinical Research,₹2.5–8 LPA entry-level; ₹10–30+ LPA experienced (Estimated),High,1. Learn fundamentals; 2. Build role-specific skills; 3. Complete projects or practical training; 4. Gain internship/entry-level experience; 5. Develop a specialization; 6. Move into senior or lead responsibilities,Physiotherapist; Junior Physiotherapist; Senior Physiotherapist; Physiotherapist Consultant,Senior Specialist; Clinical/Department Lead; Healthcare Manager; Hospital/Practice Leadership,Not available
236,Occupational Therapist,Healthcare & Medicine,"Occupational Therapist professionals healthcare professionals provide clinical, diagnostic, administrative or support services. Qualification requirements vary significantly by role and regulated professions require approved credentials.",Clinical Knowledge; Communication; Patient Care; Documentation; Teamwork; Attention to Detail; Ethics,Role-specific approved degree/diploma and required registration/licensure,CPR/BLS; Healthcare Management; Medical Coding; Clinical Research,₹2.5–8 LPA entry-level; ₹10–30+ LPA experienced (Estimated),High,1. Learn fundamentals; 2. Build role-specific skills; 3. Complete projects or practical training; 4. Gain internship/entry-level experience; 5. Develop a specialization; 6. Move into senior or lead responsibilities,Occupational Therapist; Junior Occupational Therapist; Senior Occupational Therapist; Occupational Therapist Consultant,Senior Specialist; Clinical/Department Lead; Healthcare Manager; Hospital/Practice Leadership,Not available
237,Medical Laboratory Technologist,Healthcare & Medicine,"Medical Laboratory Technologist professionals healthcare professionals provide clinical, diagnostic, administrative or support services. Qualification requirements vary significantly by role and regulated professions require approved credentials.",Clinical Knowledge; Communication; Patient Care; Documentation; Teamwork; Attention to Detail; Ethics,Role-specific approved degree/diploma and required registration/licensure,CPR/BLS; Healthcare Management; Medical Coding; Clinical Research,₹2.5–8 LPA entry-level; ₹10–30+ LPA experienced (Estimated),High,1. Learn fundamentals; 2. Build role-specific skills; 3. Complete projects or practical training; 4. Gain internship/entry-level experience; 5. Develop a specialization; 6. Move into senior or lead responsibilities,Medical Laboratory Technologist; Junior Medical Laboratory Technologist; Senior Medical Laboratory Technologist; Medical Laboratory Technologist Consultant,Senior Specialist; Clinical/Department Lead; Healthcare Manager; Hospital/Practice Leadership,Not available
238,Radiology Technologist,Healthcare & Medicine,"Radiology Technologist professionals healthcare professionals provide clinical, diagnostic, administrative or support services. Qualification requirements vary significantly by role and regulated professions require approved credentials.",Clinical Knowledge; Communication; Patient Care; Documentation; Teamwork; Attention to Detail; Ethics,Role-specific approved degree/diploma and required registration/licensure,CPR/BLS; Healthcare Management; Medical Coding; Clinical Research,₹2.5–8 LPA entry-level; ₹10–30+ LPA experienced (Estimated),High,1. Learn fundamentals; 2. Build role-specific skills; 3. Complete projects or practical training; 4. Gain internship/entry-level experience; 5. Develop a specialization; 6. Move into senior or lead responsibilities,Radiology Technologist; Junior Radiology Technologist; Senior Radiology Technologist; Radiology Technologist Consultant,Senior Specialist; Clinical/Department Lead; Healthcare Manager; Hospital/Practice Leadership,Not available
239,Medical Imaging Technologist,Healthcare & Medicine,"Medical Imaging Technologist professionals healthcare professionals provide clinical, diagnostic, administrative or support services. Qualification requirements vary significantly by role and regulated professions require approved credentials.",Clinical Knowledge; Communication; Patient Care; Documentation; Teamwork; Attention to Detail; Ethics,Role-specific approved degree/diploma and required registration/licensure,CPR/BLS; Healthcare Management; Medical Coding; Clinical Research,₹2.5–8 LPA entry-level; ₹10–30+ LPA experienced (Estimated),High,1. Learn fundamentals; 2. Build role-specific skills; 3. Complete projects or practical training; 4. Gain internship/entry-level experience; 5. Develop a specialization; 6. Move into senior or lead responsibilities,Medical Imaging Technologist; Junior Medical Imaging Technologist; Senior Medical Imaging Technologist; Medical Imaging Technologist Consultant,Senior Specialist; Clinical/Department Lead; Healthcare Manager; Hospital/Practice Leadership,Not available
240,Clinical Research Associate,Healthcare & Medicine,"Clinical Research Associate professionals healthcare professionals provide clinical, diagnostic, administrative or support services. Qualification requirements vary significantly by role and regulated professions require approved credentials.",Clinical Knowledge; Communication; Patient Care; Documentation; Teamwork; Attention to Detail; Ethics,Role-specific approved degree/diploma and required registration/licensure,CPR/BLS; Healthcare Management; Medical Coding; Clinical Research,₹2.5–8 LPA entry-level; ₹10–30+ LPA experienced (Estimated),High,1. Learn fundamentals; 2. Build role-specific skills; 3. Complete projects or practical training; 4. Gain internship/entry-level experience; 5. Develop a specialization; 6. Move into senior or lead responsibilities,Clinical Research Associate; Junior Clinical Research Associate; Senior Clinical Research Associate; Clinical Research Associate Consultant,Senior Specialist; Clinical/Department Lead; Healthcare Manager; Hospital/Practice Leadership,Not available
241,Hospital Administrator,Healthcare & Medicine,"Hospital Administrator professionals healthcare professionals provide clinical, diagnostic, administrative or support services. Qualification requirements vary significantly by role and regulated professions require approved credentials.",Clinical Knowledge; Communication; Patient Care; Documentation; Teamwork; Attention to Detail; Ethics,Role-specific approved degree/diploma and required registration/licensure,CPR/BLS; Healthcare Management; Medical Coding; Clinical Research,₹2.5–8 LPA entry-level; ₹10–30+ LPA experienced (Estimated),High,1. Learn fundamentals; 2. Build role-specific skills; 3. Complete projects or practical training; 4. Gain internship/entry-level experience; 5. Develop a specialization; 6. Move into senior or lead responsibilities,Hospital Administrator; Junior Hospital Administrator; Senior Hospital Administrator; Hospital Administrator Consultant,Senior Specialist; Clinical/Department Lead; Healthcare Manager; Hospital/Practice Leadership,Not available
242,Healthcare Administrator,Healthcare & Medicine,"Healthcare Administrator professionals healthcare professionals provide clinical, diagnostic, administrative or support services. Qualification requirements vary significantly by role and regulated professions require approved credentials.",Clinical Knowledge; Communication; Patient Care; Documentation; Teamwork; Attention to Detail; Ethics,Role-specific approved degree/diploma and required registration/licensure,CPR/BLS; Healthcare Management; Medical Coding; Clinical Research,₹2.5–8 LPA entry-level; ₹10–30+ LPA experienced (Estimated),High,1. Learn fundamentals; 2. Build role-specific skills; 3. Complete projects or practical training; 4. Gain internship/entry-level experience; 5. Develop a specialization; 6. Move into senior or lead responsibilities,Healthcare Administrator; Junior Healthcare Administrator; Senior Healthcare Administrator; Healthcare Administrator Consultant,Senior Specialist; Clinical/Department Lead; Healthcare Manager; Hospital/Practice Leadership,Not available
243,Health Information Manager,Healthcare & Medicine,"Health Information Manager professionals healthcare professionals provide clinical, diagnostic, administrative or support services. Qualification requirements vary significantly by role and regulated professions require approved credentials.",Clinical Knowledge; Communication; Patient Care; Documentation; Teamwork; Attention to Detail; Ethics,Role-specific approved degree/diploma and required registration/licensure,CPR/BLS; Healthcare Management; Medical Coding; Clinical Research,₹2.5–8 LPA entry-level; ₹10–30+ LPA experienced (Estimated),High,1. Learn fundamentals; 2. Build role-specific skills; 3. Complete projects or practical training; 4. Gain internship/entry-level experience; 5. Develop a specialization; 6. Move into senior or lead responsibilities,Health Information Manager; Junior Health Information Manager; Senior Health Information Manager; Health Information Manager Consultant,Senior Specialist; Clinical/Department Lead; Healthcare Manager; Hospital/Practice Leadership,Not available
244,Medical Coding Specialist,Healthcare & Medicine,"Medical Coding Specialist professionals healthcare professionals provide clinical, diagnostic, administrative or support services. Qualification requirements vary significantly by role and regulated professions require approved credentials.",Clinical Knowledge; Communication; Patient Care; Documentation; Teamwork; Attention to Detail; Ethics,Role-specific approved degree/diploma and required registration/licensure,CPR/BLS; Healthcare Management; Medical Coding; Clinical Research,₹2.5–8 LPA entry-level; ₹10–30+ LPA experienced (Estimated),High,1. Learn fundamentals; 2. Build role-specific skills; 3. Complete projects or practical training; 4. Gain internship/entry-level experience; 5. Develop a specialization; 6. Move into senior or lead responsibilities,Medical Coding Specialist; Junior Medical Coding Specialist; Senior Medical Coding Specialist; Medical Coding Specialist Consultant,Senior Specialist; Clinical/Department Lead; Healthcare Manager; Hospital/Practice Leadership,Not available
245,Medical Transcriptionist,Healthcare & Medicine,"Medical Transcriptionist professionals healthcare professionals provide clinical, diagnostic, administrative or support services. Qualification requirements vary significantly by role and regulated professions require approved credentials.",Clinical Knowledge; Communication; Patient Care; Documentation; Teamwork; Attention to Detail; Ethics,Role-specific approved degree/diploma and required registration/licensure,CPR/BLS; Healthcare Management; Medical Coding; Clinical Research,₹2.5–8 LPA entry-level; ₹10–30+ LPA experienced (Estimated),High,1. Learn fundamentals; 2. Build role-specific skills; 3. Complete projects or practical training; 4. Gain internship/entry-level experience; 5. Develop a specialization; 6. Move into senior or lead responsibilities,Medical Transcriptionist; Junior Medical Transcriptionist; Senior Medical Transcriptionist; Medical Transcriptionist Consultant,Senior Specialist; Clinical/Department Lead; Healthcare Manager; Hospital/Practice Leadership,Not available
246,Pharmaceutical Scientist,Pharmaceutical & Biotechnology,"Pharmaceutical Scientist professionals pharma and biotech professionals support research, drug development, quality, regulation and laboratory operations. Many roles require specialized science or pharmacy education.",Laboratory Skills; Biology; Data Analysis; Documentation; Quality Control; Research; Regulatory Knowledge,BPharm/BSc/MSc/BTech/MPharm or relevant life-science qualification depending on role,Good Clinical Practice; Pharmacovigilance; Regulatory Affairs; Bioinformatics,₹3–7 LPA entry-level; ₹10–25+ LPA experienced (Estimated),High,1. Learn fundamentals; 2. Build role-specific skills; 3. Complete projects or practical training; 4. Gain internship/entry-level experience; 5. Develop a specialization; 6. Move into senior or lead responsibilities,Pharmaceutical Scientist; Junior Pharmaceutical Scientist; Senior Pharmaceutical Scientist; Pharmaceutical Scientist Consultant,Senior Scientist; Project Lead; R&D Manager; Regulatory/Quality Head,Not available
247,Clinical Research Scientist,Pharmaceutical & Biotechnology,"Clinical Research Scientist professionals pharma and biotech professionals support research, drug development, quality, regulation and laboratory operations. Many roles require specialized science or pharmacy education.",Laboratory Skills; Biology; Data Analysis; Documentation; Quality Control; Research; Regulatory Knowledge,BPharm/BSc/MSc/BTech/MPharm or relevant life-science qualification depending on role,Good Clinical Practice; Pharmacovigilance; Regulatory Affairs; Bioinformatics,₹3–7 LPA entry-level; ₹10–25+ LPA experienced (Estimated),High,1. Learn fundamentals; 2. Build role-specific skills; 3. Complete projects or practical training; 4. Gain internship/entry-level experience; 5. Develop a specialization; 6. Move into senior or lead responsibilities,Clinical Research Scientist; Junior Clinical Research Scientist; Senior Clinical Research Scientist; Clinical Research Scientist Consultant,Senior Scientist; Project Lead; R&D Manager; Regulatory/Quality Head,Not available
248,Clinical Research Coordinator,Pharmaceutical & Biotechnology,"Clinical Research Coordinator professionals pharma and biotech professionals support research, drug development, quality, regulation and laboratory operations. Many roles require specialized science or pharmacy education.",Laboratory Skills; Biology; Data Analysis; Documentation; Quality Control; Research; Regulatory Knowledge,BPharm/BSc/MSc/BTech/MPharm or relevant life-science qualification depending on role,Good Clinical Practice; Pharmacovigilance; Regulatory Affairs; Bioinformatics,₹3–7 LPA entry-level; ₹10–25+ LPA experienced (Estimated),High,1. Learn fundamentals; 2. Build role-specific skills; 3. Complete projects or practical training; 4. Gain internship/entry-level experience; 5. Develop a specialization; 6. Move into senior or lead responsibilities,Clinical Research Coordinator; Junior Clinical Research Coordinator; Senior Clinical Research Coordinator; Clinical Research Coordinator Consultant,Senior Scientist; Project Lead; R&D Manager; Regulatory/Quality Head,Not available
249,Biotechnologist,Pharmaceutical & Biotechnology,"Biotechnologist professionals pharma and biotech professionals support research, drug development, quality, regulation and laboratory operations. Many roles require specialized science or pharmacy education.",Laboratory Skills; Biology; Data Analysis; Documentation; Quality Control; Research; Regulatory Knowledge,BPharm/BSc/MSc/BTech/MPharm or relevant life-science qualification depending on role,Good Clinical Practice; Pharmacovigilance; Regulatory Affairs; Bioinformatics,₹3–7 LPA entry-level; ₹10–25+ LPA experienced (Estimated),High,1. Learn fundamentals; 2. Build role-specific skills; 3. Complete projects or practical training; 4. Gain internship/entry-level experience; 5. Develop a specialization; 6. Move into senior or lead responsibilities,Biotechnologist; Junior Biotechnologist; Senior Biotechnologist; Biotechnologist Consultant,Senior Scientist; Project Lead; R&D Manager; Regulatory/Quality Head,Not available
250,Microbiologist,Pharmaceutical & Biotechnology,"Microbiologist professionals pharma and biotech professionals support research, drug development, quality, regulation and laboratory operations. Many roles require specialized science or pharmacy education.",Laboratory Skills; Biology; Data Analysis; Documentation; Quality Control; Research; Regulatory Knowledge,BPharm/BSc/MSc/BTech/MPharm or relevant life-science qualification depending on role,Good Clinical Practice; Pharmacovigilance; Regulatory Affairs; Bioinformatics,₹3–7 LPA entry-level; ₹10–25+ LPA experienced (Estimated),High,1. Learn fundamentals; 2. Build role-specific skills; 3. Complete projects or practical training; 4. Gain internship/entry-level experience; 5. Develop a specialization; 6. Move into senior or lead responsibilities,Microbiologist; Junior Microbiologist; Senior Microbiologist; Microbiologist Consultant,Senior Scientist; Project Lead; R&D Manager; Regulatory/Quality Head,Not available
251,Biochemist,Pharmaceutical & Biotechnology,"Biochemist professionals pharma and biotech professionals support research, drug development, quality, regulation and laboratory operations. Many roles require specialized science or pharmacy education.",Laboratory Skills; Biology; Data Analysis; Documentation; Quality Control; Research; Regulatory Knowledge,BPharm/BSc/MSc/BTech/MPharm or relevant life-science qualification depending on role,Good Clinical Practice; Pharmacovigilance; Regulatory Affairs; Bioinformatics,₹3–7 LPA entry-level; ₹10–25+ LPA experienced (Estimated),High,1. Learn fundamentals; 2. Build role-specific skills; 3. Complete projects or practical training; 4. Gain internship/entry-level experience; 5. Develop a specialization; 6. Move into senior or lead responsibilities,Biochemist; Junior Biochemist; Senior Biochemist; Biochemist Consultant,Senior Scientist; Project Lead; R&D Manager; Regulatory/Quality Head,Not available
252,Pharmacovigilance Associate,Pharmaceutical & Biotechnology,"Pharmacovigilance Associate professionals pharma and biotech professionals support research, drug development, quality, regulation and laboratory operations. Many roles require specialized science or pharmacy education.",Laboratory Skills; Biology; Data Analysis; Documentation; Quality Control; Research; Regulatory Knowledge,BPharm/BSc/MSc/BTech/MPharm or relevant life-science qualification depending on role,Good Clinical Practice; Pharmacovigilance; Regulatory Affairs; Bioinformatics,₹3–7 LPA entry-level; ₹10–25+ LPA experienced (Estimated),High,1. Learn fundamentals; 2. Build role-specific skills; 3. Complete projects or practical training; 4. Gain internship/entry-level experience; 5. Develop a specialization; 6. Move into senior or lead responsibilities,Pharmacovigilance Associate; Junior Pharmacovigilance Associate; Senior Pharmacovigilance Associate; Pharmacovigilance Associate Consultant,Senior Scientist; Project Lead; R&D Manager; Regulatory/Quality Head,Not available
253,Regulatory Affairs Associate,Pharmaceutical & Biotechnology,"Regulatory Affairs Associate professionals pharma and biotech professionals support research, drug development, quality, regulation and laboratory operations. Many roles require specialized science or pharmacy education.",Laboratory Skills; Biology; Data Analysis; Documentation; Quality Control; Research; Regulatory Knowledge,BPharm/BSc/MSc/BTech/MPharm or relevant life-science qualification depending on role,Good Clinical Practice; Pharmacovigilance; Regulatory Affairs; Bioinformatics,₹3–7 LPA entry-level; ₹10–25+ LPA experienced (Estimated),High,1. Learn fundamentals; 2. Build role-specific skills; 3. Complete projects or practical training; 4. Gain internship/entry-level experience; 5. Develop a specialization; 6. Move into senior or lead responsibilities,Regulatory Affairs Associate; Junior Regulatory Affairs Associate; Senior Regulatory Affairs Associate; Regulatory Affairs Associate Consultant,Senior Scientist; Project Lead; R&D Manager; Regulatory/Quality Head,Not available
254,Quality Control Analyst,Pharmaceutical & Biotechnology,"Quality Control Analyst professionals pharma and biotech professionals support research, drug development, quality, regulation and laboratory operations. Many roles require specialized science or pharmacy education.",Laboratory Skills; Biology; Data Analysis; Documentation; Quality Control; Research; Regulatory Knowledge,BPharm/BSc/MSc/BTech/MPharm or relevant life-science qualification depending on role,Good Clinical Practice; Pharmacovigilance; Regulatory Affairs; Bioinformatics,₹3–7 LPA entry-level; ₹10–25+ LPA experienced (Estimated),High,1. Learn fundamentals; 2. Build role-specific skills; 3. Complete projects or practical training; 4. Gain internship/entry-level experience; 5. Develop a specialization; 6. Move into senior or lead responsibilities,Quality Control Analyst; Junior Quality Control Analyst; Senior Quality Control Analyst; Quality Control Analyst Consultant,Senior Scientist; Project Lead; R&D Manager; Regulatory/Quality Head,Not available
255,Quality Assurance Specialist,Pharmaceutical & Biotechnology,"Quality Assurance Specialist professionals pharma and biotech professionals support research, drug development, quality, regulation and laboratory operations. Many roles require specialized science or pharmacy education.",Laboratory Skills; Biology; Data Analysis; Documentation; Quality Control; Research; Regulatory Knowledge,BPharm/BSc/MSc/BTech/MPharm or relevant life-science qualification depending on role,Good Clinical Practice; Pharmacovigilance; Regulatory Affairs; Bioinformatics,₹3–7 LPA entry-level; ₹10–25+ LPA experienced (Estimated),High,1. Learn fundamentals; 2. Build role-specific skills; 3. Complete projects or practical training; 4. Gain internship/entry-level experience; 5. Develop a specialization; 6. Move into senior or lead responsibilities,Quality Assurance Specialist; Junior Quality Assurance Specialist; Senior Quality Assurance Specialist; Quality Assurance Specialist Consultant,Senior Scientist; Project Lead; R&D Manager; Regulatory/Quality Head,Not available
256,Drug Safety Associate,Pharmaceutical & Biotechnology,"Drug Safety Associate professionals pharma and biotech professionals support research, drug development, quality, regulation and laboratory operations. Many roles require specialized science or pharmacy education.",Laboratory Skills; Biology; Data Analysis; Documentation; Quality Control; Research; Regulatory Knowledge,BPharm/BSc/MSc/BTech/MPharm or relevant life-science qualification depending on role,Good Clinical Practice; Pharmacovigilance; Regulatory Affairs; Bioinformatics,₹3–7 LPA entry-level; ₹10–25+ LPA experienced (Estimated),High,1. Learn fundamentals; 2. Build role-specific skills; 3. Complete projects or practical training; 4. Gain internship/entry-level experience; 5. Develop a specialization; 6. Move into senior or lead responsibilities,Drug Safety Associate; Junior Drug Safety Associate; Senior Drug Safety Associate; Drug Safety Associate Consultant,Senior Scientist; Project Lead; R&D Manager; Regulatory/Quality Head,Not available
257,Bioinformatics Scientist,Pharmaceutical & Biotechnology,"Bioinformatics Scientist professionals pharma and biotech professionals support research, drug development, quality, regulation and laboratory operations. Many roles require specialized science or pharmacy education.",Laboratory Skills; Biology; Data Analysis; Documentation; Quality Control; Research; Regulatory Knowledge,BPharm/BSc/MSc/BTech/MPharm or relevant life-science qualification depending on role,Good Clinical Practice; Pharmacovigilance; Regulatory Affairs; Bioinformatics,₹3–7 LPA entry-level; ₹10–25+ LPA experienced (Estimated),High,1. Learn fundamentals; 2. Build role-specific skills; 3. Complete projects or practical training; 4. Gain internship/entry-level experience; 5. Develop a specialization; 6. Move into senior or lead responsibilities,Bioinformatics Scientist; Junior Bioinformatics Scientist; Senior Bioinformatics Scientist; Bioinformatics Scientist Consultant,Senior Scientist; Project Lead; R&D Manager; Regulatory/Quality Head,Not available
258,Molecular Biologist,Pharmaceutical & Biotechnology,"Molecular Biologist professionals pharma and biotech professionals support research, drug development, quality, regulation and laboratory operations. Many roles require specialized science or pharmacy education.",Laboratory Skills; Biology; Data Analysis; Documentation; Quality Control; Research; Regulatory Knowledge,BPharm/BSc/MSc/BTech/MPharm or relevant life-science qualification depending on role,Good Clinical Practice; Pharmacovigilance; Regulatory Affairs; Bioinformatics,₹3–7 LPA entry-level; ₹10–25+ LPA experienced (Estimated),High,1. Learn fundamentals; 2. Build role-specific skills; 3. Complete projects or practical training; 4. Gain internship/entry-level experience; 5. Develop a specialization; 6. Move into senior or lead responsibilities,Molecular Biologist; Junior Molecular Biologist; Senior Molecular Biologist; Molecular Biologist Consultant,Senior Scientist; Project Lead; R&D Manager; Regulatory/Quality Head,Not available
259,Research Associate,Pharmaceutical & Biotechnology,"Research Associate professionals pharma and biotech professionals support research, drug development, quality, regulation and laboratory operations. Many roles require specialized science or pharmacy education.",Laboratory Skills; Biology; Data Analysis; Documentation; Quality Control; Research; Regulatory Knowledge,BPharm/BSc/MSc/BTech/MPharm or relevant life-science qualification depending on role,Good Clinical Practice; Pharmacovigilance; Regulatory Affairs; Bioinformatics,₹3–7 LPA entry-level; ₹10–25+ LPA experienced (Estimated),High,1. Learn fundamentals; 2. Build role-specific skills; 3. Complete projects or practical training; 4. Gain internship/entry-level experience; 5. Develop a specialization; 6. Move into senior or lead responsibilities,Research Associate; Junior Research Associate; Senior Research Associate; Research Associate Consultant,Senior Scientist; Project Lead; R&D Manager; Regulatory/Quality Head,Not available
260,Pharma Sales Executive,Pharmaceutical & Biotechnology,"Pharma Sales Executive professionals pharma and biotech professionals support research, drug development, quality, regulation and laboratory operations. Many roles require specialized science or pharmacy education.",Laboratory Skills; Biology; Data Analysis; Documentation; Quality Control; Research; Regulatory Knowledge,BPharm/BSc/MSc/BTech/MPharm or relevant life-science qualification depending on role,Good Clinical Practice; Pharmacovigilance; Regulatory Affairs; Bioinformatics,₹3–7 LPA entry-level; ₹10–25+ LPA experienced (Estimated),High,1. Learn fundamentals; 2. Build role-specific skills; 3. Complete projects or practical training; 4. Gain internship/entry-level experience; 5. Develop a specialization; 6. Move into senior or lead responsibilities,Pharma Sales Executive; Junior Pharma Sales Executive; Senior Pharma Sales Executive; Pharma Sales Executive Consultant,Senior Scientist; Project Lead; R&D Manager; Regulatory/Quality Head,Not available
261,Research Scientist,Science & Research,"Research Scientist professionals science professionals conduct experiments, analyze evidence and develop knowledge or technical solutions. Careers may exist in universities, laboratories, industry and public research organizations.",Research; Statistics; Data Analysis; Laboratory Skills; Scientific Writing; Critical Thinking; Documentation,Relevant BSc/MSc; research roles often require MSc/PhD or specialized qualifications,Research Methodology; Scientific Writing; Statistics; Laboratory Safety,₹3–6 LPA entry-level; ₹8–20+ LPA experienced (Estimated),Medium,1. Learn fundamentals; 2. Build role-specific skills; 3. Complete projects or practical training; 4. Gain internship/entry-level experience; 5. Develop a specialization; 6. Move into senior or lead responsibilities,Research Scientist; Junior Research Scientist; Senior Research Scientist; Research Scientist Consultant,Senior Researcher; Research Lead; Principal Scientist; Research Director,Not available
262,Research Assistant,Science & Research,"Research Assistant professionals science professionals conduct experiments, analyze evidence and develop knowledge or technical solutions. Careers may exist in universities, laboratories, industry and public research organizations.",Research; Statistics; Data Analysis; Laboratory Skills; Scientific Writing; Critical Thinking; Documentation,Relevant BSc/MSc; research roles often require MSc/PhD or specialized qualifications,Research Methodology; Scientific Writing; Statistics; Laboratory Safety,₹3–6 LPA entry-level; ₹8–20+ LPA experienced (Estimated),Medium,1. Learn fundamentals; 2. Build role-specific skills; 3. Complete projects or practical training; 4. Gain internship/entry-level experience; 5. Develop a specialization; 6. Move into senior or lead responsibilities,Research Assistant; Junior Research Assistant; Senior Research Assistant; Research Assistant Consultant,Senior Researcher; Research Lead; Principal Scientist; Research Director,Not available
263,Physicist,Science & Research,"Physicist professionals science professionals conduct experiments, analyze evidence and develop knowledge or technical solutions. Careers may exist in universities, laboratories, industry and public research organizations.",Research; Statistics; Data Analysis; Laboratory Skills; Scientific Writing; Critical Thinking; Documentation,Relevant BSc/MSc; research roles often require MSc/PhD or specialized qualifications,Research Methodology; Scientific Writing; Statistics; Laboratory Safety,₹3–6 LPA entry-level; ₹8–20+ LPA experienced (Estimated),Medium,1. Learn fundamentals; 2. Build role-specific skills; 3. Complete projects or practical training; 4. Gain internship/entry-level experience; 5. Develop a specialization; 6. Move into senior or lead responsibilities,Physicist; Junior Physicist; Senior Physicist; Physicist Consultant,Senior Researcher; Research Lead; Principal Scientist; Research Director,19-2012.00
264,Chemist,Science & Research,"Chemist professionals science professionals conduct experiments, analyze evidence and develop knowledge or technical solutions. Careers may exist in universities, laboratories, industry and public research organizations.",Research; Statistics; Data Analysis; Laboratory Skills; Scientific Writing; Critical Thinking; Documentation,Relevant BSc/MSc; research roles often require MSc/PhD or specialized qualifications,Research Methodology; Scientific Writing; Statistics; Laboratory Safety,₹3–6 LPA entry-level; ₹8–20+ LPA experienced (Estimated),Medium,1. Learn fundamentals; 2. Build role-specific skills; 3. Complete projects or practical training; 4. Gain internship/entry-level experience; 5. Develop a specialization; 6. Move into senior or lead responsibilities,Chemist; Junior Chemist; Senior Chemist; Chemist Consultant,Senior Researcher; Research Lead; Principal Scientist; Research Director,19-2031.00
265,Mathematician,Science & Research,"Mathematician professionals science professionals conduct experiments, analyze evidence and develop knowledge or technical solutions. Careers may exist in universities, laboratories, industry and public research organizations.",Research; Statistics; Data Analysis; Laboratory Skills; Scientific Writing; Critical Thinking; Documentation,Relevant BSc/MSc; research roles often require MSc/PhD or specialized qualifications,Research Methodology; Scientific Writing; Statistics; Laboratory Safety,₹3–6 LPA entry-level; ₹8–20+ LPA experienced (Estimated),Medium,1. Learn fundamentals; 2. Build role-specific skills; 3. Complete projects or practical training; 4. Gain internship/entry-level experience; 5. Develop a specialization; 6. Move into senior or lead responsibilities,Mathematician; Junior Mathematician; Senior Mathematician; Mathematician Consultant,Senior Researcher; Research Lead; Principal Scientist; Research Director,15-2021.00
266,Statistician,Science & Research,"Statistician professionals science professionals conduct experiments, analyze evidence and develop knowledge or technical solutions. Careers may exist in universities, laboratories, industry and public research organizations.",Research; Statistics; Data Analysis; Laboratory Skills; Scientific Writing; Critical Thinking; Documentation,Relevant BSc/MSc; research roles often require MSc/PhD or specialized qualifications,Research Methodology; Scientific Writing; Statistics; Laboratory Safety,₹3–6 LPA entry-level; ₹8–20+ LPA experienced (Estimated),Medium,1. Learn fundamentals; 2. Build role-specific skills; 3. Complete projects or practical training; 4. Gain internship/entry-level experience; 5. Develop a specialization; 6. Move into senior or lead responsibilities,Statistician; Junior Statistician; Senior Statistician; Statistician Consultant,Senior Researcher; Research Lead; Principal Scientist; Research Director,15-2041.00
267,Biologist,Science & Research,"Biologist professionals science professionals conduct experiments, analyze evidence and develop knowledge or technical solutions. Careers may exist in universities, laboratories, industry and public research organizations.",Research; Statistics; Data Analysis; Laboratory Skills; Scientific Writing; Critical Thinking; Documentation,Relevant BSc/MSc; research roles often require MSc/PhD or specialized qualifications,Research Methodology; Scientific Writing; Statistics; Laboratory Safety,₹3–6 LPA entry-level; ₹8–20+ LPA experienced (Estimated),Medium,1. Learn fundamentals; 2. Build role-specific skills; 3. Complete projects or practical training; 4. Gain internship/entry-level experience; 5. Develop a specialization; 6. Move into senior or lead responsibilities,Biologist; Junior Biologist; Senior Biologist; Biologist Consultant,Senior Researcher; Research Lead; Principal Scientist; Research Director,19-1029.00
268,Geologist,Science & Research,"Geologist professionals science professionals conduct experiments, analyze evidence and develop knowledge or technical solutions. Careers may exist in universities, laboratories, industry and public research organizations.",Research; Statistics; Data Analysis; Laboratory Skills; Scientific Writing; Critical Thinking; Documentation,Relevant BSc/MSc; research roles often require MSc/PhD or specialized qualifications,Research Methodology; Scientific Writing; Statistics; Laboratory Safety,₹3–6 LPA entry-level; ₹8–20+ LPA experienced (Estimated),Medium,1. Learn fundamentals; 2. Build role-specific skills; 3. Complete projects or practical training; 4. Gain internship/entry-level experience; 5. Develop a specialization; 6. Move into senior or lead responsibilities,Geologist; Junior Geologist; Senior Geologist; Geologist Consultant,Senior Researcher; Research Lead; Principal Scientist; Research Director,Not available
269,Environmental Scientist,Science & Research,"Environmental Scientist professionals science professionals conduct experiments, analyze evidence and develop knowledge or technical solutions. Careers may exist in universities, laboratories, industry and public research organizations.",Research; Statistics; Data Analysis; Laboratory Skills; Scientific Writing; Critical Thinking; Documentation,Relevant BSc/MSc; research roles often require MSc/PhD or specialized qualifications,Research Methodology; Scientific Writing; Statistics; Laboratory Safety,₹3–6 LPA entry-level; ₹8–20+ LPA experienced (Estimated),Medium,1. Learn fundamentals; 2. Build role-specific skills; 3. Complete projects or practical training; 4. Gain internship/entry-level experience; 5. Develop a specialization; 6. Move into senior or lead responsibilities,Environmental Scientist; Junior Environmental Scientist; Senior Environmental Scientist; Environmental Scientist Consultant,Senior Researcher; Research Lead; Principal Scientist; Research Director,19-2041.00
270,Astronomer,Science & Research,"Astronomer professionals science professionals conduct experiments, analyze evidence and develop knowledge or technical solutions. Careers may exist in universities, laboratories, industry and public research organizations.",Research; Statistics; Data Analysis; Laboratory Skills; Scientific Writing; Critical Thinking; Documentation,Relevant BSc/MSc; research roles often require MSc/PhD or specialized qualifications,Research Methodology; Scientific Writing; Statistics; Laboratory Safety,₹3–6 LPA entry-level; ₹8–20+ LPA experienced (Estimated),Medium,1. Learn fundamentals; 2. Build role-specific skills; 3. Complete projects or practical training; 4. Gain internship/entry-level experience; 5. Develop a specialization; 6. Move into senior or lead responsibilities,Astronomer; Junior Astronomer; Senior Astronomer; Astronomer Consultant,Senior Researcher; Research Lead; Principal Scientist; Research Director,Not available
271,Materials Scientist,Science & Research,"Materials Scientist professionals science professionals conduct experiments, analyze evidence and develop knowledge or technical solutions. Careers may exist in universities, laboratories, industry and public research organizations.",Research; Statistics; Data Analysis; Laboratory Skills; Scientific Writing; Critical Thinking; Documentation,Relevant BSc/MSc; research roles often require MSc/PhD or specialized qualifications,Research Methodology; Scientific Writing; Statistics; Laboratory Safety,₹3–6 LPA entry-level; ₹8–20+ LPA experienced (Estimated),Medium,1. Learn fundamentals; 2. Build role-specific skills; 3. Complete projects or practical training; 4. Gain internship/entry-level experience; 5. Develop a specialization; 6. Move into senior or lead responsibilities,Materials Scientist; Junior Materials Scientist; Senior Materials Scientist; Materials Scientist Consultant,Senior Researcher; Research Lead; Principal Scientist; Research Director,Not available
272,Scientific Officer,Science & Research,"Scientific Officer professionals science professionals conduct experiments, analyze evidence and develop knowledge or technical solutions. Careers may exist in universities, laboratories, industry and public research organizations.",Research; Statistics; Data Analysis; Laboratory Skills; Scientific Writing; Critical Thinking; Documentation,Relevant BSc/MSc; research roles often require MSc/PhD or specialized qualifications,Research Methodology; Scientific Writing; Statistics; Laboratory Safety,₹3–6 LPA entry-level; ₹8–20+ LPA experienced (Estimated),Medium,1. Learn fundamentals; 2. Build role-specific skills; 3. Complete projects or practical training; 4. Gain internship/entry-level experience; 5. Develop a specialization; 6. Move into senior or lead responsibilities,Scientific Officer; Junior Scientific Officer; Senior Scientific Officer; Scientific Officer Consultant,Senior Researcher; Research Lead; Principal Scientist; Research Director,Not available
273,Laboratory Technician,Science & Research,"Laboratory Technician professionals science professionals conduct experiments, analyze evidence and develop knowledge or technical solutions. Careers may exist in universities, laboratories, industry and public research organizations.",Research; Statistics; Data Analysis; Laboratory Skills; Scientific Writing; Critical Thinking; Documentation,Relevant BSc/MSc; research roles often require MSc/PhD or specialized qualifications,Research Methodology; Scientific Writing; Statistics; Laboratory Safety,₹3–6 LPA entry-level; ₹8–20+ LPA experienced (Estimated),Medium,1. Learn fundamentals; 2. Build role-specific skills; 3. Complete projects or practical training; 4. Gain internship/entry-level experience; 5. Develop a specialization; 6. Move into senior or lead responsibilities,Laboratory Technician; Junior Laboratory Technician; Senior Laboratory Technician; Laboratory Technician Consultant,Senior Researcher; Research Lead; Principal Scientist; Research Director,Not available
274,Science Communicator,Science & Research,"Science Communicator professionals science professionals conduct experiments, analyze evidence and develop knowledge or technical solutions. Careers may exist in universities, laboratories, industry and public research organizations.",Research; Statistics; Data Analysis; Laboratory Skills; Scientific Writing; Critical Thinking; Documentation,Relevant BSc/MSc; research roles often require MSc/PhD or specialized qualifications,Research Methodology; Scientific Writing; Statistics; Laboratory Safety,₹3–6 LPA entry-level; ₹8–20+ LPA experienced (Estimated),Medium,1. Learn fundamentals; 2. Build role-specific skills; 3. Complete projects or practical training; 4. Gain internship/entry-level experience; 5. Develop a specialization; 6. Move into senior or lead responsibilities,Science Communicator; Junior Science Communicator; Senior Science Communicator; Science Communicator Consultant,Senior Researcher; Research Lead; Principal Scientist; Research Director,Not available
275,Research Analyst,Science & Research,"Research Analyst professionals science professionals conduct experiments, analyze evidence and develop knowledge or technical solutions. Careers may exist in universities, laboratories, industry and public research organizations.",Research; Statistics; Data Analysis; Laboratory Skills; Scientific Writing; Critical Thinking; Documentation,Relevant BSc/MSc; research roles often require MSc/PhD or specialized qualifications,Research Methodology; Scientific Writing; Statistics; Laboratory Safety,₹3–6 LPA entry-level; ₹8–20+ LPA experienced (Estimated),Medium,1. Learn fundamentals; 2. Build role-specific skills; 3. Complete projects or practical training; 4. Gain internship/entry-level experience; 5. Develop a specialization; 6. Move into senior or lead responsibilities,Research Analyst; Junior Research Analyst; Senior Research Analyst; Research Analyst Consultant,Senior Researcher; Research Lead; Principal Scientist; Research Director,Not available
276,Advocate,Law & Legal Services,"Advocate professionals legal professionals interpret laws, prepare documents, support transactions and represent or advise clients. Some roles require a recognized law degree and professional registration.",Legal Research; Legal Writing; Communication; Contract Review; Negotiation; Critical Thinking; Attention to Detail,LLB/LLM or role-specific legal qualification; advocate practice requires applicable registration,Contract Law; Corporate Law; Cyber Law; Intellectual Property,₹3–7 LPA entry-level; ₹10–30+ LPA experienced (Estimated),Medium,1. Learn fundamentals; 2. Build role-specific skills; 3. Complete projects or practical training; 4. Gain internship/entry-level experience; 5. Develop a specialization; 6. Move into senior or lead responsibilities,Advocate; Junior Advocate; Senior Advocate; Advocate Consultant,Senior Associate; Legal Manager; Legal Counsel; Partner/Legal Director,Not available
277,Corporate Lawyer,Law & Legal Services,"Corporate Lawyer professionals legal professionals interpret laws, prepare documents, support transactions and represent or advise clients. Some roles require a recognized law degree and professional registration.",Legal Research; Legal Writing; Communication; Contract Review; Negotiation; Critical Thinking; Attention to Detail,LLB/LLM or role-specific legal qualification; advocate practice requires applicable registration,Contract Law; Corporate Law; Cyber Law; Intellectual Property,₹3–7 LPA entry-level; ₹10–30+ LPA experienced (Estimated),Medium,1. Learn fundamentals; 2. Build role-specific skills; 3. Complete projects or practical training; 4. Gain internship/entry-level experience; 5. Develop a specialization; 6. Move into senior or lead responsibilities,Corporate Lawyer; Junior Corporate Lawyer; Senior Corporate Lawyer; Corporate Lawyer Consultant,Senior Associate; Legal Manager; Legal Counsel; Partner/Legal Director,Not available
278,Legal Advisor,Law & Legal Services,"Legal Advisor professionals legal professionals interpret laws, prepare documents, support transactions and represent or advise clients. Some roles require a recognized law degree and professional registration.",Legal Research; Legal Writing; Communication; Contract Review; Negotiation; Critical Thinking; Attention to Detail,LLB/LLM or role-specific legal qualification; advocate practice requires applicable registration,Contract Law; Corporate Law; Cyber Law; Intellectual Property,₹3–7 LPA entry-level; ₹10–30+ LPA experienced (Estimated),Medium,1. Learn fundamentals; 2. Build role-specific skills; 3. Complete projects or practical training; 4. Gain internship/entry-level experience; 5. Develop a specialization; 6. Move into senior or lead responsibilities,Legal Advisor; Junior Legal Advisor; Senior Legal Advisor; Legal Advisor Consultant,Senior Associate; Legal Manager; Legal Counsel; Partner/Legal Director,Not available
279,Legal Consultant,Law & Legal Services,"Legal Consultant professionals legal professionals interpret laws, prepare documents, support transactions and represent or advise clients. Some roles require a recognized law degree and professional registration.",Legal Research; Legal Writing; Communication; Contract Review; Negotiation; Critical Thinking; Attention to Detail,LLB/LLM or role-specific legal qualification; advocate practice requires applicable registration,Contract Law; Corporate Law; Cyber Law; Intellectual Property,₹3–7 LPA entry-level; ₹10–30+ LPA experienced (Estimated),Medium,1. Learn fundamentals; 2. Build role-specific skills; 3. Complete projects or practical training; 4. Gain internship/entry-level experience; 5. Develop a specialization; 6. Move into senior or lead responsibilities,Legal Consultant; Junior Legal Consultant; Senior Legal Consultant; Legal Consultant Consultant,Senior Associate; Legal Manager; Legal Counsel; Partner/Legal Director,Not available
280,Legal Associate,Law & Legal Services,"Legal Associate professionals legal professionals interpret laws, prepare documents, support transactions and represent or advise clients. Some roles require a recognized law degree and professional registration.",Legal Research; Legal Writing; Communication; Contract Review; Negotiation; Critical Thinking; Attention to Detail,LLB/LLM or role-specific legal qualification; advocate practice requires applicable registration,Contract Law; Corporate Law; Cyber Law; Intellectual Property,₹3–7 LPA entry-level; ₹10–30+ LPA experienced (Estimated),Medium,1. Learn fundamentals; 2. Build role-specific skills; 3. Complete projects or practical training; 4. Gain internship/entry-level experience; 5. Develop a specialization; 6. Move into senior or lead responsibilities,Legal Associate; Junior Legal Associate; Senior Legal Associate; Legal Associate Consultant,Senior Associate; Legal Manager; Legal Counsel; Partner/Legal Director,Not available
281,Paralegal,Law & Legal Services,"Paralegal professionals legal professionals interpret laws, prepare documents, support transactions and represent or advise clients. Some roles require a recognized law degree and professional registration.",Legal Research; Legal Writing; Communication; Contract Review; Negotiation; Critical Thinking; Attention to Detail,LLB/LLM or role-specific legal qualification; advocate practice requires applicable registration,Contract Law; Corporate Law; Cyber Law; Intellectual Property,₹3–7 LPA entry-level; ₹10–30+ LPA experienced (Estimated),Medium,1. Learn fundamentals; 2. Build role-specific skills; 3. Complete projects or practical training; 4. Gain internship/entry-level experience; 5. Develop a specialization; 6. Move into senior or lead responsibilities,Paralegal; Junior Paralegal; Senior Paralegal; Paralegal Consultant,Senior Associate; Legal Manager; Legal Counsel; Partner/Legal Director,Not available
282,Legal Researcher,Law & Legal Services,"Legal Researcher professionals legal professionals interpret laws, prepare documents, support transactions and represent or advise clients. Some roles require a recognized law degree and professional registration.",Legal Research; Legal Writing; Communication; Contract Review; Negotiation; Critical Thinking; Attention to Detail,LLB/LLM or role-specific legal qualification; advocate practice requires applicable registration,Contract Law; Corporate Law; Cyber Law; Intellectual Property,₹3–7 LPA entry-level; ₹10–30+ LPA experienced (Estimated),Medium,1. Learn fundamentals; 2. Build role-specific skills; 3. Complete projects or practical training; 4. Gain internship/entry-level experience; 5. Develop a specialization; 6. Move into senior or lead responsibilities,Legal Researcher; Junior Legal Researcher; Senior Legal Researcher; Legal Researcher Consultant,Senior Associate; Legal Manager; Legal Counsel; Partner/Legal Director,Not available
283,Contract Specialist,Law & Legal Services,"Contract Specialist professionals legal professionals interpret laws, prepare documents, support transactions and represent or advise clients. Some roles require a recognized law degree and professional registration.",Legal Research; Legal Writing; Communication; Contract Review; Negotiation; Critical Thinking; Attention to Detail,LLB/LLM or role-specific legal qualification; advocate practice requires applicable registration,Contract Law; Corporate Law; Cyber Law; Intellectual Property,₹3–7 LPA entry-level; ₹10–30+ LPA experienced (Estimated),Medium,1. Learn fundamentals; 2. Build role-specific skills; 3. Complete projects or practical training; 4. Gain internship/entry-level experience; 5. Develop a specialization; 6. Move into senior or lead responsibilities,Contract Specialist; Junior Contract Specialist; Senior Contract Specialist; Contract Specialist Consultant,Senior Associate; Legal Manager; Legal Counsel; Partner/Legal Director,Not available
284,Compliance Officer,Law & Legal Services,"Compliance Officer professionals legal professionals interpret laws, prepare documents, support transactions and represent or advise clients. Some roles require a recognized law degree and professional registration.",Legal Research; Legal Writing; Communication; Contract Review; Negotiation; Critical Thinking; Attention to Detail,LLB/LLM or role-specific legal qualification; advocate practice requires applicable registration,Contract Law; Corporate Law; Cyber Law; Intellectual Property,₹3–7 LPA entry-level; ₹10–30+ LPA experienced (Estimated),Medium,1. Learn fundamentals; 2. Build role-specific skills; 3. Complete projects or practical training; 4. Gain internship/entry-level experience; 5. Develop a specialization; 6. Move into senior or lead responsibilities,Compliance Officer; Junior Compliance Officer; Senior Compliance Officer; Compliance Officer Consultant,Senior Associate; Legal Manager; Legal Counsel; Partner/Legal Director,Not available
285,Intellectual Property Lawyer,Law & Legal Services,"Intellectual Property Lawyer professionals legal professionals interpret laws, prepare documents, support transactions and represent or advise clients. Some roles require a recognized law degree and professional registration.",Legal Research; Legal Writing; Communication; Contract Review; Negotiation; Critical Thinking; Attention to Detail,LLB/LLM or role-specific legal qualification; advocate practice requires applicable registration,Contract Law; Corporate Law; Cyber Law; Intellectual Property,₹3–7 LPA entry-level; ₹10–30+ LPA experienced (Estimated),Medium,1. Learn fundamentals; 2. Build role-specific skills; 3. Complete projects or practical training; 4. Gain internship/entry-level experience; 5. Develop a specialization; 6. Move into senior or lead responsibilities,Intellectual Property Lawyer; Junior Intellectual Property Lawyer; Senior Intellectual Property Lawyer; Intellectual Property Lawyer Consultant,Senior Associate; Legal Manager; Legal Counsel; Partner/Legal Director,Not available
286,Labour Law Consultant,Law & Legal Services,"Labour Law Consultant professionals legal professionals interpret laws, prepare documents, support transactions and represent or advise clients. Some roles require a recognized law degree and professional registration.",Legal Research; Legal Writing; Communication; Contract Review; Negotiation; Critical Thinking; Attention to Detail,LLB/LLM or role-specific legal qualification; advocate practice requires applicable registration,Contract Law; Corporate Law; Cyber Law; Intellectual Property,₹3–7 LPA entry-level; ₹10–30+ LPA experienced (Estimated),Medium,1. Learn fundamentals; 2. Build role-specific skills; 3. Complete projects or practical training; 4. Gain internship/entry-level experience; 5. Develop a specialization; 6. Move into senior or lead responsibilities,Labour Law Consultant; Junior Labour Law Consultant; Senior Labour Law Consultant; Labour Law Consultant Consultant,Senior Associate; Legal Manager; Legal Counsel; Partner/Legal Director,Not available
287,Tax Lawyer,Law & Legal Services,"Tax Lawyer professionals legal professionals interpret laws, prepare documents, support transactions and represent or advise clients. Some roles require a recognized law degree and professional registration.",Legal Research; Legal Writing; Communication; Contract Review; Negotiation; Critical Thinking; Attention to Detail,LLB/LLM or role-specific legal qualification; advocate practice requires applicable registration,Contract Law; Corporate Law; Cyber Law; Intellectual Property,₹3–7 LPA entry-level; ₹10–30+ LPA experienced (Estimated),Medium,1. Learn fundamentals; 2. Build role-specific skills; 3. Complete projects or practical training; 4. Gain internship/entry-level experience; 5. Develop a specialization; 6. Move into senior or lead responsibilities,Tax Lawyer; Junior Tax Lawyer; Senior Tax Lawyer; Tax Lawyer Consultant,Senior Associate; Legal Manager; Legal Counsel; Partner/Legal Director,Not available
288,Cyber Law Specialist,Law & Legal Services,"Cyber Law Specialist professionals legal professionals interpret laws, prepare documents, support transactions and represent or advise clients. Some roles require a recognized law degree and professional registration.",Legal Research; Legal Writing; Communication; Contract Review; Negotiation; Critical Thinking; Attention to Detail,LLB/LLM or role-specific legal qualification; advocate practice requires applicable registration,Contract Law; Corporate Law; Cyber Law; Intellectual Property,₹3–7 LPA entry-level; ₹10–30+ LPA experienced (Estimated),Medium,1. Learn fundamentals; 2. Build role-specific skills; 3. Complete projects or practical training; 4. Gain internship/entry-level experience; 5. Develop a specialization; 6. Move into senior or lead responsibilities,Cyber Law Specialist; Junior Cyber Law Specialist; Senior Cyber Law Specialist; Cyber Law Specialist Consultant,Senior Associate; Legal Manager; Legal Counsel; Partner/Legal Director,Not available
289,Legal Operations Analyst,Law & Legal Services,"Legal Operations Analyst professionals legal professionals interpret laws, prepare documents, support transactions and represent or advise clients. Some roles require a recognized law degree and professional registration.",Legal Research; Legal Writing; Communication; Contract Review; Negotiation; Critical Thinking; Attention to Detail,LLB/LLM or role-specific legal qualification; advocate practice requires applicable registration,Contract Law; Corporate Law; Cyber Law; Intellectual Property,₹3–7 LPA entry-level; ₹10–30+ LPA experienced (Estimated),Medium,1. Learn fundamentals; 2. Build role-specific skills; 3. Complete projects or practical training; 4. Gain internship/entry-level experience; 5. Develop a specialization; 6. Move into senior or lead responsibilities,Legal Operations Analyst; Junior Legal Operations Analyst; Senior Legal Operations Analyst; Legal Operations Analyst Consultant,Senior Associate; Legal Manager; Legal Counsel; Partner/Legal Director,Not available
290,Court Clerk,Law & Legal Services,"Court Clerk professionals legal professionals interpret laws, prepare documents, support transactions and represent or advise clients. Some roles require a recognized law degree and professional registration.",Legal Research; Legal Writing; Communication; Contract Review; Negotiation; Critical Thinking; Attention to Detail,LLB/LLM or role-specific legal qualification; advocate practice requires applicable registration,Contract Law; Corporate Law; Cyber Law; Intellectual Property,₹3–7 LPA entry-level; ₹10–30+ LPA experienced (Estimated),Medium,1. Learn fundamentals; 2. Build role-specific skills; 3. Complete projects or practical training; 4. Gain internship/entry-level experience; 5. Develop a specialization; 6. Move into senior or lead responsibilities,Court Clerk; Junior Court Clerk; Senior Court Clerk; Court Clerk Consultant,Senior Associate; Legal Manager; Legal Counsel; Partner/Legal Director,Not available
291,School Teacher,Education & Teaching,"School Teacher professionals education professionals teach, design learning experiences and support students or training programs. Requirements depend on school, college, subject and institution.",Teaching; Communication; Subject Knowledge; Lesson Planning; Assessment; Presentation; Technology,Relevant bachelor's/master's degree; B.Ed/NET or other requirements may apply,Google Certified Educator; Instructional Design; TESOL/TEFL; Teaching certifications,₹2.5–5 LPA entry-level; ₹7–15+ LPA experienced (Estimated),High,1. Learn fundamentals; 2. Build role-specific skills; 3. Complete projects or practical training; 4. Gain internship/entry-level experience; 5. Develop a specialization; 6. Move into senior or lead responsibilities,School Teacher; Junior School Teacher; Senior School Teacher; School Teacher Consultant,Senior Teacher/Lecturer; Academic Coordinator; Department Head; Academic Director,25-2021.00
292,Primary Teacher,Education & Teaching,"Primary Teacher professionals education professionals teach, design learning experiences and support students or training programs. Requirements depend on school, college, subject and institution.",Teaching; Communication; Subject Knowledge; Lesson Planning; Assessment; Presentation; Technology,Relevant bachelor's/master's degree; B.Ed/NET or other requirements may apply,Google Certified Educator; Instructional Design; TESOL/TEFL; Teaching certifications,₹2.5–5 LPA entry-level; ₹7–15+ LPA experienced (Estimated),High,1. Learn fundamentals; 2. Build role-specific skills; 3. Complete projects or practical training; 4. Gain internship/entry-level experience; 5. Develop a specialization; 6. Move into senior or lead responsibilities,Primary Teacher; Junior Primary Teacher; Senior Primary Teacher; Primary Teacher Consultant,Senior Teacher/Lecturer; Academic Coordinator; Department Head; Academic Director,Not available
293,Secondary Teacher,Education & Teaching,"Secondary Teacher professionals education professionals teach, design learning experiences and support students or training programs. Requirements depend on school, college, subject and institution.",Teaching; Communication; Subject Knowledge; Lesson Planning; Assessment; Presentation; Technology,Relevant bachelor's/master's degree; B.Ed/NET or other requirements may apply,Google Certified Educator; Instructional Design; TESOL/TEFL; Teaching certifications,₹2.5–5 LPA entry-level; ₹7–15+ LPA experienced (Estimated),High,1. Learn fundamentals; 2. Build role-specific skills; 3. Complete projects or practical training; 4. Gain internship/entry-level experience; 5. Develop a specialization; 6. Move into senior or lead responsibilities,Secondary Teacher; Junior Secondary Teacher; Senior Secondary Teacher; Secondary Teacher Consultant,Senior Teacher/Lecturer; Academic Coordinator; Department Head; Academic Director,Not available
294,Higher Secondary Teacher,Education & Teaching,"Higher Secondary Teacher professionals education professionals teach, design learning experiences and support students or training programs. Requirements depend on school, college, subject and institution.",Teaching; Communication; Subject Knowledge; Lesson Planning; Assessment; Presentation; Technology,Relevant bachelor's/master's degree; B.Ed/NET or other requirements may apply,Google Certified Educator; Instructional Design; TESOL/TEFL; Teaching certifications,₹2.5–5 LPA entry-level; ₹7–15+ LPA experienced (Estimated),High,1. Learn fundamentals; 2. Build role-specific skills; 3. Complete projects or practical training; 4. Gain internship/entry-level experience; 5. Develop a specialization; 6. Move into senior or lead responsibilities,Higher Secondary Teacher; Junior Higher Secondary Teacher; Senior Higher Secondary Teacher; Higher Secondary Teacher Consultant,Senior Teacher/Lecturer; Academic Coordinator; Department Head; Academic Director,Not available
295,College Lecturer,Education & Teaching,"College Lecturer professionals education professionals teach, design learning experiences and support students or training programs. Requirements depend on school, college, subject and institution.",Teaching; Communication; Subject Knowledge; Lesson Planning; Assessment; Presentation; Technology,Relevant bachelor's/master's degree; B.Ed/NET or other requirements may apply,Google Certified Educator; Instructional Design; TESOL/TEFL; Teaching certifications,₹2.5–5 LPA entry-level; ₹7–15+ LPA experienced (Estimated),High,1. Learn fundamentals; 2. Build role-specific skills; 3. Complete projects or practical training; 4. Gain internship/entry-level experience; 5. Develop a specialization; 6. Move into senior or lead responsibilities,College Lecturer; Junior College Lecturer; Senior College Lecturer; College Lecturer Consultant,Senior Teacher/Lecturer; Academic Coordinator; Department Head; Academic Director,25-1050.00
296,Professor,Education & Teaching,"Professor professionals education professionals teach, design learning experiences and support students or training programs. Requirements depend on school, college, subject and institution.",Teaching; Communication; Subject Knowledge; Lesson Planning; Assessment; Presentation; Technology,Relevant bachelor's/master's degree; B.Ed/NET or other requirements may apply,Google Certified Educator; Instructional Design; TESOL/TEFL; Teaching certifications,₹2.5–5 LPA entry-level; ₹7–15+ LPA experienced (Estimated),High,1. Learn fundamentals; 2. Build role-specific skills; 3. Complete projects or practical training; 4. Gain internship/entry-level experience; 5. Develop a specialization; 6. Move into senior or lead responsibilities,Professor; Junior Professor; Senior Professor; Professor Consultant,Senior Teacher/Lecturer; Academic Coordinator; Department Head; Academic Director,Not available
297,Online Tutor,Education & Teaching,"Online Tutor professionals education professionals teach, design learning experiences and support students or training programs. Requirements depend on school, college, subject and institution.",Teaching; Communication; Subject Knowledge; Lesson Planning; Assessment; Presentation; Technology,Relevant bachelor's/master's degree; B.Ed/NET or other requirements may apply,Google Certified Educator; Instructional Design; TESOL/TEFL; Teaching certifications,₹2.5–5 LPA entry-level; ₹7–15+ LPA experienced (Estimated),High,1. Learn fundamentals; 2. Build role-specific skills; 3. Complete projects or practical training; 4. Gain internship/entry-level experience; 5. Develop a specialization; 6. Move into senior or lead responsibilities,Online Tutor; Junior Online Tutor; Senior Online Tutor; Online Tutor Consultant,Senior Teacher/Lecturer; Academic Coordinator; Department Head; Academic Director,Not available
298,Instructional Designer,Education & Teaching,"Instructional Designer professionals education professionals teach, design learning experiences and support students or training programs. Requirements depend on school, college, subject and institution.",Teaching; Communication; Subject Knowledge; Lesson Planning; Assessment; Presentation; Technology,Relevant bachelor's/master's degree; B.Ed/NET or other requirements may apply,Google Certified Educator; Instructional Design; TESOL/TEFL; Teaching certifications,₹2.5–5 LPA entry-level; ₹7–15+ LPA experienced (Estimated),High,1. Learn fundamentals; 2. Build role-specific skills; 3. Complete projects or practical training; 4. Gain internship/entry-level experience; 5. Develop a specialization; 6. Move into senior or lead responsibilities,Instructional Designer; Junior Instructional Designer; Senior Instructional Designer; Instructional Designer Consultant,Senior Teacher/Lecturer; Academic Coordinator; Department Head; Academic Director,Not available
299,Curriculum Developer,Education & Teaching,"Curriculum Developer professionals education professionals teach, design learning experiences and support students or training programs. Requirements depend on school, college, subject and institution.",Teaching; Communication; Subject Knowledge; Lesson Planning; Assessment; Presentation; Technology,Relevant bachelor's/master's degree; B.Ed/NET or other requirements may apply,Google Certified Educator; Instructional Design; TESOL/TEFL; Teaching certifications,₹2.5–5 LPA entry-level; ₹7–15+ LPA experienced (Estimated),High,1. Learn fundamentals; 2. Build role-specific skills; 3. Complete projects or practical training; 4. Gain internship/entry-level experience; 5. Develop a specialization; 6. Move into senior or lead responsibilities,Curriculum Developer; Junior Curriculum Developer; Senior Curriculum Developer; Curriculum Developer Consultant,Senior Teacher/Lecturer; Academic Coordinator; Department Head; Academic Director,Not available
300,Academic Counselor,Education & Teaching,"Academic Counselor professionals education professionals teach, design learning experiences and support students or training programs. Requirements depend on school, college, subject and institution.",Teaching; Communication; Subject Knowledge; Lesson Planning; Assessment; Presentation; Technology,Relevant bachelor's/master's degree; B.Ed/NET or other requirements may apply,Google Certified Educator; Instructional Design; TESOL/TEFL; Teaching certifications,₹2.5–5 LPA entry-level; ₹7–15+ LPA experienced (Estimated),High,1. Learn fundamentals; 2. Build role-specific skills; 3. Complete projects or practical training; 4. Gain internship/entry-level experience; 5. Develop a specialization; 6. Move into senior or lead responsibilities,Academic Counselor; Junior Academic Counselor; Senior Academic Counselor; Academic Counselor Consultant,Senior Teacher/Lecturer; Academic Coordinator; Department Head; Academic Director,Not available
301,Education Consultant,Education & Teaching,"Education Consultant professionals education professionals teach, design learning experiences and support students or training programs. Requirements depend on school, college, subject and institution.",Teaching; Communication; Subject Knowledge; Lesson Planning; Assessment; Presentation; Technology,Relevant bachelor's/master's degree; B.Ed/NET or other requirements may apply,Google Certified Educator; Instructional Design; TESOL/TEFL; Teaching certifications,₹2.5–5 LPA entry-level; ₹7–15+ LPA experienced (Estimated),High,1. Learn fundamentals; 2. Build role-specific skills; 3. Complete projects or practical training; 4. Gain internship/entry-level experience; 5. Develop a specialization; 6. Move into senior or lead responsibilities,Education Consultant; Junior Education Consultant; Senior Education Consultant; Education Consultant Consultant,Senior Teacher/Lecturer; Academic Coordinator; Department Head; Academic Director,Not available
302,Special Education Teacher,Education & Teaching,"Special Education Teacher professionals education professionals teach, design learning experiences and support students or training programs. Requirements depend on school, college, subject and institution.",Teaching; Communication; Subject Knowledge; Lesson Planning; Assessment; Presentation; Technology,Relevant bachelor's/master's degree; B.Ed/NET or other requirements may apply,Google Certified Educator; Instructional Design; TESOL/TEFL; Teaching certifications,₹2.5–5 LPA entry-level; ₹7–15+ LPA experienced (Estimated),High,1. Learn fundamentals; 2. Build role-specific skills; 3. Complete projects or practical training; 4. Gain internship/entry-level experience; 5. Develop a specialization; 6. Move into senior or lead responsibilities,Special Education Teacher; Junior Special Education Teacher; Senior Special Education Teacher; Special Education Teacher Consultant,Senior Teacher/Lecturer; Academic Coordinator; Department Head; Academic Director,Not available
303,Education Coordinator,Education & Teaching,"Education Coordinator professionals education professionals teach, design learning experiences and support students or training programs. Requirements depend on school, college, subject and institution.",Teaching; Communication; Subject Knowledge; Lesson Planning; Assessment; Presentation; Technology,Relevant bachelor's/master's degree; B.Ed/NET or other requirements may apply,Google Certified Educator; Instructional Design; TESOL/TEFL; Teaching certifications,₹2.5–5 LPA entry-level; ₹7–15+ LPA experienced (Estimated),High,1. Learn fundamentals; 2. Build role-specific skills; 3. Complete projects or practical training; 4. Gain internship/entry-level experience; 5. Develop a specialization; 6. Move into senior or lead responsibilities,Education Coordinator; Junior Education Coordinator; Senior Education Coordinator; Education Coordinator Consultant,Senior Teacher/Lecturer; Academic Coordinator; Department Head; Academic Director,Not available
304,Training Manager,Education & Teaching,"Training Manager professionals education professionals teach, design learning experiences and support students or training programs. Requirements depend on school, college, subject and institution.",Teaching; Communication; Subject Knowledge; Lesson Planning; Assessment; Presentation; Technology,Relevant bachelor's/master's degree; B.Ed/NET or other requirements may apply,Google Certified Educator; Instructional Design; TESOL/TEFL; Teaching certifications,₹2.5–5 LPA entry-level; ₹7–15+ LPA experienced (Estimated),High,1. Learn fundamentals; 2. Build role-specific skills; 3. Complete projects or practical training; 4. Gain internship/entry-level experience; 5. Develop a specialization; 6. Move into senior or lead responsibilities,Training Manager; Junior Training Manager; Senior Training Manager; Training Manager Consultant,Senior Teacher/Lecturer; Academic Coordinator; Department Head; Academic Director,11-3131.00
305,Teaching Assistant,Education & Teaching,"Teaching Assistant professionals education professionals teach, design learning experiences and support students or training programs. Requirements depend on school, college, subject and institution.",Teaching; Communication; Subject Knowledge; Lesson Planning; Assessment; Presentation; Technology,Relevant bachelor's/master's degree; B.Ed/NET or other requirements may apply,Google Certified Educator; Instructional Design; TESOL/TEFL; Teaching certifications,₹2.5–5 LPA entry-level; ₹7–15+ LPA experienced (Estimated),High,1. Learn fundamentals; 2. Build role-specific skills; 3. Complete projects or practical training; 4. Gain internship/entry-level experience; 5. Develop a specialization; 6. Move into senior or lead responsibilities,Teaching Assistant; Junior Teaching Assistant; Senior Teaching Assistant; Teaching Assistant Consultant,Senior Teacher/Lecturer; Academic Coordinator; Department Head; Academic Director,Not available
306,Architect,Architecture & Construction,"Architect professionals architecture and construction professionals plan, design and deliver buildings and infrastructure. Work combines technical knowledge, design, project coordination and regulatory requirements.",AutoCAD; Revit/BIM; Project Management; Construction Knowledge; Design; Estimation; Communication,Relevant architecture/engineering/construction qualification; professional registration may apply,AutoCAD; Revit/BIM; Primavera P6; Project Management,₹3–7 LPA entry-level; ₹10–25+ LPA experienced (Estimated),High,1. Learn fundamentals; 2. Build role-specific skills; 3. Complete projects or practical training; 4. Gain internship/entry-level experience; 5. Develop a specialization; 6. Move into senior or lead responsibilities,Architect; Junior Architect; Senior Architect; Architect Consultant,Senior Architect/Engineer; Project Manager; Project Director; Practice/Construction Head,17-1011.00
307,Landscape Architect,Architecture & Construction,"Landscape Architect professionals architecture and construction professionals plan, design and deliver buildings and infrastructure. Work combines technical knowledge, design, project coordination and regulatory requirements.",AutoCAD; Revit/BIM; Project Management; Construction Knowledge; Design; Estimation; Communication,Relevant architecture/engineering/construction qualification; professional registration may apply,AutoCAD; Revit/BIM; Primavera P6; Project Management,₹3–7 LPA entry-level; ₹10–25+ LPA experienced (Estimated),High,1. Learn fundamentals; 2. Build role-specific skills; 3. Complete projects or practical training; 4. Gain internship/entry-level experience; 5. Develop a specialization; 6. Move into senior or lead responsibilities,Landscape Architect; Junior Landscape Architect; Senior Landscape Architect; Landscape Architect Consultant,Senior Architect/Engineer; Project Manager; Project Director; Practice/Construction Head,Not available
308,Interior Architect,Architecture & Construction,"Interior Architect professionals architecture and construction professionals plan, design and deliver buildings and infrastructure. Work combines technical knowledge, design, project coordination and regulatory requirements.",AutoCAD; Revit/BIM; Project Management; Construction Knowledge; Design; Estimation; Communication,Relevant architecture/engineering/construction qualification; professional registration may apply,AutoCAD; Revit/BIM; Primavera P6; Project Management,₹3–7 LPA entry-level; ₹10–25+ LPA experienced (Estimated),High,1. Learn fundamentals; 2. Build role-specific skills; 3. Complete projects or practical training; 4. Gain internship/entry-level experience; 5. Develop a specialization; 6. Move into senior or lead responsibilities,Interior Architect; Junior Interior Architect; Senior Interior Architect; Interior Architect Consultant,Senior Architect/Engineer; Project Manager; Project Director; Practice/Construction Head,Not available
309,Interior Designer,Architecture & Construction,"Interior Designer professionals architecture and construction professionals plan, design and deliver buildings and infrastructure. Work combines technical knowledge, design, project coordination and regulatory requirements.",AutoCAD; Revit/BIM; Project Management; Construction Knowledge; Design; Estimation; Communication,Relevant architecture/engineering/construction qualification; professional registration may apply,AutoCAD; Revit/BIM; Primavera P6; Project Management,₹3–7 LPA entry-level; ₹10–25+ LPA experienced (Estimated),High,1. Learn fundamentals; 2. Build role-specific skills; 3. Complete projects or practical training; 4. Gain internship/entry-level experience; 5. Develop a specialization; 6. Move into senior or lead responsibilities,Interior Designer; Junior Interior Designer; Senior Interior Designer; Interior Designer Consultant,Senior Architect/Engineer; Project Manager; Project Director; Practice/Construction Head,Not available
310,Urban Planner,Architecture & Construction,"Urban Planner professionals architecture and construction professionals plan, design and deliver buildings and infrastructure. Work combines technical knowledge, design, project coordination and regulatory requirements.",AutoCAD; Revit/BIM; Project Management; Construction Knowledge; Design; Estimation; Communication,Relevant architecture/engineering/construction qualification; professional registration may apply,AutoCAD; Revit/BIM; Primavera P6; Project Management,₹3–7 LPA entry-level; ₹10–25+ LPA experienced (Estimated),High,1. Learn fundamentals; 2. Build role-specific skills; 3. Complete projects or practical training; 4. Gain internship/entry-level experience; 5. Develop a specialization; 6. Move into senior or lead responsibilities,Urban Planner; Junior Urban Planner; Senior Urban Planner; Urban Planner Consultant,Senior Architect/Engineer; Project Manager; Project Director; Practice/Construction Head,Not available
311,Town Planner,Architecture & Construction,"Town Planner professionals architecture and construction professionals plan, design and deliver buildings and infrastructure. Work combines technical knowledge, design, project coordination and regulatory requirements.",AutoCAD; Revit/BIM; Project Management; Construction Knowledge; Design; Estimation; Communication,Relevant architecture/engineering/construction qualification; professional registration may apply,AutoCAD; Revit/BIM; Primavera P6; Project Management,₹3–7 LPA entry-level; ₹10–25+ LPA experienced (Estimated),High,1. Learn fundamentals; 2. Build role-specific skills; 3. Complete projects or practical training; 4. Gain internship/entry-level experience; 5. Develop a specialization; 6. Move into senior or lead responsibilities,Town Planner; Junior Town Planner; Senior Town Planner; Town Planner Consultant,Senior Architect/Engineer; Project Manager; Project Director; Practice/Construction Head,Not available
312,Quantity Surveyor,Architecture & Construction,"Quantity Surveyor professionals architecture and construction professionals plan, design and deliver buildings and infrastructure. Work combines technical knowledge, design, project coordination and regulatory requirements.",AutoCAD; Revit/BIM; Project Management; Construction Knowledge; Design; Estimation; Communication,Relevant architecture/engineering/construction qualification; professional registration may apply,AutoCAD; Revit/BIM; Primavera P6; Project Management,₹3–7 LPA entry-level; ₹10–25+ LPA experienced (Estimated),High,1. Learn fundamentals; 2. Build role-specific skills; 3. Complete projects or practical training; 4. Gain internship/entry-level experience; 5. Develop a specialization; 6. Move into senior or lead responsibilities,Quantity Surveyor; Junior Quantity Surveyor; Senior Quantity Surveyor; Quantity Surveyor Consultant,Senior Architect/Engineer; Project Manager; Project Director; Practice/Construction Head,Not available
313,Construction Manager,Architecture & Construction,"Construction Manager professionals architecture and construction professionals plan, design and deliver buildings and infrastructure. Work combines technical knowledge, design, project coordination and regulatory requirements.",AutoCAD; Revit/BIM; Project Management; Construction Knowledge; Design; Estimation; Communication,Relevant architecture/engineering/construction qualification; professional registration may apply,AutoCAD; Revit/BIM; Primavera P6; Project Management,₹3–7 LPA entry-level; ₹10–25+ LPA experienced (Estimated),High,1. Learn fundamentals; 2. Build role-specific skills; 3. Complete projects or practical training; 4. Gain internship/entry-level experience; 5. Develop a specialization; 6. Move into senior or lead responsibilities,Construction Manager; Junior Construction Manager; Senior Construction Manager; Construction Manager Consultant,Senior Architect/Engineer; Project Manager; Project Director; Practice/Construction Head,Not available
314,Site Engineer,Architecture & Construction,"Site Engineer professionals architecture and construction professionals plan, design and deliver buildings and infrastructure. Work combines technical knowledge, design, project coordination and regulatory requirements.",AutoCAD; Revit/BIM; Project Management; Construction Knowledge; Design; Estimation; Communication,Relevant architecture/engineering/construction qualification; professional registration may apply,AutoCAD; Revit/BIM; Primavera P6; Project Management,₹3–7 LPA entry-level; ₹10–25+ LPA experienced (Estimated),High,1. Learn fundamentals; 2. Build role-specific skills; 3. Complete projects or practical training; 4. Gain internship/entry-level experience; 5. Develop a specialization; 6. Move into senior or lead responsibilities,Site Engineer; Junior Site Engineer; Senior Site Engineer; Site Engineer Consultant,Senior Architect/Engineer; Project Manager; Project Director; Practice/Construction Head,Not available
315,Project Engineer,Architecture & Construction,"Project Engineer professionals architecture and construction professionals plan, design and deliver buildings and infrastructure. Work combines technical knowledge, design, project coordination and regulatory requirements.",AutoCAD; Revit/BIM; Project Management; Construction Knowledge; Design; Estimation; Communication,Relevant architecture/engineering/construction qualification; professional registration may apply,AutoCAD; Revit/BIM; Primavera P6; Project Management,₹3–7 LPA entry-level; ₹10–25+ LPA experienced (Estimated),High,1. Learn fundamentals; 2. Build role-specific skills; 3. Complete projects or practical training; 4. Gain internship/entry-level experience; 5. Develop a specialization; 6. Move into senior or lead responsibilities,Project Engineer; Junior Project Engineer; Senior Project Engineer; Project Engineer Consultant,Senior Architect/Engineer; Project Manager; Project Director; Practice/Construction Head,Not available
316,Building Services Engineer,Architecture & Construction,"Building Services Engineer professionals architecture and construction professionals plan, design and deliver buildings and infrastructure. Work combines technical knowledge, design, project coordination and regulatory requirements.",AutoCAD; Revit/BIM; Project Management; Construction Knowledge; Design; Estimation; Communication,Relevant architecture/engineering/construction qualification; professional registration may apply,AutoCAD; Revit/BIM; Primavera P6; Project Management,₹3–7 LPA entry-level; ₹10–25+ LPA experienced (Estimated),High,1. Learn fundamentals; 2. Build role-specific skills; 3. Complete projects or practical training; 4. Gain internship/entry-level experience; 5. Develop a specialization; 6. Move into senior or lead responsibilities,Building Services Engineer; Junior Building Services Engineer; Senior Building Services Engineer; Building Services Engineer Consultant,Senior Architect/Engineer; Project Manager; Project Director; Practice/Construction Head,Not available
317,BIM Specialist,Architecture & Construction,"BIM Specialist professionals architecture and construction professionals plan, design and deliver buildings and infrastructure. Work combines technical knowledge, design, project coordination and regulatory requirements.",AutoCAD; Revit/BIM; Project Management; Construction Knowledge; Design; Estimation; Communication,Relevant architecture/engineering/construction qualification; professional registration may apply,AutoCAD; Revit/BIM; Primavera P6; Project Management,₹3–7 LPA entry-level; ₹10–25+ LPA experienced (Estimated),High,1. Learn fundamentals; 2. Build role-specific skills; 3. Complete projects or practical training; 4. Gain internship/entry-level experience; 5. Develop a specialization; 6. Move into senior or lead responsibilities,BIM Specialist; Junior BIM Specialist; Senior BIM Specialist; BIM Specialist Consultant,Senior Architect/Engineer; Project Manager; Project Director; Practice/Construction Head,Not available
318,CAD Designer,Architecture & Construction,"CAD Designer professionals architecture and construction professionals plan, design and deliver buildings and infrastructure. Work combines technical knowledge, design, project coordination and regulatory requirements.",AutoCAD; Revit/BIM; Project Management; Construction Knowledge; Design; Estimation; Communication,Relevant architecture/engineering/construction qualification; professional registration may apply,AutoCAD; Revit/BIM; Primavera P6; Project Management,₹3–7 LPA entry-level; ₹10–25+ LPA experienced (Estimated),High,1. Learn fundamentals; 2. Build role-specific skills; 3. Complete projects or practical training; 4. Gain internship/entry-level experience; 5. Develop a specialization; 6. Move into senior or lead responsibilities,CAD Designer; Junior CAD Designer; Senior CAD Designer; CAD Designer Consultant,Senior Architect/Engineer; Project Manager; Project Director; Practice/Construction Head,Not available
319,Estimator,Architecture & Construction,"Estimator professionals architecture and construction professionals plan, design and deliver buildings and infrastructure. Work combines technical knowledge, design, project coordination and regulatory requirements.",AutoCAD; Revit/BIM; Project Management; Construction Knowledge; Design; Estimation; Communication,Relevant architecture/engineering/construction qualification; professional registration may apply,AutoCAD; Revit/BIM; Primavera P6; Project Management,₹3–7 LPA entry-level; ₹10–25+ LPA experienced (Estimated),High,1. Learn fundamentals; 2. Build role-specific skills; 3. Complete projects or practical training; 4. Gain internship/entry-level experience; 5. Develop a specialization; 6. Move into senior or lead responsibilities,Estimator; Junior Estimator; Senior Estimator; Estimator Consultant,Senior Architect/Engineer; Project Manager; Project Director; Practice/Construction Head,Not available
320,Real Estate Project Manager,Architecture & Construction,"Real Estate Project Manager professionals architecture and construction professionals plan, design and deliver buildings and infrastructure. Work combines technical knowledge, design, project coordination and regulatory requirements.",AutoCAD; Revit/BIM; Project Management; Construction Knowledge; Design; Estimation; Communication,Relevant architecture/engineering/construction qualification; professional registration may apply,AutoCAD; Revit/BIM; Primavera P6; Project Management,₹3–7 LPA entry-level; ₹10–25+ LPA experienced (Estimated),High,1. Learn fundamentals; 2. Build role-specific skills; 3. Complete projects or practical training; 4. Gain internship/entry-level experience; 5. Develop a specialization; 6. Move into senior or lead responsibilities,Real Estate Project Manager; Junior Real Estate Project Manager; Senior Real Estate Project Manager; Real Estate Project Manager Consultant,Senior Architect/Engineer; Project Manager; Project Director; Practice/Construction Head,Not available
321,Civil Services Officer,Government & Public Services,"Civil Services Officer professionals public-sector professionals support administration, policy, regulation and public programs. Entry often depends on competitive examinations, eligibility rules or government recruitment processes.",Communication; General Knowledge; Analysis; Administration; Report Writing; Problem Solving; Public Policy,Bachelor's degree or role-specific qualification; competitive exams may be required,UPSC/State PSC preparation; Public Policy; Data Analysis; Government Administration,₹3–8 LPA entry-level; ₹8–20+ LPA experienced (Estimated),High,1. Learn fundamentals; 2. Build role-specific skills; 3. Complete projects or practical training; 4. Gain internship/entry-level experience; 5. Develop a specialization; 6. Move into senior or lead responsibilities,Civil Services Officer; Junior Civil Services Officer; Senior Civil Services Officer; Civil Services Officer Consultant,Senior Officer; Department Manager; Policy Lead; Senior Administrator,Not available
322,Administrative Officer,Government & Public Services,"Administrative Officer professionals public-sector professionals support administration, policy, regulation and public programs. Entry often depends on competitive examinations, eligibility rules or government recruitment processes.",Communication; General Knowledge; Analysis; Administration; Report Writing; Problem Solving; Public Policy,Bachelor's degree or role-specific qualification; competitive exams may be required,UPSC/State PSC preparation; Public Policy; Data Analysis; Government Administration,₹3–8 LPA entry-level; ₹8–20+ LPA experienced (Estimated),High,1. Learn fundamentals; 2. Build role-specific skills; 3. Complete projects or practical training; 4. Gain internship/entry-level experience; 5. Develop a specialization; 6. Move into senior or lead responsibilities,Administrative Officer; Junior Administrative Officer; Senior Administrative Officer; Administrative Officer Consultant,Senior Officer; Department Manager; Policy Lead; Senior Administrator,Not available
323,Public Policy Analyst,Government & Public Services,"Public Policy Analyst professionals public-sector professionals support administration, policy, regulation and public programs. Entry often depends on competitive examinations, eligibility rules or government recruitment processes.",Communication; General Knowledge; Analysis; Administration; Report Writing; Problem Solving; Public Policy,Bachelor's degree or role-specific qualification; competitive exams may be required,UPSC/State PSC preparation; Public Policy; Data Analysis; Government Administration,₹3–8 LPA entry-level; ₹8–20+ LPA experienced (Estimated),High,1. Learn fundamentals; 2. Build role-specific skills; 3. Complete projects or practical training; 4. Gain internship/entry-level experience; 5. Develop a specialization; 6. Move into senior or lead responsibilities,Public Policy Analyst; Junior Public Policy Analyst; Senior Public Policy Analyst; Public Policy Analyst Consultant,Senior Officer; Department Manager; Policy Lead; Senior Administrator,Not available
324,Government Program Officer,Government & Public Services,"Government Program Officer professionals public-sector professionals support administration, policy, regulation and public programs. Entry often depends on competitive examinations, eligibility rules or government recruitment processes.",Communication; General Knowledge; Analysis; Administration; Report Writing; Problem Solving; Public Policy,Bachelor's degree or role-specific qualification; competitive exams may be required,UPSC/State PSC preparation; Public Policy; Data Analysis; Government Administration,₹3–8 LPA entry-level; ₹8–20+ LPA experienced (Estimated),High,1. Learn fundamentals; 2. Build role-specific skills; 3. Complete projects or practical training; 4. Gain internship/entry-level experience; 5. Develop a specialization; 6. Move into senior or lead responsibilities,Government Program Officer; Junior Government Program Officer; Senior Government Program Officer; Government Program Officer Consultant,Senior Officer; Department Manager; Policy Lead; Senior Administrator,Not available
325,Revenue Officer,Government & Public Services,"Revenue Officer professionals public-sector professionals support administration, policy, regulation and public programs. Entry often depends on competitive examinations, eligibility rules or government recruitment processes.",Communication; General Knowledge; Analysis; Administration; Report Writing; Problem Solving; Public Policy,Bachelor's degree or role-specific qualification; competitive exams may be required,UPSC/State PSC preparation; Public Policy; Data Analysis; Government Administration,₹3–8 LPA entry-level; ₹8–20+ LPA experienced (Estimated),High,1. Learn fundamentals; 2. Build role-specific skills; 3. Complete projects or practical training; 4. Gain internship/entry-level experience; 5. Develop a specialization; 6. Move into senior or lead responsibilities,Revenue Officer; Junior Revenue Officer; Senior Revenue Officer; Revenue Officer Consultant,Senior Officer; Department Manager; Policy Lead; Senior Administrator,Not available
326,Municipal Officer,Government & Public Services,"Municipal Officer professionals public-sector professionals support administration, policy, regulation and public programs. Entry often depends on competitive examinations, eligibility rules or government recruitment processes.",Communication; General Knowledge; Analysis; Administration; Report Writing; Problem Solving; Public Policy,Bachelor's degree or role-specific qualification; competitive exams may be required,UPSC/State PSC preparation; Public Policy; Data Analysis; Government Administration,₹3–8 LPA entry-level; ₹8–20+ LPA experienced (Estimated),High,1. Learn fundamentals; 2. Build role-specific skills; 3. Complete projects or practical training; 4. Gain internship/entry-level experience; 5. Develop a specialization; 6. Move into senior or lead responsibilities,Municipal Officer; Junior Municipal Officer; Senior Municipal Officer; Municipal Officer Consultant,Senior Officer; Department Manager; Policy Lead; Senior Administrator,Not available
327,Public Administration Analyst,Government & Public Services,"Public Administration Analyst professionals public-sector professionals support administration, policy, regulation and public programs. Entry often depends on competitive examinations, eligibility rules or government recruitment processes.",Communication; General Knowledge; Analysis; Administration; Report Writing; Problem Solving; Public Policy,Bachelor's degree or role-specific qualification; competitive exams may be required,UPSC/State PSC preparation; Public Policy; Data Analysis; Government Administration,₹3–8 LPA entry-level; ₹8–20+ LPA experienced (Estimated),High,1. Learn fundamentals; 2. Build role-specific skills; 3. Complete projects or practical training; 4. Gain internship/entry-level experience; 5. Develop a specialization; 6. Move into senior or lead responsibilities,Public Administration Analyst; Junior Public Administration Analyst; Senior Public Administration Analyst; Public Administration Analyst Consultant,Senior Officer; Department Manager; Policy Lead; Senior Administrator,Not available
328,Government Auditor,Government & Public Services,"Government Auditor professionals public-sector professionals support administration, policy, regulation and public programs. Entry often depends on competitive examinations, eligibility rules or government recruitment processes.",Communication; General Knowledge; Analysis; Administration; Report Writing; Problem Solving; Public Policy,Bachelor's degree or role-specific qualification; competitive exams may be required,UPSC/State PSC preparation; Public Policy; Data Analysis; Government Administration,₹3–8 LPA entry-level; ₹8–20+ LPA experienced (Estimated),High,1. Learn fundamentals; 2. Build role-specific skills; 3. Complete projects or practical training; 4. Gain internship/entry-level experience; 5. Develop a specialization; 6. Move into senior or lead responsibilities,Government Auditor; Junior Government Auditor; Senior Government Auditor; Government Auditor Consultant,Senior Officer; Department Manager; Policy Lead; Senior Administrator,Not available
329,Public Relations Officer,Government & Public Services,"Public Relations Officer professionals public-sector professionals support administration, policy, regulation and public programs. Entry often depends on competitive examinations, eligibility rules or government recruitment processes.",Communication; General Knowledge; Analysis; Administration; Report Writing; Problem Solving; Public Policy,Bachelor's degree or role-specific qualification; competitive exams may be required,UPSC/State PSC preparation; Public Policy; Data Analysis; Government Administration,₹3–8 LPA entry-level; ₹8–20+ LPA experienced (Estimated),High,1. Learn fundamentals; 2. Build role-specific skills; 3. Complete projects or practical training; 4. Gain internship/entry-level experience; 5. Develop a specialization; 6. Move into senior or lead responsibilities,Public Relations Officer; Junior Public Relations Officer; Senior Public Relations Officer; Public Relations Officer Consultant,Senior Officer; Department Manager; Policy Lead; Senior Administrator,Not available
330,Statistical Officer,Government & Public Services,"Statistical Officer professionals public-sector professionals support administration, policy, regulation and public programs. Entry often depends on competitive examinations, eligibility rules or government recruitment processes.",Communication; General Knowledge; Analysis; Administration; Report Writing; Problem Solving; Public Policy,Bachelor's degree or role-specific qualification; competitive exams may be required,UPSC/State PSC preparation; Public Policy; Data Analysis; Government Administration,₹3–8 LPA entry-level; ₹8–20+ LPA experienced (Estimated),High,1. Learn fundamentals; 2. Build role-specific skills; 3. Complete projects or practical training; 4. Gain internship/entry-level experience; 5. Develop a specialization; 6. Move into senior or lead responsibilities,Statistical Officer; Junior Statistical Officer; Senior Statistical Officer; Statistical Officer Consultant,Senior Officer; Department Manager; Policy Lead; Senior Administrator,Not available
331,Labour Officer,Government & Public Services,"Labour Officer professionals public-sector professionals support administration, policy, regulation and public programs. Entry often depends on competitive examinations, eligibility rules or government recruitment processes.",Communication; General Knowledge; Analysis; Administration; Report Writing; Problem Solving; Public Policy,Bachelor's degree or role-specific qualification; competitive exams may be required,UPSC/State PSC preparation; Public Policy; Data Analysis; Government Administration,₹3–8 LPA entry-level; ₹8–20+ LPA experienced (Estimated),High,1. Learn fundamentals; 2. Build role-specific skills; 3. Complete projects or practical training; 4. Gain internship/entry-level experience; 5. Develop a specialization; 6. Move into senior or lead responsibilities,Labour Officer; Junior Labour Officer; Senior Labour Officer; Labour Officer Consultant,Senior Officer; Department Manager; Policy Lead; Senior Administrator,Not available
332,Development Officer,Government & Public Services,"Development Officer professionals public-sector professionals support administration, policy, regulation and public programs. Entry often depends on competitive examinations, eligibility rules or government recruitment processes.",Communication; General Knowledge; Analysis; Administration; Report Writing; Problem Solving; Public Policy,Bachelor's degree or role-specific qualification; competitive exams may be required,UPSC/State PSC preparation; Public Policy; Data Analysis; Government Administration,₹3–8 LPA entry-level; ₹8–20+ LPA experienced (Estimated),High,1. Learn fundamentals; 2. Build role-specific skills; 3. Complete projects or practical training; 4. Gain internship/entry-level experience; 5. Develop a specialization; 6. Move into senior or lead responsibilities,Development Officer; Junior Development Officer; Senior Development Officer; Development Officer Consultant,Senior Officer; Department Manager; Policy Lead; Senior Administrator,Not available
333,Social Security Officer,Government & Public Services,"Social Security Officer professionals public-sector professionals support administration, policy, regulation and public programs. Entry often depends on competitive examinations, eligibility rules or government recruitment processes.",Communication; General Knowledge; Analysis; Administration; Report Writing; Problem Solving; Public Policy,Bachelor's degree or role-specific qualification; competitive exams may be required,UPSC/State PSC preparation; Public Policy; Data Analysis; Government Administration,₹3–8 LPA entry-level; ₹8–20+ LPA experienced (Estimated),High,1. Learn fundamentals; 2. Build role-specific skills; 3. Complete projects or practical training; 4. Gain internship/entry-level experience; 5. Develop a specialization; 6. Move into senior or lead responsibilities,Social Security Officer; Junior Social Security Officer; Senior Social Security Officer; Social Security Officer Consultant,Senior Officer; Department Manager; Policy Lead; Senior Administrator,Not available
334,Customs Officer,Government & Public Services,"Customs Officer professionals public-sector professionals support administration, policy, regulation and public programs. Entry often depends on competitive examinations, eligibility rules or government recruitment processes.",Communication; General Knowledge; Analysis; Administration; Report Writing; Problem Solving; Public Policy,Bachelor's degree or role-specific qualification; competitive exams may be required,UPSC/State PSC preparation; Public Policy; Data Analysis; Government Administration,₹3–8 LPA entry-level; ₹8–20+ LPA experienced (Estimated),High,1. Learn fundamentals; 2. Build role-specific skills; 3. Complete projects or practical training; 4. Gain internship/entry-level experience; 5. Develop a specialization; 6. Move into senior or lead responsibilities,Customs Officer; Junior Customs Officer; Senior Customs Officer; Customs Officer Consultant,Senior Officer; Department Manager; Policy Lead; Senior Administrator,Not available
335,Public Sector Bank Officer,Government & Public Services,"Public Sector Bank Officer professionals public-sector professionals support administration, policy, regulation and public programs. Entry often depends on competitive examinations, eligibility rules or government recruitment processes.",Communication; General Knowledge; Analysis; Administration; Report Writing; Problem Solving; Public Policy,Bachelor's degree or role-specific qualification; competitive exams may be required,UPSC/State PSC preparation; Public Policy; Data Analysis; Government Administration,₹3–8 LPA entry-level; ₹8–20+ LPA experienced (Estimated),High,1. Learn fundamentals; 2. Build role-specific skills; 3. Complete projects or practical training; 4. Gain internship/entry-level experience; 5. Develop a specialization; 6. Move into senior or lead responsibilities,Public Sector Bank Officer; Junior Public Sector Bank Officer; Senior Public Sector Bank Officer; Public Sector Bank Officer Consultant,Senior Officer; Department Manager; Policy Lead; Senior Administrator,Not available
336,Hotel Manager,"Hospitality, Tourism & Travel","Hotel Manager professionals hospitality and tourism professionals manage guest experiences, travel services, events and accommodation operations. Careers emphasize service quality, communication and operational coordination.",Customer Service; Communication; Event Management; Operations; Sales; Problem Solving; Languages,"Bachelor's/diploma in hospitality, tourism or related field; relevant experience is valuable",Hotel Management; Travel & Tourism; Event Management; Revenue Management,₹2–5 LPA entry-level; ₹7–18+ LPA experienced (Estimated),Medium,1. Learn fundamentals; 2. Build role-specific skills; 3. Complete projects or practical training; 4. Gain internship/entry-level experience; 5. Develop a specialization; 6. Move into senior or lead responsibilities,Hotel Manager; Junior Hotel Manager; Senior Hotel Manager; Hotel Manager Consultant,Department Manager; Hotel/Operations Manager; Regional Manager; Hospitality Director,11-9081.00
337,Front Office Manager,"Hospitality, Tourism & Travel","Front Office Manager professionals hospitality and tourism professionals manage guest experiences, travel services, events and accommodation operations. Careers emphasize service quality, communication and operational coordination.",Customer Service; Communication; Event Management; Operations; Sales; Problem Solving; Languages,"Bachelor's/diploma in hospitality, tourism or related field; relevant experience is valuable",Hotel Management; Travel & Tourism; Event Management; Revenue Management,₹2–5 LPA entry-level; ₹7–18+ LPA experienced (Estimated),Medium,1. Learn fundamentals; 2. Build role-specific skills; 3. Complete projects or practical training; 4. Gain internship/entry-level experience; 5. Develop a specialization; 6. Move into senior or lead responsibilities,Front Office Manager; Junior Front Office Manager; Senior Front Office Manager; Front Office Manager Consultant,Department Manager; Hotel/Operations Manager; Regional Manager; Hospitality Director,Not available
338,Food and Beverage Manager,"Hospitality, Tourism & Travel","Food and Beverage Manager professionals hospitality and tourism professionals manage guest experiences, travel services, events and accommodation operations. Careers emphasize service quality, communication and operational coordination.",Customer Service; Communication; Event Management; Operations; Sales; Problem Solving; Languages,"Bachelor's/diploma in hospitality, tourism or related field; relevant experience is valuable",Hotel Management; Travel & Tourism; Event Management; Revenue Management,₹2–5 LPA entry-level; ₹7–18+ LPA experienced (Estimated),Medium,1. Learn fundamentals; 2. Build role-specific skills; 3. Complete projects or practical training; 4. Gain internship/entry-level experience; 5. Develop a specialization; 6. Move into senior or lead responsibilities,Food and Beverage Manager; Junior Food and Beverage Manager; Senior Food and Beverage Manager; Food and Beverage Manager Consultant,Department Manager; Hotel/Operations Manager; Regional Manager; Hospitality Director,Not available
339,Travel Consultant,"Hospitality, Tourism & Travel","Travel Consultant professionals hospitality and tourism professionals manage guest experiences, travel services, events and accommodation operations. Careers emphasize service quality, communication and operational coordination.",Customer Service; Communication; Event Management; Operations; Sales; Problem Solving; Languages,"Bachelor's/diploma in hospitality, tourism or related field; relevant experience is valuable",Hotel Management; Travel & Tourism; Event Management; Revenue Management,₹2–5 LPA entry-level; ₹7–18+ LPA experienced (Estimated),Medium,1. Learn fundamentals; 2. Build role-specific skills; 3. Complete projects or practical training; 4. Gain internship/entry-level experience; 5. Develop a specialization; 6. Move into senior or lead responsibilities,Travel Consultant; Junior Travel Consultant; Senior Travel Consultant; Travel Consultant Consultant,Department Manager; Hotel/Operations Manager; Regional Manager; Hospitality Director,Not available
340,Travel Agent,"Hospitality, Tourism & Travel","Travel Agent professionals hospitality and tourism professionals manage guest experiences, travel services, events and accommodation operations. Careers emphasize service quality, communication and operational coordination.",Customer Service; Communication; Event Management; Operations; Sales; Problem Solving; Languages,"Bachelor's/diploma in hospitality, tourism or related field; relevant experience is valuable",Hotel Management; Travel & Tourism; Event Management; Revenue Management,₹2–5 LPA entry-level; ₹7–18+ LPA experienced (Estimated),Medium,1. Learn fundamentals; 2. Build role-specific skills; 3. Complete projects or practical training; 4. Gain internship/entry-level experience; 5. Develop a specialization; 6. Move into senior or lead responsibilities,Travel Agent; Junior Travel Agent; Senior Travel Agent; Travel Agent Consultant,Department Manager; Hotel/Operations Manager; Regional Manager; Hospitality Director,Not available
341,Tour Manager,"Hospitality, Tourism & Travel","Tour Manager professionals hospitality and tourism professionals manage guest experiences, travel services, events and accommodation operations. Careers emphasize service quality, communication and operational coordination.",Customer Service; Communication; Event Management; Operations; Sales; Problem Solving; Languages,"Bachelor's/diploma in hospitality, tourism or related field; relevant experience is valuable",Hotel Management; Travel & Tourism; Event Management; Revenue Management,₹2–5 LPA entry-level; ₹7–18+ LPA experienced (Estimated),Medium,1. Learn fundamentals; 2. Build role-specific skills; 3. Complete projects or practical training; 4. Gain internship/entry-level experience; 5. Develop a specialization; 6. Move into senior or lead responsibilities,Tour Manager; Junior Tour Manager; Senior Tour Manager; Tour Manager Consultant,Department Manager; Hotel/Operations Manager; Regional Manager; Hospitality Director,Not available
342,Tour Guide,"Hospitality, Tourism & Travel","Tour Guide professionals hospitality and tourism professionals manage guest experiences, travel services, events and accommodation operations. Careers emphasize service quality, communication and operational coordination.",Customer Service; Communication; Event Management; Operations; Sales; Problem Solving; Languages,"Bachelor's/diploma in hospitality, tourism or related field; relevant experience is valuable",Hotel Management; Travel & Tourism; Event Management; Revenue Management,₹2–5 LPA entry-level; ₹7–18+ LPA experienced (Estimated),Medium,1. Learn fundamentals; 2. Build role-specific skills; 3. Complete projects or practical training; 4. Gain internship/entry-level experience; 5. Develop a specialization; 6. Move into senior or lead responsibilities,Tour Guide; Junior Tour Guide; Senior Tour Guide; Tour Guide Consultant,Department Manager; Hotel/Operations Manager; Regional Manager; Hospitality Director,Not available
343,Event Coordinator,"Hospitality, Tourism & Travel","Event Coordinator professionals hospitality and tourism professionals manage guest experiences, travel services, events and accommodation operations. Careers emphasize service quality, communication and operational coordination.",Customer Service; Communication; Event Management; Operations; Sales; Problem Solving; Languages,"Bachelor's/diploma in hospitality, tourism or related field; relevant experience is valuable",Hotel Management; Travel & Tourism; Event Management; Revenue Management,₹2–5 LPA entry-level; ₹7–18+ LPA experienced (Estimated),Medium,1. Learn fundamentals; 2. Build role-specific skills; 3. Complete projects or practical training; 4. Gain internship/entry-level experience; 5. Develop a specialization; 6. Move into senior or lead responsibilities,Event Coordinator; Junior Event Coordinator; Senior Event Coordinator; Event Coordinator Consultant,Department Manager; Hotel/Operations Manager; Regional Manager; Hospitality Director,Not available
344,Guest Relations Executive,"Hospitality, Tourism & Travel","Guest Relations Executive professionals hospitality and tourism professionals manage guest experiences, travel services, events and accommodation operations. Careers emphasize service quality, communication and operational coordination.",Customer Service; Communication; Event Management; Operations; Sales; Problem Solving; Languages,"Bachelor's/diploma in hospitality, tourism or related field; relevant experience is valuable",Hotel Management; Travel & Tourism; Event Management; Revenue Management,₹2–5 LPA entry-level; ₹7–18+ LPA experienced (Estimated),Medium,1. Learn fundamentals; 2. Build role-specific skills; 3. Complete projects or practical training; 4. Gain internship/entry-level experience; 5. Develop a specialization; 6. Move into senior or lead responsibilities,Guest Relations Executive; Junior Guest Relations Executive; Senior Guest Relations Executive; Guest Relations Executive Consultant,Department Manager; Hotel/Operations Manager; Regional Manager; Hospitality Director,Not available
345,Revenue Manager,"Hospitality, Tourism & Travel","Revenue Manager professionals hospitality and tourism professionals manage guest experiences, travel services, events and accommodation operations. Careers emphasize service quality, communication and operational coordination.",Customer Service; Communication; Event Management; Operations; Sales; Problem Solving; Languages,"Bachelor's/diploma in hospitality, tourism or related field; relevant experience is valuable",Hotel Management; Travel & Tourism; Event Management; Revenue Management,₹2–5 LPA entry-level; ₹7–18+ LPA experienced (Estimated),Medium,1. Learn fundamentals; 2. Build role-specific skills; 3. Complete projects or practical training; 4. Gain internship/entry-level experience; 5. Develop a specialization; 6. Move into senior or lead responsibilities,Revenue Manager; Junior Revenue Manager; Senior Revenue Manager; Revenue Manager Consultant,Department Manager; Hotel/Operations Manager; Regional Manager; Hospitality Director,Not available
346,Resort Manager,"Hospitality, Tourism & Travel","Resort Manager professionals hospitality and tourism professionals manage guest experiences, travel services, events and accommodation operations. Careers emphasize service quality, communication and operational coordination.",Customer Service; Communication; Event Management; Operations; Sales; Problem Solving; Languages,"Bachelor's/diploma in hospitality, tourism or related field; relevant experience is valuable",Hotel Management; Travel & Tourism; Event Management; Revenue Management,₹2–5 LPA entry-level; ₹7–18+ LPA experienced (Estimated),Medium,1. Learn fundamentals; 2. Build role-specific skills; 3. Complete projects or practical training; 4. Gain internship/entry-level experience; 5. Develop a specialization; 6. Move into senior or lead responsibilities,Resort Manager; Junior Resort Manager; Senior Resort Manager; Resort Manager Consultant,Department Manager; Hotel/Operations Manager; Regional Manager; Hospitality Director,Not available
347,Housekeeping Manager,"Hospitality, Tourism & Travel","Housekeeping Manager professionals hospitality and tourism professionals manage guest experiences, travel services, events and accommodation operations. Careers emphasize service quality, communication and operational coordination.",Customer Service; Communication; Event Management; Operations; Sales; Problem Solving; Languages,"Bachelor's/diploma in hospitality, tourism or related field; relevant experience is valuable",Hotel Management; Travel & Tourism; Event Management; Revenue Management,₹2–5 LPA entry-level; ₹7–18+ LPA experienced (Estimated),Medium,1. Learn fundamentals; 2. Build role-specific skills; 3. Complete projects or practical training; 4. Gain internship/entry-level experience; 5. Develop a specialization; 6. Move into senior or lead responsibilities,Housekeeping Manager; Junior Housekeeping Manager; Senior Housekeeping Manager; Housekeeping Manager Consultant,Department Manager; Hotel/Operations Manager; Regional Manager; Hospitality Director,Not available
348,Restaurant Manager,"Hospitality, Tourism & Travel","Restaurant Manager professionals hospitality and tourism professionals manage guest experiences, travel services, events and accommodation operations. Careers emphasize service quality, communication and operational coordination.",Customer Service; Communication; Event Management; Operations; Sales; Problem Solving; Languages,"Bachelor's/diploma in hospitality, tourism or related field; relevant experience is valuable",Hotel Management; Travel & Tourism; Event Management; Revenue Management,₹2–5 LPA entry-level; ₹7–18+ LPA experienced (Estimated),Medium,1. Learn fundamentals; 2. Build role-specific skills; 3. Complete projects or practical training; 4. Gain internship/entry-level experience; 5. Develop a specialization; 6. Move into senior or lead responsibilities,Restaurant Manager; Junior Restaurant Manager; Senior Restaurant Manager; Restaurant Manager Consultant,Department Manager; Hotel/Operations Manager; Regional Manager; Hospitality Director,Not available
349,Hospitality Sales Manager,"Hospitality, Tourism & Travel","Hospitality Sales Manager professionals hospitality and tourism professionals manage guest experiences, travel services, events and accommodation operations. Careers emphasize service quality, communication and operational coordination.",Customer Service; Communication; Event Management; Operations; Sales; Problem Solving; Languages,"Bachelor's/diploma in hospitality, tourism or related field; relevant experience is valuable",Hotel Management; Travel & Tourism; Event Management; Revenue Management,₹2–5 LPA entry-level; ₹7–18+ LPA experienced (Estimated),Medium,1. Learn fundamentals; 2. Build role-specific skills; 3. Complete projects or practical training; 4. Gain internship/entry-level experience; 5. Develop a specialization; 6. Move into senior or lead responsibilities,Hospitality Sales Manager; Junior Hospitality Sales Manager; Senior Hospitality Sales Manager; Hospitality Sales Manager Consultant,Department Manager; Hotel/Operations Manager; Regional Manager; Hospitality Director,Not available
350,Destination Manager,"Hospitality, Tourism & Travel","Destination Manager professionals hospitality and tourism professionals manage guest experiences, travel services, events and accommodation operations. Careers emphasize service quality, communication and operational coordination.",Customer Service; Communication; Event Management; Operations; Sales; Problem Solving; Languages,"Bachelor's/diploma in hospitality, tourism or related field; relevant experience is valuable",Hotel Management; Travel & Tourism; Event Management; Revenue Management,₹2–5 LPA entry-level; ₹7–18+ LPA experienced (Estimated),Medium,1. Learn fundamentals; 2. Build role-specific skills; 3. Complete projects or practical training; 4. Gain internship/entry-level experience; 5. Develop a specialization; 6. Move into senior or lead responsibilities,Destination Manager; Junior Destination Manager; Senior Destination Manager; Destination Manager Consultant,Department Manager; Hotel/Operations Manager; Regional Manager; Hospitality Director,Not available
351,Chef,"Food, Nutrition & Culinary","Chef professionals food professionals work in culinary production, food safety, product development, nutrition and food-service operations. Some nutrition and regulated roles require specific qualifications.",Food Safety; Cooking/Production; Nutrition; Quality Control; Hygiene; Menu Planning; Communication,"Role-specific diploma/degree in culinary arts, food technology, nutrition or related field",FSSAI Food Safety; Culinary Arts; Food Technology; Nutrition Certification,₹2–5 LPA entry-level; ₹7–18+ LPA experienced (Estimated),Medium,1. Learn fundamentals; 2. Build role-specific skills; 3. Complete projects or practical training; 4. Gain internship/entry-level experience; 5. Develop a specialization; 6. Move into senior or lead responsibilities,Chef; Junior Chef; Senior Chef; Chef Consultant,Senior Specialist/Chef; Operations Manager; Product Development Lead; Food Business Owner,35-1011.00
352,Sous Chef,"Food, Nutrition & Culinary","Sous Chef professionals food professionals work in culinary production, food safety, product development, nutrition and food-service operations. Some nutrition and regulated roles require specific qualifications.",Food Safety; Cooking/Production; Nutrition; Quality Control; Hygiene; Menu Planning; Communication,"Role-specific diploma/degree in culinary arts, food technology, nutrition or related field",FSSAI Food Safety; Culinary Arts; Food Technology; Nutrition Certification,₹2–5 LPA entry-level; ₹7–18+ LPA experienced (Estimated),Medium,1. Learn fundamentals; 2. Build role-specific skills; 3. Complete projects or practical training; 4. Gain internship/entry-level experience; 5. Develop a specialization; 6. Move into senior or lead responsibilities,Sous Chef; Junior Sous Chef; Senior Sous Chef; Sous Chef Consultant,Senior Specialist/Chef; Operations Manager; Product Development Lead; Food Business Owner,Not available
353,Pastry Chef,"Food, Nutrition & Culinary","Pastry Chef professionals food professionals work in culinary production, food safety, product development, nutrition and food-service operations. Some nutrition and regulated roles require specific qualifications.",Food Safety; Cooking/Production; Nutrition; Quality Control; Hygiene; Menu Planning; Communication,"Role-specific diploma/degree in culinary arts, food technology, nutrition or related field",FSSAI Food Safety; Culinary Arts; Food Technology; Nutrition Certification,₹2–5 LPA entry-level; ₹7–18+ LPA experienced (Estimated),Medium,1. Learn fundamentals; 2. Build role-specific skills; 3. Complete projects or practical training; 4. Gain internship/entry-level experience; 5. Develop a specialization; 6. Move into senior or lead responsibilities,Pastry Chef; Junior Pastry Chef; Senior Pastry Chef; Pastry Chef Consultant,Senior Specialist/Chef; Operations Manager; Product Development Lead; Food Business Owner,Not available
354,Baker,"Food, Nutrition & Culinary","Baker professionals food professionals work in culinary production, food safety, product development, nutrition and food-service operations. Some nutrition and regulated roles require specific qualifications.",Food Safety; Cooking/Production; Nutrition; Quality Control; Hygiene; Menu Planning; Communication,"Role-specific diploma/degree in culinary arts, food technology, nutrition or related field",FSSAI Food Safety; Culinary Arts; Food Technology; Nutrition Certification,₹2–5 LPA entry-level; ₹7–18+ LPA experienced (Estimated),Medium,1. Learn fundamentals; 2. Build role-specific skills; 3. Complete projects or practical training; 4. Gain internship/entry-level experience; 5. Develop a specialization; 6. Move into senior or lead responsibilities,Baker; Junior Baker; Senior Baker; Baker Consultant,Senior Specialist/Chef; Operations Manager; Product Development Lead; Food Business Owner,Not available
355,Food Technologist,"Food, Nutrition & Culinary","Food Technologist professionals food professionals work in culinary production, food safety, product development, nutrition and food-service operations. Some nutrition and regulated roles require specific qualifications.",Food Safety; Cooking/Production; Nutrition; Quality Control; Hygiene; Menu Planning; Communication,"Role-specific diploma/degree in culinary arts, food technology, nutrition or related field",FSSAI Food Safety; Culinary Arts; Food Technology; Nutrition Certification,₹2–5 LPA entry-level; ₹7–18+ LPA experienced (Estimated),Medium,1. Learn fundamentals; 2. Build role-specific skills; 3. Complete projects or practical training; 4. Gain internship/entry-level experience; 5. Develop a specialization; 6. Move into senior or lead responsibilities,Food Technologist; Junior Food Technologist; Senior Food Technologist; Food Technologist Consultant,Senior Specialist/Chef; Operations Manager; Product Development Lead; Food Business Owner,Not available
356,Food Safety Officer,"Food, Nutrition & Culinary","Food Safety Officer professionals food professionals work in culinary production, food safety, product development, nutrition and food-service operations. Some nutrition and regulated roles require specific qualifications.",Food Safety; Cooking/Production; Nutrition; Quality Control; Hygiene; Menu Planning; Communication,"Role-specific diploma/degree in culinary arts, food technology, nutrition or related field",FSSAI Food Safety; Culinary Arts; Food Technology; Nutrition Certification,₹2–5 LPA entry-level; ₹7–18+ LPA experienced (Estimated),Medium,1. Learn fundamentals; 2. Build role-specific skills; 3. Complete projects or practical training; 4. Gain internship/entry-level experience; 5. Develop a specialization; 6. Move into senior or lead responsibilities,Food Safety Officer; Junior Food Safety Officer; Senior Food Safety Officer; Food Safety Officer Consultant,Senior Specialist/Chef; Operations Manager; Product Development Lead; Food Business Owner,Not available
357,Nutritionist,"Food, Nutrition & Culinary","Nutritionist professionals food professionals work in culinary production, food safety, product development, nutrition and food-service operations. Some nutrition and regulated roles require specific qualifications.",Food Safety; Cooking/Production; Nutrition; Quality Control; Hygiene; Menu Planning; Communication,"Role-specific diploma/degree in culinary arts, food technology, nutrition or related field",FSSAI Food Safety; Culinary Arts; Food Technology; Nutrition Certification,₹2–5 LPA entry-level; ₹7–18+ LPA experienced (Estimated),Medium,1. Learn fundamentals; 2. Build role-specific skills; 3. Complete projects or practical training; 4. Gain internship/entry-level experience; 5. Develop a specialization; 6. Move into senior or lead responsibilities,Nutritionist; Junior Nutritionist; Senior Nutritionist; Nutritionist Consultant,Senior Specialist/Chef; Operations Manager; Product Development Lead; Food Business Owner,Not available
358,Dietitian,"Food, Nutrition & Culinary","Dietitian professionals food professionals work in culinary production, food safety, product development, nutrition and food-service operations. Some nutrition and regulated roles require specific qualifications.",Food Safety; Cooking/Production; Nutrition; Quality Control; Hygiene; Menu Planning; Communication,"Role-specific diploma/degree in culinary arts, food technology, nutrition or related field",FSSAI Food Safety; Culinary Arts; Food Technology; Nutrition Certification,₹2–5 LPA entry-level; ₹7–18+ LPA experienced (Estimated),Medium,1. Learn fundamentals; 2. Build role-specific skills; 3. Complete projects or practical training; 4. Gain internship/entry-level experience; 5. Develop a specialization; 6. Move into senior or lead responsibilities,Dietitian; Junior Dietitian; Senior Dietitian; Dietitian Consultant,Senior Specialist/Chef; Operations Manager; Product Development Lead; Food Business Owner,Not available
359,Food Quality Analyst,"Food, Nutrition & Culinary","Food Quality Analyst professionals food professionals work in culinary production, food safety, product development, nutrition and food-service operations. Some nutrition and regulated roles require specific qualifications.",Food Safety; Cooking/Production; Nutrition; Quality Control; Hygiene; Menu Planning; Communication,"Role-specific diploma/degree in culinary arts, food technology, nutrition or related field",FSSAI Food Safety; Culinary Arts; Food Technology; Nutrition Certification,₹2–5 LPA entry-level; ₹7–18+ LPA experienced (Estimated),Medium,1. Learn fundamentals; 2. Build role-specific skills; 3. Complete projects or practical training; 4. Gain internship/entry-level experience; 5. Develop a specialization; 6. Move into senior or lead responsibilities,Food Quality Analyst; Junior Food Quality Analyst; Senior Food Quality Analyst; Food Quality Analyst Consultant,Senior Specialist/Chef; Operations Manager; Product Development Lead; Food Business Owner,Not available
360,Restaurant Chef,"Food, Nutrition & Culinary","Restaurant Chef professionals food professionals work in culinary production, food safety, product development, nutrition and food-service operations. Some nutrition and regulated roles require specific qualifications.",Food Safety; Cooking/Production; Nutrition; Quality Control; Hygiene; Menu Planning; Communication,"Role-specific diploma/degree in culinary arts, food technology, nutrition or related field",FSSAI Food Safety; Culinary Arts; Food Technology; Nutrition Certification,₹2–5 LPA entry-level; ₹7–18+ LPA experienced (Estimated),Medium,1. Learn fundamentals; 2. Build role-specific skills; 3. Complete projects or practical training; 4. Gain internship/entry-level experience; 5. Develop a specialization; 6. Move into senior or lead responsibilities,Restaurant Chef; Junior Restaurant Chef; Senior Restaurant Chef; Restaurant Chef Consultant,Senior Specialist/Chef; Operations Manager; Product Development Lead; Food Business Owner,Not available
361,Food Product Developer,"Food, Nutrition & Culinary","Food Product Developer professionals food professionals work in culinary production, food safety, product development, nutrition and food-service operations. Some nutrition and regulated roles require specific qualifications.",Food Safety; Cooking/Production; Nutrition; Quality Control; Hygiene; Menu Planning; Communication,"Role-specific diploma/degree in culinary arts, food technology, nutrition or related field",FSSAI Food Safety; Culinary Arts; Food Technology; Nutrition Certification,₹2–5 LPA entry-level; ₹7–18+ LPA experienced (Estimated),Medium,1. Learn fundamentals; 2. Build role-specific skills; 3. Complete projects or practical training; 4. Gain internship/entry-level experience; 5. Develop a specialization; 6. Move into senior or lead responsibilities,Food Product Developer; Junior Food Product Developer; Senior Food Product Developer; Food Product Developer Consultant,Senior Specialist/Chef; Operations Manager; Product Development Lead; Food Business Owner,Not available
362,Culinary Instructor,"Food, Nutrition & Culinary","Culinary Instructor professionals food professionals work in culinary production, food safety, product development, nutrition and food-service operations. Some nutrition and regulated roles require specific qualifications.",Food Safety; Cooking/Production; Nutrition; Quality Control; Hygiene; Menu Planning; Communication,"Role-specific diploma/degree in culinary arts, food technology, nutrition or related field",FSSAI Food Safety; Culinary Arts; Food Technology; Nutrition Certification,₹2–5 LPA entry-level; ₹7–18+ LPA experienced (Estimated),Medium,1. Learn fundamentals; 2. Build role-specific skills; 3. Complete projects or practical training; 4. Gain internship/entry-level experience; 5. Develop a specialization; 6. Move into senior or lead responsibilities,Culinary Instructor; Junior Culinary Instructor; Senior Culinary Instructor; Culinary Instructor Consultant,Senior Specialist/Chef; Operations Manager; Product Development Lead; Food Business Owner,Not available
363,Catering Manager,"Food, Nutrition & Culinary","Catering Manager professionals food professionals work in culinary production, food safety, product development, nutrition and food-service operations. Some nutrition and regulated roles require specific qualifications.",Food Safety; Cooking/Production; Nutrition; Quality Control; Hygiene; Menu Planning; Communication,"Role-specific diploma/degree in culinary arts, food technology, nutrition or related field",FSSAI Food Safety; Culinary Arts; Food Technology; Nutrition Certification,₹2–5 LPA entry-level; ₹7–18+ LPA experienced (Estimated),Medium,1. Learn fundamentals; 2. Build role-specific skills; 3. Complete projects or practical training; 4. Gain internship/entry-level experience; 5. Develop a specialization; 6. Move into senior or lead responsibilities,Catering Manager; Junior Catering Manager; Senior Catering Manager; Catering Manager Consultant,Senior Specialist/Chef; Operations Manager; Product Development Lead; Food Business Owner,Not available
364,Food Service Manager,"Food, Nutrition & Culinary","Food Service Manager professionals food professionals work in culinary production, food safety, product development, nutrition and food-service operations. Some nutrition and regulated roles require specific qualifications.",Food Safety; Cooking/Production; Nutrition; Quality Control; Hygiene; Menu Planning; Communication,"Role-specific diploma/degree in culinary arts, food technology, nutrition or related field",FSSAI Food Safety; Culinary Arts; Food Technology; Nutrition Certification,₹2–5 LPA entry-level; ₹7–18+ LPA experienced (Estimated),Medium,1. Learn fundamentals; 2. Build role-specific skills; 3. Complete projects or practical training; 4. Gain internship/entry-level experience; 5. Develop a specialization; 6. Move into senior or lead responsibilities,Food Service Manager; Junior Food Service Manager; Senior Food Service Manager; Food Service Manager Consultant,Senior Specialist/Chef; Operations Manager; Product Development Lead; Food Business Owner,Not available
365,Food Entrepreneur,"Food, Nutrition & Culinary","Food Entrepreneur professionals food professionals work in culinary production, food safety, product development, nutrition and food-service operations. Some nutrition and regulated roles require specific qualifications.",Food Safety; Cooking/Production; Nutrition; Quality Control; Hygiene; Menu Planning; Communication,"Role-specific diploma/degree in culinary arts, food technology, nutrition or related field",FSSAI Food Safety; Culinary Arts; Food Technology; Nutrition Certification,₹2–5 LPA entry-level; ₹7–18+ LPA experienced (Estimated),Medium,1. Learn fundamentals; 2. Build role-specific skills; 3. Complete projects or practical training; 4. Gain internship/entry-level experience; 5. Develop a specialization; 6. Move into senior or lead responsibilities,Food Entrepreneur; Junior Food Entrepreneur; Senior Food Entrepreneur; Food Entrepreneur Consultant,Senior Specialist/Chef; Operations Manager; Product Development Lead; Food Business Owner,Not available
366,Agricultural Scientist,Agriculture & Environmental Sciences,"Agricultural Scientist professionals professionals in this sector support food production, natural resources, sustainability and environmental management. Work spans farms, research, consulting, industry and public programs.",Agriculture; Data Analysis; Field Research; Environmental Assessment; GIS; Communication; Problem Solving,"Relevant BSc/BTech/MSc in agriculture, environmental science or related field",GIS; Sustainability; Environmental Impact Assessment; Organic Farming,₹2.5–6 LPA entry-level; ₹7–20+ LPA experienced (Estimated),High,1. Learn fundamentals; 2. Build role-specific skills; 3. Complete projects or practical training; 4. Gain internship/entry-level experience; 5. Develop a specialization; 6. Move into senior or lead responsibilities,Agricultural Scientist; Junior Agricultural Scientist; Senior Agricultural Scientist; Agricultural Scientist Consultant,Senior Specialist; Project Manager; Consultant; Program/Technical Lead,Not available
367,Agronomist,Agriculture & Environmental Sciences,"Agronomist professionals professionals in this sector support food production, natural resources, sustainability and environmental management. Work spans farms, research, consulting, industry and public programs.",Agriculture; Data Analysis; Field Research; Environmental Assessment; GIS; Communication; Problem Solving,"Relevant BSc/BTech/MSc in agriculture, environmental science or related field",GIS; Sustainability; Environmental Impact Assessment; Organic Farming,₹2.5–6 LPA entry-level; ₹7–20+ LPA experienced (Estimated),High,1. Learn fundamentals; 2. Build role-specific skills; 3. Complete projects or practical training; 4. Gain internship/entry-level experience; 5. Develop a specialization; 6. Move into senior or lead responsibilities,Agronomist; Junior Agronomist; Senior Agronomist; Agronomist Consultant,Senior Specialist; Project Manager; Consultant; Program/Technical Lead,Not available
368,Agricultural Engineer,Agriculture & Environmental Sciences,"Agricultural Engineer professionals professionals in this sector support food production, natural resources, sustainability and environmental management. Work spans farms, research, consulting, industry and public programs.",Agriculture; Data Analysis; Field Research; Environmental Assessment; GIS; Communication; Problem Solving,"Relevant BSc/BTech/MSc in agriculture, environmental science or related field",GIS; Sustainability; Environmental Impact Assessment; Organic Farming,₹2.5–6 LPA entry-level; ₹7–20+ LPA experienced (Estimated),High,1. Learn fundamentals; 2. Build role-specific skills; 3. Complete projects or practical training; 4. Gain internship/entry-level experience; 5. Develop a specialization; 6. Move into senior or lead responsibilities,Agricultural Engineer; Junior Agricultural Engineer; Senior Agricultural Engineer; Agricultural Engineer Consultant,Senior Specialist; Project Manager; Consultant; Program/Technical Lead,Not available
369,Horticulturist,Agriculture & Environmental Sciences,"Horticulturist professionals professionals in this sector support food production, natural resources, sustainability and environmental management. Work spans farms, research, consulting, industry and public programs.",Agriculture; Data Analysis; Field Research; Environmental Assessment; GIS; Communication; Problem Solving,"Relevant BSc/BTech/MSc in agriculture, environmental science or related field",GIS; Sustainability; Environmental Impact Assessment; Organic Farming,₹2.5–6 LPA entry-level; ₹7–20+ LPA experienced (Estimated),High,1. Learn fundamentals; 2. Build role-specific skills; 3. Complete projects or practical training; 4. Gain internship/entry-level experience; 5. Develop a specialization; 6. Move into senior or lead responsibilities,Horticulturist; Junior Horticulturist; Senior Horticulturist; Horticulturist Consultant,Senior Specialist; Project Manager; Consultant; Program/Technical Lead,Not available
370,Agricultural Officer,Agriculture & Environmental Sciences,"Agricultural Officer professionals professionals in this sector support food production, natural resources, sustainability and environmental management. Work spans farms, research, consulting, industry and public programs.",Agriculture; Data Analysis; Field Research; Environmental Assessment; GIS; Communication; Problem Solving,"Relevant BSc/BTech/MSc in agriculture, environmental science or related field",GIS; Sustainability; Environmental Impact Assessment; Organic Farming,₹2.5–6 LPA entry-level; ₹7–20+ LPA experienced (Estimated),High,1. Learn fundamentals; 2. Build role-specific skills; 3. Complete projects or practical training; 4. Gain internship/entry-level experience; 5. Develop a specialization; 6. Move into senior or lead responsibilities,Agricultural Officer; Junior Agricultural Officer; Senior Agricultural Officer; Agricultural Officer Consultant,Senior Specialist; Project Manager; Consultant; Program/Technical Lead,Not available
371,Farm Manager,Agriculture & Environmental Sciences,"Farm Manager professionals professionals in this sector support food production, natural resources, sustainability and environmental management. Work spans farms, research, consulting, industry and public programs.",Agriculture; Data Analysis; Field Research; Environmental Assessment; GIS; Communication; Problem Solving,"Relevant BSc/BTech/MSc in agriculture, environmental science or related field",GIS; Sustainability; Environmental Impact Assessment; Organic Farming,₹2.5–6 LPA entry-level; ₹7–20+ LPA experienced (Estimated),High,1. Learn fundamentals; 2. Build role-specific skills; 3. Complete projects or practical training; 4. Gain internship/entry-level experience; 5. Develop a specialization; 6. Move into senior or lead responsibilities,Farm Manager; Junior Farm Manager; Senior Farm Manager; Farm Manager Consultant,Senior Specialist; Project Manager; Consultant; Program/Technical Lead,Not available
372,Agribusiness Manager,Agriculture & Environmental Sciences,"Agribusiness Manager professionals professionals in this sector support food production, natural resources, sustainability and environmental management. Work spans farms, research, consulting, industry and public programs.",Agriculture; Data Analysis; Field Research; Environmental Assessment; GIS; Communication; Problem Solving,"Relevant BSc/BTech/MSc in agriculture, environmental science or related field",GIS; Sustainability; Environmental Impact Assessment; Organic Farming,₹2.5–6 LPA entry-level; ₹7–20+ LPA experienced (Estimated),High,1. Learn fundamentals; 2. Build role-specific skills; 3. Complete projects or practical training; 4. Gain internship/entry-level experience; 5. Develop a specialization; 6. Move into senior or lead responsibilities,Agribusiness Manager; Junior Agribusiness Manager; Senior Agribusiness Manager; Agribusiness Manager Consultant,Senior Specialist; Project Manager; Consultant; Program/Technical Lead,Not available
373,Agricultural Extension Officer,Agriculture & Environmental Sciences,"Agricultural Extension Officer professionals professionals in this sector support food production, natural resources, sustainability and environmental management. Work spans farms, research, consulting, industry and public programs.",Agriculture; Data Analysis; Field Research; Environmental Assessment; GIS; Communication; Problem Solving,"Relevant BSc/BTech/MSc in agriculture, environmental science or related field",GIS; Sustainability; Environmental Impact Assessment; Organic Farming,₹2.5–6 LPA entry-level; ₹7–20+ LPA experienced (Estimated),High,1. Learn fundamentals; 2. Build role-specific skills; 3. Complete projects or practical training; 4. Gain internship/entry-level experience; 5. Develop a specialization; 6. Move into senior or lead responsibilities,Agricultural Extension Officer; Junior Agricultural Extension Officer; Senior Agricultural Extension Officer; Agricultural Extension Officer Consultant,Senior Specialist; Project Manager; Consultant; Program/Technical Lead,Not available
374,Soil Scientist,Agriculture & Environmental Sciences,"Soil Scientist professionals professionals in this sector support food production, natural resources, sustainability and environmental management. Work spans farms, research, consulting, industry and public programs.",Agriculture; Data Analysis; Field Research; Environmental Assessment; GIS; Communication; Problem Solving,"Relevant BSc/BTech/MSc in agriculture, environmental science or related field",GIS; Sustainability; Environmental Impact Assessment; Organic Farming,₹2.5–6 LPA entry-level; ₹7–20+ LPA experienced (Estimated),High,1. Learn fundamentals; 2. Build role-specific skills; 3. Complete projects or practical training; 4. Gain internship/entry-level experience; 5. Develop a specialization; 6. Move into senior or lead responsibilities,Soil Scientist; Junior Soil Scientist; Senior Soil Scientist; Soil Scientist Consultant,Senior Specialist; Project Manager; Consultant; Program/Technical Lead,Not available
375,Plant Pathologist,Agriculture & Environmental Sciences,"Plant Pathologist professionals professionals in this sector support food production, natural resources, sustainability and environmental management. Work spans farms, research, consulting, industry and public programs.",Agriculture; Data Analysis; Field Research; Environmental Assessment; GIS; Communication; Problem Solving,"Relevant BSc/BTech/MSc in agriculture, environmental science or related field",GIS; Sustainability; Environmental Impact Assessment; Organic Farming,₹2.5–6 LPA entry-level; ₹7–20+ LPA experienced (Estimated),High,1. Learn fundamentals; 2. Build role-specific skills; 3. Complete projects or practical training; 4. Gain internship/entry-level experience; 5. Develop a specialization; 6. Move into senior or lead responsibilities,Plant Pathologist; Junior Plant Pathologist; Senior Plant Pathologist; Plant Pathologist Consultant,Senior Specialist; Project Manager; Consultant; Program/Technical Lead,Not available
376,Environmental Consultant,Agriculture & Environmental Sciences,"Environmental Consultant professionals professionals in this sector support food production, natural resources, sustainability and environmental management. Work spans farms, research, consulting, industry and public programs.",Agriculture; Data Analysis; Field Research; Environmental Assessment; GIS; Communication; Problem Solving,"Relevant BSc/BTech/MSc in agriculture, environmental science or related field",GIS; Sustainability; Environmental Impact Assessment; Organic Farming,₹2.5–6 LPA entry-level; ₹7–20+ LPA experienced (Estimated),High,1. Learn fundamentals; 2. Build role-specific skills; 3. Complete projects or practical training; 4. Gain internship/entry-level experience; 5. Develop a specialization; 6. Move into senior or lead responsibilities,Environmental Consultant; Junior Environmental Consultant; Senior Environmental Consultant; Environmental Consultant Consultant,Senior Specialist; Project Manager; Consultant; Program/Technical Lead,Not available
377,Sustainability Specialist,Agriculture & Environmental Sciences,"Sustainability Specialist professionals professionals in this sector support food production, natural resources, sustainability and environmental management. Work spans farms, research, consulting, industry and public programs.",Agriculture; Data Analysis; Field Research; Environmental Assessment; GIS; Communication; Problem Solving,"Relevant BSc/BTech/MSc in agriculture, environmental science or related field",GIS; Sustainability; Environmental Impact Assessment; Organic Farming,₹2.5–6 LPA entry-level; ₹7–20+ LPA experienced (Estimated),High,1. Learn fundamentals; 2. Build role-specific skills; 3. Complete projects or practical training; 4. Gain internship/entry-level experience; 5. Develop a specialization; 6. Move into senior or lead responsibilities,Sustainability Specialist; Junior Sustainability Specialist; Senior Sustainability Specialist; Sustainability Specialist Consultant,Senior Specialist; Project Manager; Consultant; Program/Technical Lead,Not available
378,Climate Analyst,Agriculture & Environmental Sciences,"Climate Analyst professionals professionals in this sector support food production, natural resources, sustainability and environmental management. Work spans farms, research, consulting, industry and public programs.",Agriculture; Data Analysis; Field Research; Environmental Assessment; GIS; Communication; Problem Solving,"Relevant BSc/BTech/MSc in agriculture, environmental science or related field",GIS; Sustainability; Environmental Impact Assessment; Organic Farming,₹2.5–6 LPA entry-level; ₹7–20+ LPA experienced (Estimated),High,1. Learn fundamentals; 2. Build role-specific skills; 3. Complete projects or practical training; 4. Gain internship/entry-level experience; 5. Develop a specialization; 6. Move into senior or lead responsibilities,Climate Analyst; Junior Climate Analyst; Senior Climate Analyst; Climate Analyst Consultant,Senior Specialist; Project Manager; Consultant; Program/Technical Lead,Not available
379,Conservation Scientist,Agriculture & Environmental Sciences,"Conservation Scientist professionals professionals in this sector support food production, natural resources, sustainability and environmental management. Work spans farms, research, consulting, industry and public programs.",Agriculture; Data Analysis; Field Research; Environmental Assessment; GIS; Communication; Problem Solving,"Relevant BSc/BTech/MSc in agriculture, environmental science or related field",GIS; Sustainability; Environmental Impact Assessment; Organic Farming,₹2.5–6 LPA entry-level; ₹7–20+ LPA experienced (Estimated),High,1. Learn fundamentals; 2. Build role-specific skills; 3. Complete projects or practical training; 4. Gain internship/entry-level experience; 5. Develop a specialization; 6. Move into senior or lead responsibilities,Conservation Scientist; Junior Conservation Scientist; Senior Conservation Scientist; Conservation Scientist Consultant,Senior Specialist; Project Manager; Consultant; Program/Technical Lead,Not available
380,Renewable Agriculture Specialist,Agriculture & Environmental Sciences,"Renewable Agriculture Specialist professionals professionals in this sector support food production, natural resources, sustainability and environmental management. Work spans farms, research, consulting, industry and public programs.",Agriculture; Data Analysis; Field Research; Environmental Assessment; GIS; Communication; Problem Solving,"Relevant BSc/BTech/MSc in agriculture, environmental science or related field",GIS; Sustainability; Environmental Impact Assessment; Organic Farming,₹2.5–6 LPA entry-level; ₹7–20+ LPA experienced (Estimated),High,1. Learn fundamentals; 2. Build role-specific skills; 3. Complete projects or practical training; 4. Gain internship/entry-level experience; 5. Develop a specialization; 6. Move into senior or lead responsibilities,Renewable Agriculture Specialist; Junior Renewable Agriculture Specialist; Senior Renewable Agriculture Specialist; Renewable Agriculture Specialist Consultant,Senior Specialist; Project Manager; Consultant; Program/Technical Lead,Not available
381,Supply Chain Analyst,Logistics & Supply Chain,"Supply Chain Analyst professionals supply-chain professionals coordinate sourcing, inventory, transportation and delivery. They use data and process management to improve cost, speed and reliability.",Excel; Supply Chain Management; Inventory; Procurement; Data Analysis; ERP; Negotiation,"Bachelor's degree in supply chain, logistics, business, commerce or engineering; MBA useful",APICS/ASCM; SAP MM; Supply Chain Analytics; Lean Six Sigma,₹3–6 LPA entry-level; ₹8–25+ LPA experienced (Estimated),High,1. Learn fundamentals; 2. Build role-specific skills; 3. Complete projects or practical training; 4. Gain internship/entry-level experience; 5. Develop a specialization; 6. Move into senior or lead responsibilities,Supply Chain Analyst; Junior Supply Chain Analyst; Senior Supply Chain Analyst; Supply Chain Analyst Consultant,Senior Analyst; Supply Chain Manager; Operations Head; Supply Chain Director,Not available
382,Supply Chain Manager,Logistics & Supply Chain,"Supply Chain Manager professionals supply-chain professionals coordinate sourcing, inventory, transportation and delivery. They use data and process management to improve cost, speed and reliability.",Excel; Supply Chain Management; Inventory; Procurement; Data Analysis; ERP; Negotiation,"Bachelor's degree in supply chain, logistics, business, commerce or engineering; MBA useful",APICS/ASCM; SAP MM; Supply Chain Analytics; Lean Six Sigma,₹3–6 LPA entry-level; ₹8–25+ LPA experienced (Estimated),High,1. Learn fundamentals; 2. Build role-specific skills; 3. Complete projects or practical training; 4. Gain internship/entry-level experience; 5. Develop a specialization; 6. Move into senior or lead responsibilities,Supply Chain Manager; Junior Supply Chain Manager; Senior Supply Chain Manager; Supply Chain Manager Consultant,Senior Analyst; Supply Chain Manager; Operations Head; Supply Chain Director,Not available
383,Logistics Coordinator,Logistics & Supply Chain,"Logistics Coordinator professionals supply-chain professionals coordinate sourcing, inventory, transportation and delivery. They use data and process management to improve cost, speed and reliability.",Excel; Supply Chain Management; Inventory; Procurement; Data Analysis; ERP; Negotiation,"Bachelor's degree in supply chain, logistics, business, commerce or engineering; MBA useful",APICS/ASCM; SAP MM; Supply Chain Analytics; Lean Six Sigma,₹3–6 LPA entry-level; ₹8–25+ LPA experienced (Estimated),High,1. Learn fundamentals; 2. Build role-specific skills; 3. Complete projects or practical training; 4. Gain internship/entry-level experience; 5. Develop a specialization; 6. Move into senior or lead responsibilities,Logistics Coordinator; Junior Logistics Coordinator; Senior Logistics Coordinator; Logistics Coordinator Consultant,Senior Analyst; Supply Chain Manager; Operations Head; Supply Chain Director,Not available
384,Logistics Manager,Logistics & Supply Chain,"Logistics Manager professionals supply-chain professionals coordinate sourcing, inventory, transportation and delivery. They use data and process management to improve cost, speed and reliability.",Excel; Supply Chain Management; Inventory; Procurement; Data Analysis; ERP; Negotiation,"Bachelor's degree in supply chain, logistics, business, commerce or engineering; MBA useful",APICS/ASCM; SAP MM; Supply Chain Analytics; Lean Six Sigma,₹3–6 LPA entry-level; ₹8–25+ LPA experienced (Estimated),High,1. Learn fundamentals; 2. Build role-specific skills; 3. Complete projects or practical training; 4. Gain internship/entry-level experience; 5. Develop a specialization; 6. Move into senior or lead responsibilities,Logistics Manager; Junior Logistics Manager; Senior Logistics Manager; Logistics Manager Consultant,Senior Analyst; Supply Chain Manager; Operations Head; Supply Chain Director,11-3071.00
385,Procurement Specialist,Logistics & Supply Chain,"Procurement Specialist professionals supply-chain professionals coordinate sourcing, inventory, transportation and delivery. They use data and process management to improve cost, speed and reliability.",Excel; Supply Chain Management; Inventory; Procurement; Data Analysis; ERP; Negotiation,"Bachelor's degree in supply chain, logistics, business, commerce or engineering; MBA useful",APICS/ASCM; SAP MM; Supply Chain Analytics; Lean Six Sigma,₹3–6 LPA entry-level; ₹8–25+ LPA experienced (Estimated),High,1. Learn fundamentals; 2. Build role-specific skills; 3. Complete projects or practical training; 4. Gain internship/entry-level experience; 5. Develop a specialization; 6. Move into senior or lead responsibilities,Procurement Specialist; Junior Procurement Specialist; Senior Procurement Specialist; Procurement Specialist Consultant,Senior Analyst; Supply Chain Manager; Operations Head; Supply Chain Director,Not available
386,Purchasing Manager,Logistics & Supply Chain,"Purchasing Manager professionals supply-chain professionals coordinate sourcing, inventory, transportation and delivery. They use data and process management to improve cost, speed and reliability.",Excel; Supply Chain Management; Inventory; Procurement; Data Analysis; ERP; Negotiation,"Bachelor's degree in supply chain, logistics, business, commerce or engineering; MBA useful",APICS/ASCM; SAP MM; Supply Chain Analytics; Lean Six Sigma,₹3–6 LPA entry-level; ₹8–25+ LPA experienced (Estimated),High,1. Learn fundamentals; 2. Build role-specific skills; 3. Complete projects or practical training; 4. Gain internship/entry-level experience; 5. Develop a specialization; 6. Move into senior or lead responsibilities,Purchasing Manager; Junior Purchasing Manager; Senior Purchasing Manager; Purchasing Manager Consultant,Senior Analyst; Supply Chain Manager; Operations Head; Supply Chain Director,11-3061.00
387,Warehouse Manager,Logistics & Supply Chain,"Warehouse Manager professionals supply-chain professionals coordinate sourcing, inventory, transportation and delivery. They use data and process management to improve cost, speed and reliability.",Excel; Supply Chain Management; Inventory; Procurement; Data Analysis; ERP; Negotiation,"Bachelor's degree in supply chain, logistics, business, commerce or engineering; MBA useful",APICS/ASCM; SAP MM; Supply Chain Analytics; Lean Six Sigma,₹3–6 LPA entry-level; ₹8–25+ LPA experienced (Estimated),High,1. Learn fundamentals; 2. Build role-specific skills; 3. Complete projects or practical training; 4. Gain internship/entry-level experience; 5. Develop a specialization; 6. Move into senior or lead responsibilities,Warehouse Manager; Junior Warehouse Manager; Senior Warehouse Manager; Warehouse Manager Consultant,Senior Analyst; Supply Chain Manager; Operations Head; Supply Chain Director,Not available
388,Inventory Analyst,Logistics & Supply Chain,"Inventory Analyst professionals supply-chain professionals coordinate sourcing, inventory, transportation and delivery. They use data and process management to improve cost, speed and reliability.",Excel; Supply Chain Management; Inventory; Procurement; Data Analysis; ERP; Negotiation,"Bachelor's degree in supply chain, logistics, business, commerce or engineering; MBA useful",APICS/ASCM; SAP MM; Supply Chain Analytics; Lean Six Sigma,₹3–6 LPA entry-level; ₹8–25+ LPA experienced (Estimated),High,1. Learn fundamentals; 2. Build role-specific skills; 3. Complete projects or practical training; 4. Gain internship/entry-level experience; 5. Develop a specialization; 6. Move into senior or lead responsibilities,Inventory Analyst; Junior Inventory Analyst; Senior Inventory Analyst; Inventory Analyst Consultant,Senior Analyst; Supply Chain Manager; Operations Head; Supply Chain Director,Not available
389,Demand Planner,Logistics & Supply Chain,"Demand Planner professionals supply-chain professionals coordinate sourcing, inventory, transportation and delivery. They use data and process management to improve cost, speed and reliability.",Excel; Supply Chain Management; Inventory; Procurement; Data Analysis; ERP; Negotiation,"Bachelor's degree in supply chain, logistics, business, commerce or engineering; MBA useful",APICS/ASCM; SAP MM; Supply Chain Analytics; Lean Six Sigma,₹3–6 LPA entry-level; ₹8–25+ LPA experienced (Estimated),High,1. Learn fundamentals; 2. Build role-specific skills; 3. Complete projects or practical training; 4. Gain internship/entry-level experience; 5. Develop a specialization; 6. Move into senior or lead responsibilities,Demand Planner; Junior Demand Planner; Senior Demand Planner; Demand Planner Consultant,Senior Analyst; Supply Chain Manager; Operations Head; Supply Chain Director,Not available
390,Production Planner,Logistics & Supply Chain,"Production Planner professionals supply-chain professionals coordinate sourcing, inventory, transportation and delivery. They use data and process management to improve cost, speed and reliability.",Excel; Supply Chain Management; Inventory; Procurement; Data Analysis; ERP; Negotiation,"Bachelor's degree in supply chain, logistics, business, commerce or engineering; MBA useful",APICS/ASCM; SAP MM; Supply Chain Analytics; Lean Six Sigma,₹3–6 LPA entry-level; ₹8–25+ LPA experienced (Estimated),High,1. Learn fundamentals; 2. Build role-specific skills; 3. Complete projects or practical training; 4. Gain internship/entry-level experience; 5. Develop a specialization; 6. Move into senior or lead responsibilities,Production Planner; Junior Production Planner; Senior Production Planner; Production Planner Consultant,Senior Analyst; Supply Chain Manager; Operations Head; Supply Chain Director,Not available
391,Transportation Manager,Logistics & Supply Chain,"Transportation Manager professionals supply-chain professionals coordinate sourcing, inventory, transportation and delivery. They use data and process management to improve cost, speed and reliability.",Excel; Supply Chain Management; Inventory; Procurement; Data Analysis; ERP; Negotiation,"Bachelor's degree in supply chain, logistics, business, commerce or engineering; MBA useful",APICS/ASCM; SAP MM; Supply Chain Analytics; Lean Six Sigma,₹3–6 LPA entry-level; ₹8–25+ LPA experienced (Estimated),High,1. Learn fundamentals; 2. Build role-specific skills; 3. Complete projects or practical training; 4. Gain internship/entry-level experience; 5. Develop a specialization; 6. Move into senior or lead responsibilities,Transportation Manager; Junior Transportation Manager; Senior Transportation Manager; Transportation Manager Consultant,Senior Analyst; Supply Chain Manager; Operations Head; Supply Chain Director,Not available
392,Import Export Specialist,Logistics & Supply Chain,"Import Export Specialist professionals supply-chain professionals coordinate sourcing, inventory, transportation and delivery. They use data and process management to improve cost, speed and reliability.",Excel; Supply Chain Management; Inventory; Procurement; Data Analysis; ERP; Negotiation,"Bachelor's degree in supply chain, logistics, business, commerce or engineering; MBA useful",APICS/ASCM; SAP MM; Supply Chain Analytics; Lean Six Sigma,₹3–6 LPA entry-level; ₹8–25+ LPA experienced (Estimated),High,1. Learn fundamentals; 2. Build role-specific skills; 3. Complete projects or practical training; 4. Gain internship/entry-level experience; 5. Develop a specialization; 6. Move into senior or lead responsibilities,Import Export Specialist; Junior Import Export Specialist; Senior Import Export Specialist; Import Export Specialist Consultant,Senior Analyst; Supply Chain Manager; Operations Head; Supply Chain Director,Not available
393,Sourcing Specialist,Logistics & Supply Chain,"Sourcing Specialist professionals supply-chain professionals coordinate sourcing, inventory, transportation and delivery. They use data and process management to improve cost, speed and reliability.",Excel; Supply Chain Management; Inventory; Procurement; Data Analysis; ERP; Negotiation,"Bachelor's degree in supply chain, logistics, business, commerce or engineering; MBA useful",APICS/ASCM; SAP MM; Supply Chain Analytics; Lean Six Sigma,₹3–6 LPA entry-level; ₹8–25+ LPA experienced (Estimated),High,1. Learn fundamentals; 2. Build role-specific skills; 3. Complete projects or practical training; 4. Gain internship/entry-level experience; 5. Develop a specialization; 6. Move into senior or lead responsibilities,Sourcing Specialist; Junior Sourcing Specialist; Senior Sourcing Specialist; Sourcing Specialist Consultant,Senior Analyst; Supply Chain Manager; Operations Head; Supply Chain Director,Not available
394,Operations Planner,Logistics & Supply Chain,"Operations Planner professionals supply-chain professionals coordinate sourcing, inventory, transportation and delivery. They use data and process management to improve cost, speed and reliability.",Excel; Supply Chain Management; Inventory; Procurement; Data Analysis; ERP; Negotiation,"Bachelor's degree in supply chain, logistics, business, commerce or engineering; MBA useful",APICS/ASCM; SAP MM; Supply Chain Analytics; Lean Six Sigma,₹3–6 LPA entry-level; ₹8–25+ LPA experienced (Estimated),High,1. Learn fundamentals; 2. Build role-specific skills; 3. Complete projects or practical training; 4. Gain internship/entry-level experience; 5. Develop a specialization; 6. Move into senior or lead responsibilities,Operations Planner; Junior Operations Planner; Senior Operations Planner; Operations Planner Consultant,Senior Analyst; Supply Chain Manager; Operations Head; Supply Chain Director,Not available
395,Supply Chain Consultant,Logistics & Supply Chain,"Supply Chain Consultant professionals supply-chain professionals coordinate sourcing, inventory, transportation and delivery. They use data and process management to improve cost, speed and reliability.",Excel; Supply Chain Management; Inventory; Procurement; Data Analysis; ERP; Negotiation,"Bachelor's degree in supply chain, logistics, business, commerce or engineering; MBA useful",APICS/ASCM; SAP MM; Supply Chain Analytics; Lean Six Sigma,₹3–6 LPA entry-level; ₹8–25+ LPA experienced (Estimated),High,1. Learn fundamentals; 2. Build role-specific skills; 3. Complete projects or practical training; 4. Gain internship/entry-level experience; 5. Develop a specialization; 6. Move into senior or lead responsibilities,Supply Chain Consultant; Junior Supply Chain Consultant; Senior Supply Chain Consultant; Supply Chain Consultant Consultant,Senior Analyst; Supply Chain Manager; Operations Head; Supply Chain Director,Not available
396,Operations Engineer,Manufacturing & Operations,"Operations Engineer professionals operations professionals improve production, quality, maintenance and plant performance. Roles combine engineering, process improvement, safety and operational management.",Production Planning; Quality; Lean Manufacturing; Excel; Problem Solving; Process Improvement; Safety,Diploma/BE/BTech in engineering or relevant operations qualification,Six Sigma; Lean Manufacturing; SAP PP; ISO Quality Management,₹3–6 LPA entry-level; ₹8–22+ LPA experienced (Estimated),High,1. Learn fundamentals; 2. Build role-specific skills; 3. Complete projects or practical training; 4. Gain internship/entry-level experience; 5. Develop a specialization; 6. Move into senior or lead responsibilities,Operations Engineer; Junior Operations Engineer; Senior Operations Engineer; Operations Engineer Consultant,Senior Engineer/Manager; Plant Manager; Operations Head; Operations Director,Not available
397,Operations Manager,Manufacturing & Operations,"Operations Manager professionals operations professionals improve production, quality, maintenance and plant performance. Roles combine engineering, process improvement, safety and operational management.",Production Planning; Quality; Lean Manufacturing; Excel; Problem Solving; Process Improvement; Safety,Diploma/BE/BTech in engineering or relevant operations qualification,Six Sigma; Lean Manufacturing; SAP PP; ISO Quality Management,₹3–6 LPA entry-level; ₹8–22+ LPA experienced (Estimated),High,1. Learn fundamentals; 2. Build role-specific skills; 3. Complete projects or practical training; 4. Gain internship/entry-level experience; 5. Develop a specialization; 6. Move into senior or lead responsibilities,Operations Manager; Junior Operations Manager; Senior Operations Manager; Operations Manager Consultant,Senior Engineer/Manager; Plant Manager; Operations Head; Operations Director,Not available
398,Production Manager,Manufacturing & Operations,"Production Manager professionals operations professionals improve production, quality, maintenance and plant performance. Roles combine engineering, process improvement, safety and operational management.",Production Planning; Quality; Lean Manufacturing; Excel; Problem Solving; Process Improvement; Safety,Diploma/BE/BTech in engineering or relevant operations qualification,Six Sigma; Lean Manufacturing; SAP PP; ISO Quality Management,₹3–6 LPA entry-level; ₹8–22+ LPA experienced (Estimated),High,1. Learn fundamentals; 2. Build role-specific skills; 3. Complete projects or practical training; 4. Gain internship/entry-level experience; 5. Develop a specialization; 6. Move into senior or lead responsibilities,Production Manager; Junior Production Manager; Senior Production Manager; Production Manager Consultant,Senior Engineer/Manager; Plant Manager; Operations Head; Operations Director,Not available
399,Production Planner,Manufacturing & Operations,"Production Planner professionals operations professionals improve production, quality, maintenance and plant performance. Roles combine engineering, process improvement, safety and operational management.",Production Planning; Quality; Lean Manufacturing; Excel; Problem Solving; Process Improvement; Safety,Diploma/BE/BTech in engineering or relevant operations qualification,Six Sigma; Lean Manufacturing; SAP PP; ISO Quality Management,₹3–6 LPA entry-level; ₹8–22+ LPA experienced (Estimated),High,1. Learn fundamentals; 2. Build role-specific skills; 3. Complete projects or practical training; 4. Gain internship/entry-level experience; 5. Develop a specialization; 6. Move into senior or lead responsibilities,Production Planner; Junior Production Planner; Senior Production Planner; Production Planner Consultant,Senior Engineer/Manager; Plant Manager; Operations Head; Operations Director,Not available
400,Quality Engineer,Manufacturing & Operations,"Quality Engineer professionals operations professionals improve production, quality, maintenance and plant performance. Roles combine engineering, process improvement, safety and operational management.",Production Planning; Quality; Lean Manufacturing; Excel; Problem Solving; Process Improvement; Safety,Diploma/BE/BTech in engineering or relevant operations qualification,Six Sigma; Lean Manufacturing; SAP PP; ISO Quality Management,₹3–6 LPA entry-level; ₹8–22+ LPA experienced (Estimated),High,1. Learn fundamentals; 2. Build role-specific skills; 3. Complete projects or practical training; 4. Gain internship/entry-level experience; 5. Develop a specialization; 6. Move into senior or lead responsibilities,Quality Engineer; Junior Quality Engineer; Senior Quality Engineer; Quality Engineer Consultant,Senior Engineer/Manager; Plant Manager; Operations Head; Operations Director,Not available
401,Quality Manager,Manufacturing & Operations,"Quality Manager professionals operations professionals improve production, quality, maintenance and plant performance. Roles combine engineering, process improvement, safety and operational management.",Production Planning; Quality; Lean Manufacturing; Excel; Problem Solving; Process Improvement; Safety,Diploma/BE/BTech in engineering or relevant operations qualification,Six Sigma; Lean Manufacturing; SAP PP; ISO Quality Management,₹3–6 LPA entry-level; ₹8–22+ LPA experienced (Estimated),High,1. Learn fundamentals; 2. Build role-specific skills; 3. Complete projects or practical training; 4. Gain internship/entry-level experience; 5. Develop a specialization; 6. Move into senior or lead responsibilities,Quality Manager; Junior Quality Manager; Senior Quality Manager; Quality Manager Consultant,Senior Engineer/Manager; Plant Manager; Operations Head; Operations Director,Not available
402,Process Engineer,Manufacturing & Operations,"Process Engineer professionals operations professionals improve production, quality, maintenance and plant performance. Roles combine engineering, process improvement, safety and operational management.",Production Planning; Quality; Lean Manufacturing; Excel; Problem Solving; Process Improvement; Safety,Diploma/BE/BTech in engineering or relevant operations qualification,Six Sigma; Lean Manufacturing; SAP PP; ISO Quality Management,₹3–6 LPA entry-level; ₹8–22+ LPA experienced (Estimated),High,1. Learn fundamentals; 2. Build role-specific skills; 3. Complete projects or practical training; 4. Gain internship/entry-level experience; 5. Develop a specialization; 6. Move into senior or lead responsibilities,Process Engineer; Junior Process Engineer; Senior Process Engineer; Process Engineer Consultant,Senior Engineer/Manager; Plant Manager; Operations Head; Operations Director,Not available
403,Manufacturing Engineer,Manufacturing & Operations,"Manufacturing Engineer professionals operations professionals improve production, quality, maintenance and plant performance. Roles combine engineering, process improvement, safety and operational management.",Production Planning; Quality; Lean Manufacturing; Excel; Problem Solving; Process Improvement; Safety,Diploma/BE/BTech in engineering or relevant operations qualification,Six Sigma; Lean Manufacturing; SAP PP; ISO Quality Management,₹3–6 LPA entry-level; ₹8–22+ LPA experienced (Estimated),High,1. Learn fundamentals; 2. Build role-specific skills; 3. Complete projects or practical training; 4. Gain internship/entry-level experience; 5. Develop a specialization; 6. Move into senior or lead responsibilities,Manufacturing Engineer; Junior Manufacturing Engineer; Senior Manufacturing Engineer; Manufacturing Engineer Consultant,Senior Engineer/Manager; Plant Manager; Operations Head; Operations Director,Not available
404,Maintenance Engineer,Manufacturing & Operations,"Maintenance Engineer professionals operations professionals improve production, quality, maintenance and plant performance. Roles combine engineering, process improvement, safety and operational management.",Production Planning; Quality; Lean Manufacturing; Excel; Problem Solving; Process Improvement; Safety,Diploma/BE/BTech in engineering or relevant operations qualification,Six Sigma; Lean Manufacturing; SAP PP; ISO Quality Management,₹3–6 LPA entry-level; ₹8–22+ LPA experienced (Estimated),High,1. Learn fundamentals; 2. Build role-specific skills; 3. Complete projects or practical training; 4. Gain internship/entry-level experience; 5. Develop a specialization; 6. Move into senior or lead responsibilities,Maintenance Engineer; Junior Maintenance Engineer; Senior Maintenance Engineer; Maintenance Engineer Consultant,Senior Engineer/Manager; Plant Manager; Operations Head; Operations Director,Not available
405,Plant Manager,Manufacturing & Operations,"Plant Manager professionals operations professionals improve production, quality, maintenance and plant performance. Roles combine engineering, process improvement, safety and operational management.",Production Planning; Quality; Lean Manufacturing; Excel; Problem Solving; Process Improvement; Safety,Diploma/BE/BTech in engineering or relevant operations qualification,Six Sigma; Lean Manufacturing; SAP PP; ISO Quality Management,₹3–6 LPA entry-level; ₹8–22+ LPA experienced (Estimated),High,1. Learn fundamentals; 2. Build role-specific skills; 3. Complete projects or practical training; 4. Gain internship/entry-level experience; 5. Develop a specialization; 6. Move into senior or lead responsibilities,Plant Manager; Junior Plant Manager; Senior Plant Manager; Plant Manager Consultant,Senior Engineer/Manager; Plant Manager; Operations Head; Operations Director,Not available
406,Industrial Engineer,Manufacturing & Operations,"Industrial Engineer professionals operations professionals improve production, quality, maintenance and plant performance. Roles combine engineering, process improvement, safety and operational management.",Production Planning; Quality; Lean Manufacturing; Excel; Problem Solving; Process Improvement; Safety,Diploma/BE/BTech in engineering or relevant operations qualification,Six Sigma; Lean Manufacturing; SAP PP; ISO Quality Management,₹3–6 LPA entry-level; ₹8–22+ LPA experienced (Estimated),High,1. Learn fundamentals; 2. Build role-specific skills; 3. Complete projects or practical training; 4. Gain internship/entry-level experience; 5. Develop a specialization; 6. Move into senior or lead responsibilities,Industrial Engineer; Junior Industrial Engineer; Senior Industrial Engineer; Industrial Engineer Consultant,Senior Engineer/Manager; Plant Manager; Operations Head; Operations Director,17-2112.00
407,Lean Manufacturing Specialist,Manufacturing & Operations,"Lean Manufacturing Specialist professionals operations professionals improve production, quality, maintenance and plant performance. Roles combine engineering, process improvement, safety and operational management.",Production Planning; Quality; Lean Manufacturing; Excel; Problem Solving; Process Improvement; Safety,Diploma/BE/BTech in engineering or relevant operations qualification,Six Sigma; Lean Manufacturing; SAP PP; ISO Quality Management,₹3–6 LPA entry-level; ₹8–22+ LPA experienced (Estimated),High,1. Learn fundamentals; 2. Build role-specific skills; 3. Complete projects or practical training; 4. Gain internship/entry-level experience; 5. Develop a specialization; 6. Move into senior or lead responsibilities,Lean Manufacturing Specialist; Junior Lean Manufacturing Specialist; Senior Lean Manufacturing Specialist; Lean Manufacturing Specialist Consultant,Senior Engineer/Manager; Plant Manager; Operations Head; Operations Director,Not available
408,Six Sigma Specialist,Manufacturing & Operations,"Six Sigma Specialist professionals operations professionals improve production, quality, maintenance and plant performance. Roles combine engineering, process improvement, safety and operational management.",Production Planning; Quality; Lean Manufacturing; Excel; Problem Solving; Process Improvement; Safety,Diploma/BE/BTech in engineering or relevant operations qualification,Six Sigma; Lean Manufacturing; SAP PP; ISO Quality Management,₹3–6 LPA entry-level; ₹8–22+ LPA experienced (Estimated),High,1. Learn fundamentals; 2. Build role-specific skills; 3. Complete projects or practical training; 4. Gain internship/entry-level experience; 5. Develop a specialization; 6. Move into senior or lead responsibilities,Six Sigma Specialist; Junior Six Sigma Specialist; Senior Six Sigma Specialist; Six Sigma Specialist Consultant,Senior Engineer/Manager; Plant Manager; Operations Head; Operations Director,Not available
409,Production Supervisor,Manufacturing & Operations,"Production Supervisor professionals operations professionals improve production, quality, maintenance and plant performance. Roles combine engineering, process improvement, safety and operational management.",Production Planning; Quality; Lean Manufacturing; Excel; Problem Solving; Process Improvement; Safety,Diploma/BE/BTech in engineering or relevant operations qualification,Six Sigma; Lean Manufacturing; SAP PP; ISO Quality Management,₹3–6 LPA entry-level; ₹8–22+ LPA experienced (Estimated),High,1. Learn fundamentals; 2. Build role-specific skills; 3. Complete projects or practical training; 4. Gain internship/entry-level experience; 5. Develop a specialization; 6. Move into senior or lead responsibilities,Production Supervisor; Junior Production Supervisor; Senior Production Supervisor; Production Supervisor Consultant,Senior Engineer/Manager; Plant Manager; Operations Head; Operations Director,Not available
410,Operations Analyst,Manufacturing & Operations,"Operations Analyst professionals operations professionals improve production, quality, maintenance and plant performance. Roles combine engineering, process improvement, safety and operational management.",Production Planning; Quality; Lean Manufacturing; Excel; Problem Solving; Process Improvement; Safety,Diploma/BE/BTech in engineering or relevant operations qualification,Six Sigma; Lean Manufacturing; SAP PP; ISO Quality Management,₹3–6 LPA entry-level; ₹8–22+ LPA experienced (Estimated),High,1. Learn fundamentals; 2. Build role-specific skills; 3. Complete projects or practical training; 4. Gain internship/entry-level experience; 5. Develop a specialization; 6. Move into senior or lead responsibilities,Operations Analyst; Junior Operations Analyst; Senior Operations Analyst; Operations Analyst Consultant,Senior Engineer/Manager; Plant Manager; Operations Head; Operations Director,Not available
411,Retail Manager,Retail & E-commerce,"Retail Manager professionals retail professionals manage stores, products, customer experience and online commerce operations. Digital roles combine merchandising, analytics, marketing and marketplace management.",Customer Service; Sales; Excel; E-commerce; Merchandising; Analytics; Communication,Bachelor's degree or relevant retail/business qualification; practical experience is valuable,Google E-commerce; Shopify courses; Digital Marketing; Retail Management,₹2.5–5.5 LPA entry-level; ₹7–18+ LPA experienced (Estimated),High,1. Learn fundamentals; 2. Build role-specific skills; 3. Complete projects or practical training; 4. Gain internship/entry-level experience; 5. Develop a specialization; 6. Move into senior or lead responsibilities,Retail Manager; Junior Retail Manager; Senior Retail Manager; Retail Manager Consultant,Senior Manager; Category Head; E-commerce Head; Retail Director,Not available
412,Store Manager,Retail & E-commerce,"Store Manager professionals retail professionals manage stores, products, customer experience and online commerce operations. Digital roles combine merchandising, analytics, marketing and marketplace management.",Customer Service; Sales; Excel; E-commerce; Merchandising; Analytics; Communication,Bachelor's degree or relevant retail/business qualification; practical experience is valuable,Google E-commerce; Shopify courses; Digital Marketing; Retail Management,₹2.5–5.5 LPA entry-level; ₹7–18+ LPA experienced (Estimated),High,1. Learn fundamentals; 2. Build role-specific skills; 3. Complete projects or practical training; 4. Gain internship/entry-level experience; 5. Develop a specialization; 6. Move into senior or lead responsibilities,Store Manager; Junior Store Manager; Senior Store Manager; Store Manager Consultant,Senior Manager; Category Head; E-commerce Head; Retail Director,Not available
413,Retail Sales Executive,Retail & E-commerce,"Retail Sales Executive professionals retail professionals manage stores, products, customer experience and online commerce operations. Digital roles combine merchandising, analytics, marketing and marketplace management.",Customer Service; Sales; Excel; E-commerce; Merchandising; Analytics; Communication,Bachelor's degree or relevant retail/business qualification; practical experience is valuable,Google E-commerce; Shopify courses; Digital Marketing; Retail Management,₹2.5–5.5 LPA entry-level; ₹7–18+ LPA experienced (Estimated),High,1. Learn fundamentals; 2. Build role-specific skills; 3. Complete projects or practical training; 4. Gain internship/entry-level experience; 5. Develop a specialization; 6. Move into senior or lead responsibilities,Retail Sales Executive; Junior Retail Sales Executive; Senior Retail Sales Executive; Retail Sales Executive Consultant,Senior Manager; Category Head; E-commerce Head; Retail Director,Not available
414,Merchandiser,Retail & E-commerce,"Merchandiser professionals retail professionals manage stores, products, customer experience and online commerce operations. Digital roles combine merchandising, analytics, marketing and marketplace management.",Customer Service; Sales; Excel; E-commerce; Merchandising; Analytics; Communication,Bachelor's degree or relevant retail/business qualification; practical experience is valuable,Google E-commerce; Shopify courses; Digital Marketing; Retail Management,₹2.5–5.5 LPA entry-level; ₹7–18+ LPA experienced (Estimated),High,1. Learn fundamentals; 2. Build role-specific skills; 3. Complete projects or practical training; 4. Gain internship/entry-level experience; 5. Develop a specialization; 6. Move into senior or lead responsibilities,Merchandiser; Junior Merchandiser; Senior Merchandiser; Merchandiser Consultant,Senior Manager; Category Head; E-commerce Head; Retail Director,Not available
415,Visual Merchandiser,Retail & E-commerce,"Visual Merchandiser professionals retail professionals manage stores, products, customer experience and online commerce operations. Digital roles combine merchandising, analytics, marketing and marketplace management.",Customer Service; Sales; Excel; E-commerce; Merchandising; Analytics; Communication,Bachelor's degree or relevant retail/business qualification; practical experience is valuable,Google E-commerce; Shopify courses; Digital Marketing; Retail Management,₹2.5–5.5 LPA entry-level; ₹7–18+ LPA experienced (Estimated),High,1. Learn fundamentals; 2. Build role-specific skills; 3. Complete projects or practical training; 4. Gain internship/entry-level experience; 5. Develop a specialization; 6. Move into senior or lead responsibilities,Visual Merchandiser; Junior Visual Merchandiser; Senior Visual Merchandiser; Visual Merchandiser Consultant,Senior Manager; Category Head; E-commerce Head; Retail Director,Not available
416,E-commerce Manager,Retail & E-commerce,"E-commerce Manager professionals retail professionals manage stores, products, customer experience and online commerce operations. Digital roles combine merchandising, analytics, marketing and marketplace management.",Customer Service; Sales; Excel; E-commerce; Merchandising; Analytics; Communication,Bachelor's degree or relevant retail/business qualification; practical experience is valuable,Google E-commerce; Shopify courses; Digital Marketing; Retail Management,₹2.5–5.5 LPA entry-level; ₹7–18+ LPA experienced (Estimated),High,1. Learn fundamentals; 2. Build role-specific skills; 3. Complete projects or practical training; 4. Gain internship/entry-level experience; 5. Develop a specialization; 6. Move into senior or lead responsibilities,E-commerce Manager; Junior E-commerce Manager; Senior E-commerce Manager; E-commerce Manager Consultant,Senior Manager; Category Head; E-commerce Head; Retail Director,Not available
417,E-commerce Executive,Retail & E-commerce,"E-commerce Executive professionals retail professionals manage stores, products, customer experience and online commerce operations. Digital roles combine merchandising, analytics, marketing and marketplace management.",Customer Service; Sales; Excel; E-commerce; Merchandising; Analytics; Communication,Bachelor's degree or relevant retail/business qualification; practical experience is valuable,Google E-commerce; Shopify courses; Digital Marketing; Retail Management,₹2.5–5.5 LPA entry-level; ₹7–18+ LPA experienced (Estimated),High,1. Learn fundamentals; 2. Build role-specific skills; 3. Complete projects or practical training; 4. Gain internship/entry-level experience; 5. Develop a specialization; 6. Move into senior or lead responsibilities,E-commerce Executive; Junior E-commerce Executive; Senior E-commerce Executive; E-commerce Executive Consultant,Senior Manager; Category Head; E-commerce Head; Retail Director,Not available
418,Marketplace Manager,Retail & E-commerce,"Marketplace Manager professionals retail professionals manage stores, products, customer experience and online commerce operations. Digital roles combine merchandising, analytics, marketing and marketplace management.",Customer Service; Sales; Excel; E-commerce; Merchandising; Analytics; Communication,Bachelor's degree or relevant retail/business qualification; practical experience is valuable,Google E-commerce; Shopify courses; Digital Marketing; Retail Management,₹2.5–5.5 LPA entry-level; ₹7–18+ LPA experienced (Estimated),High,1. Learn fundamentals; 2. Build role-specific skills; 3. Complete projects or practical training; 4. Gain internship/entry-level experience; 5. Develop a specialization; 6. Move into senior or lead responsibilities,Marketplace Manager; Junior Marketplace Manager; Senior Marketplace Manager; Marketplace Manager Consultant,Senior Manager; Category Head; E-commerce Head; Retail Director,Not available
419,Category Manager,Retail & E-commerce,"Category Manager professionals retail professionals manage stores, products, customer experience and online commerce operations. Digital roles combine merchandising, analytics, marketing and marketplace management.",Customer Service; Sales; Excel; E-commerce; Merchandising; Analytics; Communication,Bachelor's degree or relevant retail/business qualification; practical experience is valuable,Google E-commerce; Shopify courses; Digital Marketing; Retail Management,₹2.5–5.5 LPA entry-level; ₹7–18+ LPA experienced (Estimated),High,1. Learn fundamentals; 2. Build role-specific skills; 3. Complete projects or practical training; 4. Gain internship/entry-level experience; 5. Develop a specialization; 6. Move into senior or lead responsibilities,Category Manager; Junior Category Manager; Senior Category Manager; Category Manager Consultant,Senior Manager; Category Head; E-commerce Head; Retail Director,Not available
420,Retail Buyer,Retail & E-commerce,"Retail Buyer professionals retail professionals manage stores, products, customer experience and online commerce operations. Digital roles combine merchandising, analytics, marketing and marketplace management.",Customer Service; Sales; Excel; E-commerce; Merchandising; Analytics; Communication,Bachelor's degree or relevant retail/business qualification; practical experience is valuable,Google E-commerce; Shopify courses; Digital Marketing; Retail Management,₹2.5–5.5 LPA entry-level; ₹7–18+ LPA experienced (Estimated),High,1. Learn fundamentals; 2. Build role-specific skills; 3. Complete projects or practical training; 4. Gain internship/entry-level experience; 5. Develop a specialization; 6. Move into senior or lead responsibilities,Retail Buyer; Junior Retail Buyer; Senior Retail Buyer; Retail Buyer Consultant,Senior Manager; Category Head; E-commerce Head; Retail Director,Not available
421,Customer Experience Manager,Retail & E-commerce,"Customer Experience Manager professionals retail professionals manage stores, products, customer experience and online commerce operations. Digital roles combine merchandising, analytics, marketing and marketplace management.",Customer Service; Sales; Excel; E-commerce; Merchandising; Analytics; Communication,Bachelor's degree or relevant retail/business qualification; practical experience is valuable,Google E-commerce; Shopify courses; Digital Marketing; Retail Management,₹2.5–5.5 LPA entry-level; ₹7–18+ LPA experienced (Estimated),High,1. Learn fundamentals; 2. Build role-specific skills; 3. Complete projects or practical training; 4. Gain internship/entry-level experience; 5. Develop a specialization; 6. Move into senior or lead responsibilities,Customer Experience Manager; Junior Customer Experience Manager; Senior Customer Experience Manager; Customer Experience Manager Consultant,Senior Manager; Category Head; E-commerce Head; Retail Director,Not available
422,Retail Operations Analyst,Retail & E-commerce,"Retail Operations Analyst professionals retail professionals manage stores, products, customer experience and online commerce operations. Digital roles combine merchandising, analytics, marketing and marketplace management.",Customer Service; Sales; Excel; E-commerce; Merchandising; Analytics; Communication,Bachelor's degree or relevant retail/business qualification; practical experience is valuable,Google E-commerce; Shopify courses; Digital Marketing; Retail Management,₹2.5–5.5 LPA entry-level; ₹7–18+ LPA experienced (Estimated),High,1. Learn fundamentals; 2. Build role-specific skills; 3. Complete projects or practical training; 4. Gain internship/entry-level experience; 5. Develop a specialization; 6. Move into senior or lead responsibilities,Retail Operations Analyst; Junior Retail Operations Analyst; Senior Retail Operations Analyst; Retail Operations Analyst Consultant,Senior Manager; Category Head; E-commerce Head; Retail Director,Not available
423,Online Merchandising Specialist,Retail & E-commerce,"Online Merchandising Specialist professionals retail professionals manage stores, products, customer experience and online commerce operations. Digital roles combine merchandising, analytics, marketing and marketplace management.",Customer Service; Sales; Excel; E-commerce; Merchandising; Analytics; Communication,Bachelor's degree or relevant retail/business qualification; practical experience is valuable,Google E-commerce; Shopify courses; Digital Marketing; Retail Management,₹2.5–5.5 LPA entry-level; ₹7–18+ LPA experienced (Estimated),High,1. Learn fundamentals; 2. Build role-specific skills; 3. Complete projects or practical training; 4. Gain internship/entry-level experience; 5. Develop a specialization; 6. Move into senior or lead responsibilities,Online Merchandising Specialist; Junior Online Merchandising Specialist; Senior Online Merchandising Specialist; Online Merchandising Specialist Consultant,Senior Manager; Category Head; E-commerce Head; Retail Director,Not available
424,E-commerce Analyst,Retail & E-commerce,"E-commerce Analyst professionals retail professionals manage stores, products, customer experience and online commerce operations. Digital roles combine merchandising, analytics, marketing and marketplace management.",Customer Service; Sales; Excel; E-commerce; Merchandising; Analytics; Communication,Bachelor's degree or relevant retail/business qualification; practical experience is valuable,Google E-commerce; Shopify courses; Digital Marketing; Retail Management,₹2.5–5.5 LPA entry-level; ₹7–18+ LPA experienced (Estimated),High,1. Learn fundamentals; 2. Build role-specific skills; 3. Complete projects or practical training; 4. Gain internship/entry-level experience; 5. Develop a specialization; 6. Move into senior or lead responsibilities,E-commerce Analyst; Junior E-commerce Analyst; Senior E-commerce Analyst; E-commerce Analyst Consultant,Senior Manager; Category Head; E-commerce Head; Retail Director,Not available
425,Store Operations Manager,Retail & E-commerce,"Store Operations Manager professionals retail professionals manage stores, products, customer experience and online commerce operations. Digital roles combine merchandising, analytics, marketing and marketplace management.",Customer Service; Sales; Excel; E-commerce; Merchandising; Analytics; Communication,Bachelor's degree or relevant retail/business qualification; practical experience is valuable,Google E-commerce; Shopify courses; Digital Marketing; Retail Management,₹2.5–5.5 LPA entry-level; ₹7–18+ LPA experienced (Estimated),High,1. Learn fundamentals; 2. Build role-specific skills; 3. Complete projects or practical training; 4. Gain internship/entry-level experience; 5. Develop a specialization; 6. Move into senior or lead responsibilities,Store Operations Manager; Junior Store Operations Manager; Senior Store Operations Manager; Store Operations Manager Consultant,Senior Manager; Category Head; E-commerce Head; Retail Director,Not available
426,Real Estate Agent,Real Estate & Infrastructure,"Real Estate Agent professionals real-estate professionals support property transactions, development, leasing, investment and facility operations. Roles require market knowledge, communication and commercial analysis.",Property Analysis; Communication; Negotiation; Excel; Sales; Market Research; Documentation,"Bachelor's degree in business, commerce, real estate, civil engineering or related field",Real Estate Management; RERA training; Property Valuation; Project Management,₹2.5–6 LPA entry-level; ₹8–25+ LPA experienced (Estimated),High,1. Learn fundamentals; 2. Build role-specific skills; 3. Complete projects or practical training; 4. Gain internship/entry-level experience; 5. Develop a specialization; 6. Move into senior or lead responsibilities,Real Estate Agent; Junior Real Estate Agent; Senior Real Estate Agent; Real Estate Agent Consultant,Senior Consultant; Project Manager; Development Manager; Real Estate Director,Not available
427,Real Estate Consultant,Real Estate & Infrastructure,"Real Estate Consultant professionals real-estate professionals support property transactions, development, leasing, investment and facility operations. Roles require market knowledge, communication and commercial analysis.",Property Analysis; Communication; Negotiation; Excel; Sales; Market Research; Documentation,"Bachelor's degree in business, commerce, real estate, civil engineering or related field",Real Estate Management; RERA training; Property Valuation; Project Management,₹2.5–6 LPA entry-level; ₹8–25+ LPA experienced (Estimated),High,1. Learn fundamentals; 2. Build role-specific skills; 3. Complete projects or practical training; 4. Gain internship/entry-level experience; 5. Develop a specialization; 6. Move into senior or lead responsibilities,Real Estate Consultant; Junior Real Estate Consultant; Senior Real Estate Consultant; Real Estate Consultant Consultant,Senior Consultant; Project Manager; Development Manager; Real Estate Director,Not available
428,Property Manager,Real Estate & Infrastructure,"Property Manager professionals real-estate professionals support property transactions, development, leasing, investment and facility operations. Roles require market knowledge, communication and commercial analysis.",Property Analysis; Communication; Negotiation; Excel; Sales; Market Research; Documentation,"Bachelor's degree in business, commerce, real estate, civil engineering or related field",Real Estate Management; RERA training; Property Valuation; Project Management,₹2.5–6 LPA entry-level; ₹8–25+ LPA experienced (Estimated),High,1. Learn fundamentals; 2. Build role-specific skills; 3. Complete projects or practical training; 4. Gain internship/entry-level experience; 5. Develop a specialization; 6. Move into senior or lead responsibilities,Property Manager; Junior Property Manager; Senior Property Manager; Property Manager Consultant,Senior Consultant; Project Manager; Development Manager; Real Estate Director,Not available
429,Real Estate Analyst,Real Estate & Infrastructure,"Real Estate Analyst professionals real-estate professionals support property transactions, development, leasing, investment and facility operations. Roles require market knowledge, communication and commercial analysis.",Property Analysis; Communication; Negotiation; Excel; Sales; Market Research; Documentation,"Bachelor's degree in business, commerce, real estate, civil engineering or related field",Real Estate Management; RERA training; Property Valuation; Project Management,₹2.5–6 LPA entry-level; ₹8–25+ LPA experienced (Estimated),High,1. Learn fundamentals; 2. Build role-specific skills; 3. Complete projects or practical training; 4. Gain internship/entry-level experience; 5. Develop a specialization; 6. Move into senior or lead responsibilities,Real Estate Analyst; Junior Real Estate Analyst; Senior Real Estate Analyst; Real Estate Analyst Consultant,Senior Consultant; Project Manager; Development Manager; Real Estate Director,Not available
430,Real Estate Valuer,Real Estate & Infrastructure,"Real Estate Valuer professionals real-estate professionals support property transactions, development, leasing, investment and facility operations. Roles require market knowledge, communication and commercial analysis.",Property Analysis; Communication; Negotiation; Excel; Sales; Market Research; Documentation,"Bachelor's degree in business, commerce, real estate, civil engineering or related field",Real Estate Management; RERA training; Property Valuation; Project Management,₹2.5–6 LPA entry-level; ₹8–25+ LPA experienced (Estimated),High,1. Learn fundamentals; 2. Build role-specific skills; 3. Complete projects or practical training; 4. Gain internship/entry-level experience; 5. Develop a specialization; 6. Move into senior or lead responsibilities,Real Estate Valuer; Junior Real Estate Valuer; Senior Real Estate Valuer; Real Estate Valuer Consultant,Senior Consultant; Project Manager; Development Manager; Real Estate Director,Not available
431,Leasing Manager,Real Estate & Infrastructure,"Leasing Manager professionals real-estate professionals support property transactions, development, leasing, investment and facility operations. Roles require market knowledge, communication and commercial analysis.",Property Analysis; Communication; Negotiation; Excel; Sales; Market Research; Documentation,"Bachelor's degree in business, commerce, real estate, civil engineering or related field",Real Estate Management; RERA training; Property Valuation; Project Management,₹2.5–6 LPA entry-level; ₹8–25+ LPA experienced (Estimated),High,1. Learn fundamentals; 2. Build role-specific skills; 3. Complete projects or practical training; 4. Gain internship/entry-level experience; 5. Develop a specialization; 6. Move into senior or lead responsibilities,Leasing Manager; Junior Leasing Manager; Senior Leasing Manager; Leasing Manager Consultant,Senior Consultant; Project Manager; Development Manager; Real Estate Director,Not available
432,Facility Manager,Real Estate & Infrastructure,"Facility Manager professionals real-estate professionals support property transactions, development, leasing, investment and facility operations. Roles require market knowledge, communication and commercial analysis.",Property Analysis; Communication; Negotiation; Excel; Sales; Market Research; Documentation,"Bachelor's degree in business, commerce, real estate, civil engineering or related field",Real Estate Management; RERA training; Property Valuation; Project Management,₹2.5–6 LPA entry-level; ₹8–25+ LPA experienced (Estimated),High,1. Learn fundamentals; 2. Build role-specific skills; 3. Complete projects or practical training; 4. Gain internship/entry-level experience; 5. Develop a specialization; 6. Move into senior or lead responsibilities,Facility Manager; Junior Facility Manager; Senior Facility Manager; Facility Manager Consultant,Senior Consultant; Project Manager; Development Manager; Real Estate Director,Not available
433,Infrastructure Analyst,Real Estate & Infrastructure,"Infrastructure Analyst professionals real-estate professionals support property transactions, development, leasing, investment and facility operations. Roles require market knowledge, communication and commercial analysis.",Property Analysis; Communication; Negotiation; Excel; Sales; Market Research; Documentation,"Bachelor's degree in business, commerce, real estate, civil engineering or related field",Real Estate Management; RERA training; Property Valuation; Project Management,₹2.5–6 LPA entry-level; ₹8–25+ LPA experienced (Estimated),High,1. Learn fundamentals; 2. Build role-specific skills; 3. Complete projects or practical training; 4. Gain internship/entry-level experience; 5. Develop a specialization; 6. Move into senior or lead responsibilities,Infrastructure Analyst; Junior Infrastructure Analyst; Senior Infrastructure Analyst; Infrastructure Analyst Consultant,Senior Consultant; Project Manager; Development Manager; Real Estate Director,Not available
434,Property Administrator,Real Estate & Infrastructure,"Property Administrator professionals real-estate professionals support property transactions, development, leasing, investment and facility operations. Roles require market knowledge, communication and commercial analysis.",Property Analysis; Communication; Negotiation; Excel; Sales; Market Research; Documentation,"Bachelor's degree in business, commerce, real estate, civil engineering or related field",Real Estate Management; RERA training; Property Valuation; Project Management,₹2.5–6 LPA entry-level; ₹8–25+ LPA experienced (Estimated),High,1. Learn fundamentals; 2. Build role-specific skills; 3. Complete projects or practical training; 4. Gain internship/entry-level experience; 5. Develop a specialization; 6. Move into senior or lead responsibilities,Property Administrator; Junior Property Administrator; Senior Property Administrator; Property Administrator Consultant,Senior Consultant; Project Manager; Development Manager; Real Estate Director,Not available
435,Real Estate Investment Analyst,Real Estate & Infrastructure,"Real Estate Investment Analyst professionals real-estate professionals support property transactions, development, leasing, investment and facility operations. Roles require market knowledge, communication and commercial analysis.",Property Analysis; Communication; Negotiation; Excel; Sales; Market Research; Documentation,"Bachelor's degree in business, commerce, real estate, civil engineering or related field",Real Estate Management; RERA training; Property Valuation; Project Management,₹2.5–6 LPA entry-level; ₹8–25+ LPA experienced (Estimated),High,1. Learn fundamentals; 2. Build role-specific skills; 3. Complete projects or practical training; 4. Gain internship/entry-level experience; 5. Develop a specialization; 6. Move into senior or lead responsibilities,Real Estate Investment Analyst; Junior Real Estate Investment Analyst; Senior Real Estate Investment Analyst; Real Estate Investment Analyst Consultant,Senior Consultant; Project Manager; Development Manager; Real Estate Director,Not available
436,Construction Project Manager,Real Estate & Infrastructure,"Construction Project Manager professionals real-estate professionals support property transactions, development, leasing, investment and facility operations. Roles require market knowledge, communication and commercial analysis.",Property Analysis; Communication; Negotiation; Excel; Sales; Market Research; Documentation,"Bachelor's degree in business, commerce, real estate, civil engineering or related field",Real Estate Management; RERA training; Property Valuation; Project Management,₹2.5–6 LPA entry-level; ₹8–25+ LPA experienced (Estimated),High,1. Learn fundamentals; 2. Build role-specific skills; 3. Complete projects or practical training; 4. Gain internship/entry-level experience; 5. Develop a specialization; 6. Move into senior or lead responsibilities,Construction Project Manager; Junior Construction Project Manager; Senior Construction Project Manager; Construction Project Manager Consultant,Senior Consultant; Project Manager; Development Manager; Real Estate Director,Not available
437,Facilities Coordinator,Real Estate & Infrastructure,"Facilities Coordinator professionals real-estate professionals support property transactions, development, leasing, investment and facility operations. Roles require market knowledge, communication and commercial analysis.",Property Analysis; Communication; Negotiation; Excel; Sales; Market Research; Documentation,"Bachelor's degree in business, commerce, real estate, civil engineering or related field",Real Estate Management; RERA training; Property Valuation; Project Management,₹2.5–6 LPA entry-level; ₹8–25+ LPA experienced (Estimated),High,1. Learn fundamentals; 2. Build role-specific skills; 3. Complete projects or practical training; 4. Gain internship/entry-level experience; 5. Develop a specialization; 6. Move into senior or lead responsibilities,Facilities Coordinator; Junior Facilities Coordinator; Senior Facilities Coordinator; Facilities Coordinator Consultant,Senior Consultant; Project Manager; Development Manager; Real Estate Director,Not available
438,Asset Manager,Real Estate & Infrastructure,"Asset Manager professionals real-estate professionals support property transactions, development, leasing, investment and facility operations. Roles require market knowledge, communication and commercial analysis.",Property Analysis; Communication; Negotiation; Excel; Sales; Market Research; Documentation,"Bachelor's degree in business, commerce, real estate, civil engineering or related field",Real Estate Management; RERA training; Property Valuation; Project Management,₹2.5–6 LPA entry-level; ₹8–25+ LPA experienced (Estimated),High,1. Learn fundamentals; 2. Build role-specific skills; 3. Complete projects or practical training; 4. Gain internship/entry-level experience; 5. Develop a specialization; 6. Move into senior or lead responsibilities,Asset Manager; Junior Asset Manager; Senior Asset Manager; Asset Manager Consultant,Senior Consultant; Project Manager; Development Manager; Real Estate Director,Not available
439,Urban Development Consultant,Real Estate & Infrastructure,"Urban Development Consultant professionals real-estate professionals support property transactions, development, leasing, investment and facility operations. Roles require market knowledge, communication and commercial analysis.",Property Analysis; Communication; Negotiation; Excel; Sales; Market Research; Documentation,"Bachelor's degree in business, commerce, real estate, civil engineering or related field",Real Estate Management; RERA training; Property Valuation; Project Management,₹2.5–6 LPA entry-level; ₹8–25+ LPA experienced (Estimated),High,1. Learn fundamentals; 2. Build role-specific skills; 3. Complete projects or practical training; 4. Gain internship/entry-level experience; 5. Develop a specialization; 6. Move into senior or lead responsibilities,Urban Development Consultant; Junior Urban Development Consultant; Senior Urban Development Consultant; Urban Development Consultant Consultant,Senior Consultant; Project Manager; Development Manager; Real Estate Director,Not available
440,Property Development Manager,Real Estate & Infrastructure,"Property Development Manager professionals real-estate professionals support property transactions, development, leasing, investment and facility operations. Roles require market knowledge, communication and commercial analysis.",Property Analysis; Communication; Negotiation; Excel; Sales; Market Research; Documentation,"Bachelor's degree in business, commerce, real estate, civil engineering or related field",Real Estate Management; RERA training; Property Valuation; Project Management,₹2.5–6 LPA entry-level; ₹8–25+ LPA experienced (Estimated),High,1. Learn fundamentals; 2. Build role-specific skills; 3. Complete projects or practical training; 4. Gain internship/entry-level experience; 5. Develop a specialization; 6. Move into senior or lead responsibilities,Property Development Manager; Junior Property Development Manager; Senior Property Development Manager; Property Development Manager Consultant,Senior Consultant; Project Manager; Development Manager; Real Estate Director,Not available
441,Social Worker,Social Work & NGO,"Social Worker professionals social-sector professionals support communities, development programs and nonprofit operations. Work includes program delivery, outreach, fundraising, monitoring and social research.",Communication; Community Engagement; Project Management; Research; Report Writing; Fundraising; Empathy,BSW/MSW or relevant bachelor's/master's degree depending on role,Project Management; Monitoring & Evaluation; Fundraising; Development Studies,₹2.5–5 LPA entry-level; ₹6–15+ LPA experienced (Estimated),Medium,1. Learn fundamentals; 2. Build role-specific skills; 3. Complete projects or practical training; 4. Gain internship/entry-level experience; 5. Develop a specialization; 6. Move into senior or lead responsibilities,Social Worker; Junior Social Worker; Senior Social Worker; Social Worker Consultant,Program Manager; Project Director; Regional Lead; NGO Director,Not available
442,Community Development Officer,Social Work & NGO,"Community Development Officer professionals social-sector professionals support communities, development programs and nonprofit operations. Work includes program delivery, outreach, fundraising, monitoring and social research.",Communication; Community Engagement; Project Management; Research; Report Writing; Fundraising; Empathy,BSW/MSW or relevant bachelor's/master's degree depending on role,Project Management; Monitoring & Evaluation; Fundraising; Development Studies,₹2.5–5 LPA entry-level; ₹6–15+ LPA experienced (Estimated),Medium,1. Learn fundamentals; 2. Build role-specific skills; 3. Complete projects or practical training; 4. Gain internship/entry-level experience; 5. Develop a specialization; 6. Move into senior or lead responsibilities,Community Development Officer; Junior Community Development Officer; Senior Community Development Officer; Community Development Officer Consultant,Program Manager; Project Director; Regional Lead; NGO Director,Not available
443,NGO Program Coordinator,Social Work & NGO,"NGO Program Coordinator professionals social-sector professionals support communities, development programs and nonprofit operations. Work includes program delivery, outreach, fundraising, monitoring and social research.",Communication; Community Engagement; Project Management; Research; Report Writing; Fundraising; Empathy,BSW/MSW or relevant bachelor's/master's degree depending on role,Project Management; Monitoring & Evaluation; Fundraising; Development Studies,₹2.5–5 LPA entry-level; ₹6–15+ LPA experienced (Estimated),Medium,1. Learn fundamentals; 2. Build role-specific skills; 3. Complete projects or practical training; 4. Gain internship/entry-level experience; 5. Develop a specialization; 6. Move into senior or lead responsibilities,NGO Program Coordinator; Junior NGO Program Coordinator; Senior NGO Program Coordinator; NGO Program Coordinator Consultant,Program Manager; Project Director; Regional Lead; NGO Director,Not available
444,NGO Project Manager,Social Work & NGO,"NGO Project Manager professionals social-sector professionals support communities, development programs and nonprofit operations. Work includes program delivery, outreach, fundraising, monitoring and social research.",Communication; Community Engagement; Project Management; Research; Report Writing; Fundraising; Empathy,BSW/MSW or relevant bachelor's/master's degree depending on role,Project Management; Monitoring & Evaluation; Fundraising; Development Studies,₹2.5–5 LPA entry-level; ₹6–15+ LPA experienced (Estimated),Medium,1. Learn fundamentals; 2. Build role-specific skills; 3. Complete projects or practical training; 4. Gain internship/entry-level experience; 5. Develop a specialization; 6. Move into senior or lead responsibilities,NGO Project Manager; Junior NGO Project Manager; Senior NGO Project Manager; NGO Project Manager Consultant,Program Manager; Project Director; Regional Lead; NGO Director,Not available
445,Fundraising Manager,Social Work & NGO,"Fundraising Manager professionals social-sector professionals support communities, development programs and nonprofit operations. Work includes program delivery, outreach, fundraising, monitoring and social research.",Communication; Community Engagement; Project Management; Research; Report Writing; Fundraising; Empathy,BSW/MSW or relevant bachelor's/master's degree depending on role,Project Management; Monitoring & Evaluation; Fundraising; Development Studies,₹2.5–5 LPA entry-level; ₹6–15+ LPA experienced (Estimated),Medium,1. Learn fundamentals; 2. Build role-specific skills; 3. Complete projects or practical training; 4. Gain internship/entry-level experience; 5. Develop a specialization; 6. Move into senior or lead responsibilities,Fundraising Manager; Junior Fundraising Manager; Senior Fundraising Manager; Fundraising Manager Consultant,Program Manager; Project Director; Regional Lead; NGO Director,Not available
446,CSR Executive,Social Work & NGO,"CSR Executive professionals social-sector professionals support communities, development programs and nonprofit operations. Work includes program delivery, outreach, fundraising, monitoring and social research.",Communication; Community Engagement; Project Management; Research; Report Writing; Fundraising; Empathy,BSW/MSW or relevant bachelor's/master's degree depending on role,Project Management; Monitoring & Evaluation; Fundraising; Development Studies,₹2.5–5 LPA entry-level; ₹6–15+ LPA experienced (Estimated),Medium,1. Learn fundamentals; 2. Build role-specific skills; 3. Complete projects or practical training; 4. Gain internship/entry-level experience; 5. Develop a specialization; 6. Move into senior or lead responsibilities,CSR Executive; Junior CSR Executive; Senior CSR Executive; CSR Executive Consultant,Program Manager; Project Director; Regional Lead; NGO Director,Not available
447,CSR Manager,Social Work & NGO,"CSR Manager professionals social-sector professionals support communities, development programs and nonprofit operations. Work includes program delivery, outreach, fundraising, monitoring and social research.",Communication; Community Engagement; Project Management; Research; Report Writing; Fundraising; Empathy,BSW/MSW or relevant bachelor's/master's degree depending on role,Project Management; Monitoring & Evaluation; Fundraising; Development Studies,₹2.5–5 LPA entry-level; ₹6–15+ LPA experienced (Estimated),Medium,1. Learn fundamentals; 2. Build role-specific skills; 3. Complete projects or practical training; 4. Gain internship/entry-level experience; 5. Develop a specialization; 6. Move into senior or lead responsibilities,CSR Manager; Junior CSR Manager; Senior CSR Manager; CSR Manager Consultant,Program Manager; Project Director; Regional Lead; NGO Director,Not available
448,Development Consultant,Social Work & NGO,"Development Consultant professionals social-sector professionals support communities, development programs and nonprofit operations. Work includes program delivery, outreach, fundraising, monitoring and social research.",Communication; Community Engagement; Project Management; Research; Report Writing; Fundraising; Empathy,BSW/MSW or relevant bachelor's/master's degree depending on role,Project Management; Monitoring & Evaluation; Fundraising; Development Studies,₹2.5–5 LPA entry-level; ₹6–15+ LPA experienced (Estimated),Medium,1. Learn fundamentals; 2. Build role-specific skills; 3. Complete projects or practical training; 4. Gain internship/entry-level experience; 5. Develop a specialization; 6. Move into senior or lead responsibilities,Development Consultant; Junior Development Consultant; Senior Development Consultant; Development Consultant Consultant,Program Manager; Project Director; Regional Lead; NGO Director,Not available
449,Community Outreach Coordinator,Social Work & NGO,"Community Outreach Coordinator professionals social-sector professionals support communities, development programs and nonprofit operations. Work includes program delivery, outreach, fundraising, monitoring and social research.",Communication; Community Engagement; Project Management; Research; Report Writing; Fundraising; Empathy,BSW/MSW or relevant bachelor's/master's degree depending on role,Project Management; Monitoring & Evaluation; Fundraising; Development Studies,₹2.5–5 LPA entry-level; ₹6–15+ LPA experienced (Estimated),Medium,1. Learn fundamentals; 2. Build role-specific skills; 3. Complete projects or practical training; 4. Gain internship/entry-level experience; 5. Develop a specialization; 6. Move into senior or lead responsibilities,Community Outreach Coordinator; Junior Community Outreach Coordinator; Senior Community Outreach Coordinator; Community Outreach Coordinator Consultant,Program Manager; Project Director; Regional Lead; NGO Director,Not available
450,Program Monitoring Officer,Social Work & NGO,"Program Monitoring Officer professionals social-sector professionals support communities, development programs and nonprofit operations. Work includes program delivery, outreach, fundraising, monitoring and social research.",Communication; Community Engagement; Project Management; Research; Report Writing; Fundraising; Empathy,BSW/MSW or relevant bachelor's/master's degree depending on role,Project Management; Monitoring & Evaluation; Fundraising; Development Studies,₹2.5–5 LPA entry-level; ₹6–15+ LPA experienced (Estimated),Medium,1. Learn fundamentals; 2. Build role-specific skills; 3. Complete projects or practical training; 4. Gain internship/entry-level experience; 5. Develop a specialization; 6. Move into senior or lead responsibilities,Program Monitoring Officer; Junior Program Monitoring Officer; Senior Program Monitoring Officer; Program Monitoring Officer Consultant,Program Manager; Project Director; Regional Lead; NGO Director,Not available
451,Social Researcher,Social Work & NGO,"Social Researcher professionals social-sector professionals support communities, development programs and nonprofit operations. Work includes program delivery, outreach, fundraising, monitoring and social research.",Communication; Community Engagement; Project Management; Research; Report Writing; Fundraising; Empathy,BSW/MSW or relevant bachelor's/master's degree depending on role,Project Management; Monitoring & Evaluation; Fundraising; Development Studies,₹2.5–5 LPA entry-level; ₹6–15+ LPA experienced (Estimated),Medium,1. Learn fundamentals; 2. Build role-specific skills; 3. Complete projects or practical training; 4. Gain internship/entry-level experience; 5. Develop a specialization; 6. Move into senior or lead responsibilities,Social Researcher; Junior Social Researcher; Senior Social Researcher; Social Researcher Consultant,Program Manager; Project Director; Regional Lead; NGO Director,Not available
452,Humanitarian Aid Worker,Social Work & NGO,"Humanitarian Aid Worker professionals social-sector professionals support communities, development programs and nonprofit operations. Work includes program delivery, outreach, fundraising, monitoring and social research.",Communication; Community Engagement; Project Management; Research; Report Writing; Fundraising; Empathy,BSW/MSW or relevant bachelor's/master's degree depending on role,Project Management; Monitoring & Evaluation; Fundraising; Development Studies,₹2.5–5 LPA entry-level; ₹6–15+ LPA experienced (Estimated),Medium,1. Learn fundamentals; 2. Build role-specific skills; 3. Complete projects or practical training; 4. Gain internship/entry-level experience; 5. Develop a specialization; 6. Move into senior or lead responsibilities,Humanitarian Aid Worker; Junior Humanitarian Aid Worker; Senior Humanitarian Aid Worker; Humanitarian Aid Worker Consultant,Program Manager; Project Director; Regional Lead; NGO Director,Not available
453,Child Protection Officer,Social Work & NGO,"Child Protection Officer professionals social-sector professionals support communities, development programs and nonprofit operations. Work includes program delivery, outreach, fundraising, monitoring and social research.",Communication; Community Engagement; Project Management; Research; Report Writing; Fundraising; Empathy,BSW/MSW or relevant bachelor's/master's degree depending on role,Project Management; Monitoring & Evaluation; Fundraising; Development Studies,₹2.5–5 LPA entry-level; ₹6–15+ LPA experienced (Estimated),Medium,1. Learn fundamentals; 2. Build role-specific skills; 3. Complete projects or practical training; 4. Gain internship/entry-level experience; 5. Develop a specialization; 6. Move into senior or lead responsibilities,Child Protection Officer; Junior Child Protection Officer; Senior Child Protection Officer; Child Protection Officer Consultant,Program Manager; Project Director; Regional Lead; NGO Director,Not available
454,Gender Program Officer,Social Work & NGO,"Gender Program Officer professionals social-sector professionals support communities, development programs and nonprofit operations. Work includes program delivery, outreach, fundraising, monitoring and social research.",Communication; Community Engagement; Project Management; Research; Report Writing; Fundraising; Empathy,BSW/MSW or relevant bachelor's/master's degree depending on role,Project Management; Monitoring & Evaluation; Fundraising; Development Studies,₹2.5–5 LPA entry-level; ₹6–15+ LPA experienced (Estimated),Medium,1. Learn fundamentals; 2. Build role-specific skills; 3. Complete projects or practical training; 4. Gain internship/entry-level experience; 5. Develop a specialization; 6. Move into senior or lead responsibilities,Gender Program Officer; Junior Gender Program Officer; Senior Gender Program Officer; Gender Program Officer Consultant,Program Manager; Project Director; Regional Lead; NGO Director,Not available
455,Volunteer Coordinator,Social Work & NGO,"Volunteer Coordinator professionals social-sector professionals support communities, development programs and nonprofit operations. Work includes program delivery, outreach, fundraising, monitoring and social research.",Communication; Community Engagement; Project Management; Research; Report Writing; Fundraising; Empathy,BSW/MSW or relevant bachelor's/master's degree depending on role,Project Management; Monitoring & Evaluation; Fundraising; Development Studies,₹2.5–5 LPA entry-level; ₹6–15+ LPA experienced (Estimated),Medium,1. Learn fundamentals; 2. Build role-specific skills; 3. Complete projects or practical training; 4. Gain internship/entry-level experience; 5. Develop a specialization; 6. Move into senior or lead responsibilities,Volunteer Coordinator; Junior Volunteer Coordinator; Senior Volunteer Coordinator; Volunteer Coordinator Consultant,Program Manager; Project Director; Regional Lead; NGO Director,Not available
456,Fashion Designer,"Beauty, Fashion & Lifestyle","Fashion Designer professionals lifestyle professionals work in fashion, beauty, styling, design and personal image services. Careers are portfolio- and client-oriented, with opportunities in brands and independent work.",Creativity; Styling; Visual Communication; Trend Research; Client Management; Design; Social Media,"Diploma/degree in fashion, beauty, design or relevant practical training; portfolio is important",Fashion Design; Styling; Makeup Certification; Fashion Merchandising,₹2–5 LPA entry-level; ₹7–20+ LPA experienced (Estimated),Medium,1. Learn fundamentals; 2. Build role-specific skills; 3. Complete projects or practical training; 4. Gain internship/entry-level experience; 5. Develop a specialization; 6. Move into senior or lead responsibilities,Fashion Designer; Junior Fashion Designer; Senior Fashion Designer; Fashion Designer Consultant,Senior Designer/Stylist; Brand Manager; Creative Head; Business Owner,Not available
457,Fashion Stylist,"Beauty, Fashion & Lifestyle","Fashion Stylist professionals lifestyle professionals work in fashion, beauty, styling, design and personal image services. Careers are portfolio- and client-oriented, with opportunities in brands and independent work.",Creativity; Styling; Visual Communication; Trend Research; Client Management; Design; Social Media,"Diploma/degree in fashion, beauty, design or relevant practical training; portfolio is important",Fashion Design; Styling; Makeup Certification; Fashion Merchandising,₹2–5 LPA entry-level; ₹7–20+ LPA experienced (Estimated),Medium,1. Learn fundamentals; 2. Build role-specific skills; 3. Complete projects or practical training; 4. Gain internship/entry-level experience; 5. Develop a specialization; 6. Move into senior or lead responsibilities,Fashion Stylist; Junior Fashion Stylist; Senior Fashion Stylist; Fashion Stylist Consultant,Senior Designer/Stylist; Brand Manager; Creative Head; Business Owner,Not available
458,Fashion Merchandiser,"Beauty, Fashion & Lifestyle","Fashion Merchandiser professionals lifestyle professionals work in fashion, beauty, styling, design and personal image services. Careers are portfolio- and client-oriented, with opportunities in brands and independent work.",Creativity; Styling; Visual Communication; Trend Research; Client Management; Design; Social Media,"Diploma/degree in fashion, beauty, design or relevant practical training; portfolio is important",Fashion Design; Styling; Makeup Certification; Fashion Merchandising,₹2–5 LPA entry-level; ₹7–20+ LPA experienced (Estimated),Medium,1. Learn fundamentals; 2. Build role-specific skills; 3. Complete projects or practical training; 4. Gain internship/entry-level experience; 5. Develop a specialization; 6. Move into senior or lead responsibilities,Fashion Merchandiser; Junior Fashion Merchandiser; Senior Fashion Merchandiser; Fashion Merchandiser Consultant,Senior Designer/Stylist; Brand Manager; Creative Head; Business Owner,Not available
459,Textile Designer,"Beauty, Fashion & Lifestyle","Textile Designer professionals lifestyle professionals work in fashion, beauty, styling, design and personal image services. Careers are portfolio- and client-oriented, with opportunities in brands and independent work.",Creativity; Styling; Visual Communication; Trend Research; Client Management; Design; Social Media,"Diploma/degree in fashion, beauty, design or relevant practical training; portfolio is important",Fashion Design; Styling; Makeup Certification; Fashion Merchandising,₹2–5 LPA entry-level; ₹7–20+ LPA experienced (Estimated),Medium,1. Learn fundamentals; 2. Build role-specific skills; 3. Complete projects or practical training; 4. Gain internship/entry-level experience; 5. Develop a specialization; 6. Move into senior or lead responsibilities,Textile Designer; Junior Textile Designer; Senior Textile Designer; Textile Designer Consultant,Senior Designer/Stylist; Brand Manager; Creative Head; Business Owner,Not available
460,Apparel Designer,"Beauty, Fashion & Lifestyle","Apparel Designer professionals lifestyle professionals work in fashion, beauty, styling, design and personal image services. Careers are portfolio- and client-oriented, with opportunities in brands and independent work.",Creativity; Styling; Visual Communication; Trend Research; Client Management; Design; Social Media,"Diploma/degree in fashion, beauty, design or relevant practical training; portfolio is important",Fashion Design; Styling; Makeup Certification; Fashion Merchandising,₹2–5 LPA entry-level; ₹7–20+ LPA experienced (Estimated),Medium,1. Learn fundamentals; 2. Build role-specific skills; 3. Complete projects or practical training; 4. Gain internship/entry-level experience; 5. Develop a specialization; 6. Move into senior or lead responsibilities,Apparel Designer; Junior Apparel Designer; Senior Apparel Designer; Apparel Designer Consultant,Senior Designer/Stylist; Brand Manager; Creative Head; Business Owner,Not available
461,Fashion Buyer,"Beauty, Fashion & Lifestyle","Fashion Buyer professionals lifestyle professionals work in fashion, beauty, styling, design and personal image services. Careers are portfolio- and client-oriented, with opportunities in brands and independent work.",Creativity; Styling; Visual Communication; Trend Research; Client Management; Design; Social Media,"Diploma/degree in fashion, beauty, design or relevant practical training; portfolio is important",Fashion Design; Styling; Makeup Certification; Fashion Merchandising,₹2–5 LPA entry-level; ₹7–20+ LPA experienced (Estimated),Medium,1. Learn fundamentals; 2. Build role-specific skills; 3. Complete projects or practical training; 4. Gain internship/entry-level experience; 5. Develop a specialization; 6. Move into senior or lead responsibilities,Fashion Buyer; Junior Fashion Buyer; Senior Fashion Buyer; Fashion Buyer Consultant,Senior Designer/Stylist; Brand Manager; Creative Head; Business Owner,Not available
462,Fashion Photographer,"Beauty, Fashion & Lifestyle","Fashion Photographer professionals lifestyle professionals work in fashion, beauty, styling, design and personal image services. Careers are portfolio- and client-oriented, with opportunities in brands and independent work.",Creativity; Styling; Visual Communication; Trend Research; Client Management; Design; Social Media,"Diploma/degree in fashion, beauty, design or relevant practical training; portfolio is important",Fashion Design; Styling; Makeup Certification; Fashion Merchandising,₹2–5 LPA entry-level; ₹7–20+ LPA experienced (Estimated),Medium,1. Learn fundamentals; 2. Build role-specific skills; 3. Complete projects or practical training; 4. Gain internship/entry-level experience; 5. Develop a specialization; 6. Move into senior or lead responsibilities,Fashion Photographer; Junior Fashion Photographer; Senior Fashion Photographer; Fashion Photographer Consultant,Senior Designer/Stylist; Brand Manager; Creative Head; Business Owner,Not available
463,Makeup Artist,"Beauty, Fashion & Lifestyle","Makeup Artist professionals lifestyle professionals work in fashion, beauty, styling, design and personal image services. Careers are portfolio- and client-oriented, with opportunities in brands and independent work.",Creativity; Styling; Visual Communication; Trend Research; Client Management; Design; Social Media,"Diploma/degree in fashion, beauty, design or relevant practical training; portfolio is important",Fashion Design; Styling; Makeup Certification; Fashion Merchandising,₹2–5 LPA entry-level; ₹7–20+ LPA experienced (Estimated),Medium,1. Learn fundamentals; 2. Build role-specific skills; 3. Complete projects or practical training; 4. Gain internship/entry-level experience; 5. Develop a specialization; 6. Move into senior or lead responsibilities,Makeup Artist; Junior Makeup Artist; Senior Makeup Artist; Makeup Artist Consultant,Senior Designer/Stylist; Brand Manager; Creative Head; Business Owner,Not available
464,Hair Stylist,"Beauty, Fashion & Lifestyle","Hair Stylist professionals lifestyle professionals work in fashion, beauty, styling, design and personal image services. Careers are portfolio- and client-oriented, with opportunities in brands and independent work.",Creativity; Styling; Visual Communication; Trend Research; Client Management; Design; Social Media,"Diploma/degree in fashion, beauty, design or relevant practical training; portfolio is important",Fashion Design; Styling; Makeup Certification; Fashion Merchandising,₹2–5 LPA entry-level; ₹7–20+ LPA experienced (Estimated),Medium,1. Learn fundamentals; 2. Build role-specific skills; 3. Complete projects or practical training; 4. Gain internship/entry-level experience; 5. Develop a specialization; 6. Move into senior or lead responsibilities,Hair Stylist; Junior Hair Stylist; Senior Hair Stylist; Hair Stylist Consultant,Senior Designer/Stylist; Brand Manager; Creative Head; Business Owner,Not available
465,Beauty Consultant,"Beauty, Fashion & Lifestyle","Beauty Consultant professionals lifestyle professionals work in fashion, beauty, styling, design and personal image services. Careers are portfolio- and client-oriented, with opportunities in brands and independent work.",Creativity; Styling; Visual Communication; Trend Research; Client Management; Design; Social Media,"Diploma/degree in fashion, beauty, design or relevant practical training; portfolio is important",Fashion Design; Styling; Makeup Certification; Fashion Merchandising,₹2–5 LPA entry-level; ₹7–20+ LPA experienced (Estimated),Medium,1. Learn fundamentals; 2. Build role-specific skills; 3. Complete projects or practical training; 4. Gain internship/entry-level experience; 5. Develop a specialization; 6. Move into senior or lead responsibilities,Beauty Consultant; Junior Beauty Consultant; Senior Beauty Consultant; Beauty Consultant Consultant,Senior Designer/Stylist; Brand Manager; Creative Head; Business Owner,Not available
466,Personal Stylist,"Beauty, Fashion & Lifestyle","Personal Stylist professionals lifestyle professionals work in fashion, beauty, styling, design and personal image services. Careers are portfolio- and client-oriented, with opportunities in brands and independent work.",Creativity; Styling; Visual Communication; Trend Research; Client Management; Design; Social Media,"Diploma/degree in fashion, beauty, design or relevant practical training; portfolio is important",Fashion Design; Styling; Makeup Certification; Fashion Merchandising,₹2–5 LPA entry-level; ₹7–20+ LPA experienced (Estimated),Medium,1. Learn fundamentals; 2. Build role-specific skills; 3. Complete projects or practical training; 4. Gain internship/entry-level experience; 5. Develop a specialization; 6. Move into senior or lead responsibilities,Personal Stylist; Junior Personal Stylist; Senior Personal Stylist; Personal Stylist Consultant,Senior Designer/Stylist; Brand Manager; Creative Head; Business Owner,Not available
467,Image Consultant,"Beauty, Fashion & Lifestyle","Image Consultant professionals lifestyle professionals work in fashion, beauty, styling, design and personal image services. Careers are portfolio- and client-oriented, with opportunities in brands and independent work.",Creativity; Styling; Visual Communication; Trend Research; Client Management; Design; Social Media,"Diploma/degree in fashion, beauty, design or relevant practical training; portfolio is important",Fashion Design; Styling; Makeup Certification; Fashion Merchandising,₹2–5 LPA entry-level; ₹7–20+ LPA experienced (Estimated),Medium,1. Learn fundamentals; 2. Build role-specific skills; 3. Complete projects or practical training; 4. Gain internship/entry-level experience; 5. Develop a specialization; 6. Move into senior or lead responsibilities,Image Consultant; Junior Image Consultant; Senior Image Consultant; Image Consultant Consultant,Senior Designer/Stylist; Brand Manager; Creative Head; Business Owner,Not available
468,Fashion Illustrator,"Beauty, Fashion & Lifestyle","Fashion Illustrator professionals lifestyle professionals work in fashion, beauty, styling, design and personal image services. Careers are portfolio- and client-oriented, with opportunities in brands and independent work.",Creativity; Styling; Visual Communication; Trend Research; Client Management; Design; Social Media,"Diploma/degree in fashion, beauty, design or relevant practical training; portfolio is important",Fashion Design; Styling; Makeup Certification; Fashion Merchandising,₹2–5 LPA entry-level; ₹7–20+ LPA experienced (Estimated),Medium,1. Learn fundamentals; 2. Build role-specific skills; 3. Complete projects or practical training; 4. Gain internship/entry-level experience; 5. Develop a specialization; 6. Move into senior or lead responsibilities,Fashion Illustrator; Junior Fashion Illustrator; Senior Fashion Illustrator; Fashion Illustrator Consultant,Senior Designer/Stylist; Brand Manager; Creative Head; Business Owner,Not available
469,Costume Designer,"Beauty, Fashion & Lifestyle","Costume Designer professionals lifestyle professionals work in fashion, beauty, styling, design and personal image services. Careers are portfolio- and client-oriented, with opportunities in brands and independent work.",Creativity; Styling; Visual Communication; Trend Research; Client Management; Design; Social Media,"Diploma/degree in fashion, beauty, design or relevant practical training; portfolio is important",Fashion Design; Styling; Makeup Certification; Fashion Merchandising,₹2–5 LPA entry-level; ₹7–20+ LPA experienced (Estimated),Medium,1. Learn fundamentals; 2. Build role-specific skills; 3. Complete projects or practical training; 4. Gain internship/entry-level experience; 5. Develop a specialization; 6. Move into senior or lead responsibilities,Costume Designer; Junior Costume Designer; Senior Costume Designer; Costume Designer Consultant,Senior Designer/Stylist; Brand Manager; Creative Head; Business Owner,Not available
470,Fashion Marketing Manager,"Beauty, Fashion & Lifestyle","Fashion Marketing Manager professionals lifestyle professionals work in fashion, beauty, styling, design and personal image services. Careers are portfolio- and client-oriented, with opportunities in brands and independent work.",Creativity; Styling; Visual Communication; Trend Research; Client Management; Design; Social Media,"Diploma/degree in fashion, beauty, design or relevant practical training; portfolio is important",Fashion Design; Styling; Makeup Certification; Fashion Merchandising,₹2–5 LPA entry-level; ₹7–20+ LPA experienced (Estimated),Medium,1. Learn fundamentals; 2. Build role-specific skills; 3. Complete projects or practical training; 4. Gain internship/entry-level experience; 5. Develop a specialization; 6. Move into senior or lead responsibilities,Fashion Marketing Manager; Junior Fashion Marketing Manager; Senior Fashion Marketing Manager; Fashion Marketing Manager Consultant,Senior Designer/Stylist; Brand Manager; Creative Head; Business Owner,Not available
471,Fitness Trainer,Sports & Fitness,"Fitness Trainer professionals sports and fitness professionals support athletic performance, health, coaching and sports operations. Many roles require practical training and relevant certifications.",Fitness Training; Coaching; Communication; Sports Science; Nutrition Basics; Leadership; Client Management,Relevant degree/diploma/certification; role-specific professional certification may be required,ACE/ACSM Fitness; Yoga Certification; Sports Nutrition; Strength & Conditioning,₹2–5 LPA entry-level; ₹7–18+ LPA experienced (Estimated),Medium,1. Learn fundamentals; 2. Build role-specific skills; 3. Complete projects or practical training; 4. Gain internship/entry-level experience; 5. Develop a specialization; 6. Move into senior or lead responsibilities,Fitness Trainer; Junior Fitness Trainer; Senior Fitness Trainer; Fitness Trainer Consultant,Senior Coach; Fitness/Sports Manager; Program Director; Sports Business Owner,Not available
472,Personal Trainer,Sports & Fitness,"Personal Trainer professionals sports and fitness professionals support athletic performance, health, coaching and sports operations. Many roles require practical training and relevant certifications.",Fitness Training; Coaching; Communication; Sports Science; Nutrition Basics; Leadership; Client Management,Relevant degree/diploma/certification; role-specific professional certification may be required,ACE/ACSM Fitness; Yoga Certification; Sports Nutrition; Strength & Conditioning,₹2–5 LPA entry-level; ₹7–18+ LPA experienced (Estimated),Medium,1. Learn fundamentals; 2. Build role-specific skills; 3. Complete projects or practical training; 4. Gain internship/entry-level experience; 5. Develop a specialization; 6. Move into senior or lead responsibilities,Personal Trainer; Junior Personal Trainer; Senior Personal Trainer; Personal Trainer Consultant,Senior Coach; Fitness/Sports Manager; Program Director; Sports Business Owner,Not available
473,Sports Coach,Sports & Fitness,"Sports Coach professionals sports and fitness professionals support athletic performance, health, coaching and sports operations. Many roles require practical training and relevant certifications.",Fitness Training; Coaching; Communication; Sports Science; Nutrition Basics; Leadership; Client Management,Relevant degree/diploma/certification; role-specific professional certification may be required,ACE/ACSM Fitness; Yoga Certification; Sports Nutrition; Strength & Conditioning,₹2–5 LPA entry-level; ₹7–18+ LPA experienced (Estimated),Medium,1. Learn fundamentals; 2. Build role-specific skills; 3. Complete projects or practical training; 4. Gain internship/entry-level experience; 5. Develop a specialization; 6. Move into senior or lead responsibilities,Sports Coach; Junior Sports Coach; Senior Sports Coach; Sports Coach Consultant,Senior Coach; Fitness/Sports Manager; Program Director; Sports Business Owner,Not available
474,Sports Manager,Sports & Fitness,"Sports Manager professionals sports and fitness professionals support athletic performance, health, coaching and sports operations. Many roles require practical training and relevant certifications.",Fitness Training; Coaching; Communication; Sports Science; Nutrition Basics; Leadership; Client Management,Relevant degree/diploma/certification; role-specific professional certification may be required,ACE/ACSM Fitness; Yoga Certification; Sports Nutrition; Strength & Conditioning,₹2–5 LPA entry-level; ₹7–18+ LPA experienced (Estimated),Medium,1. Learn fundamentals; 2. Build role-specific skills; 3. Complete projects or practical training; 4. Gain internship/entry-level experience; 5. Develop a specialization; 6. Move into senior or lead responsibilities,Sports Manager; Junior Sports Manager; Senior Sports Manager; Sports Manager Consultant,Senior Coach; Fitness/Sports Manager; Program Director; Sports Business Owner,Not available
475,Sports Analyst,Sports & Fitness,"Sports Analyst professionals sports and fitness professionals support athletic performance, health, coaching and sports operations. Many roles require practical training and relevant certifications.",Fitness Training; Coaching; Communication; Sports Science; Nutrition Basics; Leadership; Client Management,Relevant degree/diploma/certification; role-specific professional certification may be required,ACE/ACSM Fitness; Yoga Certification; Sports Nutrition; Strength & Conditioning,₹2–5 LPA entry-level; ₹7–18+ LPA experienced (Estimated),Medium,1. Learn fundamentals; 2. Build role-specific skills; 3. Complete projects or practical training; 4. Gain internship/entry-level experience; 5. Develop a specialization; 6. Move into senior or lead responsibilities,Sports Analyst; Junior Sports Analyst; Senior Sports Analyst; Sports Analyst Consultant,Senior Coach; Fitness/Sports Manager; Program Director; Sports Business Owner,Not available
476,Sports Nutritionist,Sports & Fitness,"Sports Nutritionist professionals sports and fitness professionals support athletic performance, health, coaching and sports operations. Many roles require practical training and relevant certifications.",Fitness Training; Coaching; Communication; Sports Science; Nutrition Basics; Leadership; Client Management,Relevant degree/diploma/certification; role-specific professional certification may be required,ACE/ACSM Fitness; Yoga Certification; Sports Nutrition; Strength & Conditioning,₹2–5 LPA entry-level; ₹7–18+ LPA experienced (Estimated),Medium,1. Learn fundamentals; 2. Build role-specific skills; 3. Complete projects or practical training; 4. Gain internship/entry-level experience; 5. Develop a specialization; 6. Move into senior or lead responsibilities,Sports Nutritionist; Junior Sports Nutritionist; Senior Sports Nutritionist; Sports Nutritionist Consultant,Senior Coach; Fitness/Sports Manager; Program Director; Sports Business Owner,Not available
477,Yoga Instructor,Sports & Fitness,"Yoga Instructor professionals sports and fitness professionals support athletic performance, health, coaching and sports operations. Many roles require practical training and relevant certifications.",Fitness Training; Coaching; Communication; Sports Science; Nutrition Basics; Leadership; Client Management,Relevant degree/diploma/certification; role-specific professional certification may be required,ACE/ACSM Fitness; Yoga Certification; Sports Nutrition; Strength & Conditioning,₹2–5 LPA entry-level; ₹7–18+ LPA experienced (Estimated),Medium,1. Learn fundamentals; 2. Build role-specific skills; 3. Complete projects or practical training; 4. Gain internship/entry-level experience; 5. Develop a specialization; 6. Move into senior or lead responsibilities,Yoga Instructor; Junior Yoga Instructor; Senior Yoga Instructor; Yoga Instructor Consultant,Senior Coach; Fitness/Sports Manager; Program Director; Sports Business Owner,Not available
478,Physiotherapist - Sports,Sports & Fitness,"Physiotherapist - Sports professionals sports and fitness professionals support athletic performance, health, coaching and sports operations. Many roles require practical training and relevant certifications.",Fitness Training; Coaching; Communication; Sports Science; Nutrition Basics; Leadership; Client Management,Relevant degree/diploma/certification; role-specific professional certification may be required,ACE/ACSM Fitness; Yoga Certification; Sports Nutrition; Strength & Conditioning,₹2–5 LPA entry-level; ₹7–18+ LPA experienced (Estimated),Medium,1. Learn fundamentals; 2. Build role-specific skills; 3. Complete projects or practical training; 4. Gain internship/entry-level experience; 5. Develop a specialization; 6. Move into senior or lead responsibilities,Physiotherapist - Sports; Junior Physiotherapist - Sports; Senior Physiotherapist - Sports; Physiotherapist - Sports Consultant,Senior Coach; Fitness/Sports Manager; Program Director; Sports Business Owner,Not available
479,Strength and Conditioning Coach,Sports & Fitness,"Strength and Conditioning Coach professionals sports and fitness professionals support athletic performance, health, coaching and sports operations. Many roles require practical training and relevant certifications.",Fitness Training; Coaching; Communication; Sports Science; Nutrition Basics; Leadership; Client Management,Relevant degree/diploma/certification; role-specific professional certification may be required,ACE/ACSM Fitness; Yoga Certification; Sports Nutrition; Strength & Conditioning,₹2–5 LPA entry-level; ₹7–18+ LPA experienced (Estimated),Medium,1. Learn fundamentals; 2. Build role-specific skills; 3. Complete projects or practical training; 4. Gain internship/entry-level experience; 5. Develop a specialization; 6. Move into senior or lead responsibilities,Strength and Conditioning Coach; Junior Strength and Conditioning Coach; Senior Strength and Conditioning Coach; Strength and Conditioning Coach Consultant,Senior Coach; Fitness/Sports Manager; Program Director; Sports Business Owner,Not available
480,Sports Event Manager,Sports & Fitness,"Sports Event Manager professionals sports and fitness professionals support athletic performance, health, coaching and sports operations. Many roles require practical training and relevant certifications.",Fitness Training; Coaching; Communication; Sports Science; Nutrition Basics; Leadership; Client Management,Relevant degree/diploma/certification; role-specific professional certification may be required,ACE/ACSM Fitness; Yoga Certification; Sports Nutrition; Strength & Conditioning,₹2–5 LPA entry-level; ₹7–18+ LPA experienced (Estimated),Medium,1. Learn fundamentals; 2. Build role-specific skills; 3. Complete projects or practical training; 4. Gain internship/entry-level experience; 5. Develop a specialization; 6. Move into senior or lead responsibilities,Sports Event Manager; Junior Sports Event Manager; Senior Sports Event Manager; Sports Event Manager Consultant,Senior Coach; Fitness/Sports Manager; Program Director; Sports Business Owner,Not available
481,Sports Marketing Manager,Sports & Fitness,"Sports Marketing Manager professionals sports and fitness professionals support athletic performance, health, coaching and sports operations. Many roles require practical training and relevant certifications.",Fitness Training; Coaching; Communication; Sports Science; Nutrition Basics; Leadership; Client Management,Relevant degree/diploma/certification; role-specific professional certification may be required,ACE/ACSM Fitness; Yoga Certification; Sports Nutrition; Strength & Conditioning,₹2–5 LPA entry-level; ₹7–18+ LPA experienced (Estimated),Medium,1. Learn fundamentals; 2. Build role-specific skills; 3. Complete projects or practical training; 4. Gain internship/entry-level experience; 5. Develop a specialization; 6. Move into senior or lead responsibilities,Sports Marketing Manager; Junior Sports Marketing Manager; Senior Sports Marketing Manager; Sports Marketing Manager Consultant,Senior Coach; Fitness/Sports Manager; Program Director; Sports Business Owner,Not available
482,Athletic Trainer,Sports & Fitness,"Athletic Trainer professionals sports and fitness professionals support athletic performance, health, coaching and sports operations. Many roles require practical training and relevant certifications.",Fitness Training; Coaching; Communication; Sports Science; Nutrition Basics; Leadership; Client Management,Relevant degree/diploma/certification; role-specific professional certification may be required,ACE/ACSM Fitness; Yoga Certification; Sports Nutrition; Strength & Conditioning,₹2–5 LPA entry-level; ₹7–18+ LPA experienced (Estimated),Medium,1. Learn fundamentals; 2. Build role-specific skills; 3. Complete projects or practical training; 4. Gain internship/entry-level experience; 5. Develop a specialization; 6. Move into senior or lead responsibilities,Athletic Trainer; Junior Athletic Trainer; Senior Athletic Trainer; Athletic Trainer Consultant,Senior Coach; Fitness/Sports Manager; Program Director; Sports Business Owner,Not available
483,Fitness Center Manager,Sports & Fitness,"Fitness Center Manager professionals sports and fitness professionals support athletic performance, health, coaching and sports operations. Many roles require practical training and relevant certifications.",Fitness Training; Coaching; Communication; Sports Science; Nutrition Basics; Leadership; Client Management,Relevant degree/diploma/certification; role-specific professional certification may be required,ACE/ACSM Fitness; Yoga Certification; Sports Nutrition; Strength & Conditioning,₹2–5 LPA entry-level; ₹7–18+ LPA experienced (Estimated),Medium,1. Learn fundamentals; 2. Build role-specific skills; 3. Complete projects or practical training; 4. Gain internship/entry-level experience; 5. Develop a specialization; 6. Move into senior or lead responsibilities,Fitness Center Manager; Junior Fitness Center Manager; Senior Fitness Center Manager; Fitness Center Manager Consultant,Senior Coach; Fitness/Sports Manager; Program Director; Sports Business Owner,Not available
484,Sports Journalist,Sports & Fitness,"Sports Journalist professionals sports and fitness professionals support athletic performance, health, coaching and sports operations. Many roles require practical training and relevant certifications.",Fitness Training; Coaching; Communication; Sports Science; Nutrition Basics; Leadership; Client Management,Relevant degree/diploma/certification; role-specific professional certification may be required,ACE/ACSM Fitness; Yoga Certification; Sports Nutrition; Strength & Conditioning,₹2–5 LPA entry-level; ₹7–18+ LPA experienced (Estimated),Medium,1. Learn fundamentals; 2. Build role-specific skills; 3. Complete projects or practical training; 4. Gain internship/entry-level experience; 5. Develop a specialization; 6. Move into senior or lead responsibilities,Sports Journalist; Junior Sports Journalist; Senior Sports Journalist; Sports Journalist Consultant,Senior Coach; Fitness/Sports Manager; Program Director; Sports Business Owner,Not available
485,Sports Psychologist,Sports & Fitness,"Sports Psychologist professionals sports and fitness professionals support athletic performance, health, coaching and sports operations. Many roles require practical training and relevant certifications.",Fitness Training; Coaching; Communication; Sports Science; Nutrition Basics; Leadership; Client Management,Relevant degree/diploma/certification; role-specific professional certification may be required,ACE/ACSM Fitness; Yoga Certification; Sports Nutrition; Strength & Conditioning,₹2–5 LPA entry-level; ₹7–18+ LPA experienced (Estimated),Medium,1. Learn fundamentals; 2. Build role-specific skills; 3. Complete projects or practical training; 4. Gain internship/entry-level experience; 5. Develop a specialization; 6. Move into senior or lead responsibilities,Sports Psychologist; Junior Sports Psychologist; Senior Sports Psychologist; Sports Psychologist Consultant,Senior Coach; Fitness/Sports Manager; Program Director; Sports Business Owner,Not available
486,Airline Pilot,Aviation & Aerospace,"Airline Pilot professionals aviation professionals support flight operations, airport services, aircraft maintenance and aerospace systems. Several roles have strict regulatory, medical or licensing requirements.",Safety; Technical Knowledge; Communication; Operations; Navigation; Attention to Detail; Regulatory Compliance,Role-specific aviation/aerospace qualification and required licenses/certifications,DGCA-approved training; Aircraft Maintenance licensing; Aviation Safety; Airport Management,₹3–10 LPA entry-level; ₹12–35+ LPA experienced (Estimated),High,1. Learn fundamentals; 2. Build role-specific skills; 3. Complete projects or practical training; 4. Gain internship/entry-level experience; 5. Develop a specialization; 6. Move into senior or lead responsibilities,Airline Pilot; Junior Airline Pilot; Senior Airline Pilot; Airline Pilot Consultant,Senior Specialist; Operations Manager; Safety/Technical Lead; Aviation Director,53-2011.00
487,Commercial Pilot,Aviation & Aerospace,"Commercial Pilot professionals aviation professionals support flight operations, airport services, aircraft maintenance and aerospace systems. Several roles have strict regulatory, medical or licensing requirements.",Safety; Technical Knowledge; Communication; Operations; Navigation; Attention to Detail; Regulatory Compliance,Role-specific aviation/aerospace qualification and required licenses/certifications,DGCA-approved training; Aircraft Maintenance licensing; Aviation Safety; Airport Management,₹3–10 LPA entry-level; ₹12–35+ LPA experienced (Estimated),High,1. Learn fundamentals; 2. Build role-specific skills; 3. Complete projects or practical training; 4. Gain internship/entry-level experience; 5. Develop a specialization; 6. Move into senior or lead responsibilities,Commercial Pilot; Junior Commercial Pilot; Senior Commercial Pilot; Commercial Pilot Consultant,Senior Specialist; Operations Manager; Safety/Technical Lead; Aviation Director,Not available
488,Flight Dispatcher,Aviation & Aerospace,"Flight Dispatcher professionals aviation professionals support flight operations, airport services, aircraft maintenance and aerospace systems. Several roles have strict regulatory, medical or licensing requirements.",Safety; Technical Knowledge; Communication; Operations; Navigation; Attention to Detail; Regulatory Compliance,Role-specific aviation/aerospace qualification and required licenses/certifications,DGCA-approved training; Aircraft Maintenance licensing; Aviation Safety; Airport Management,₹3–10 LPA entry-level; ₹12–35+ LPA experienced (Estimated),High,1. Learn fundamentals; 2. Build role-specific skills; 3. Complete projects or practical training; 4. Gain internship/entry-level experience; 5. Develop a specialization; 6. Move into senior or lead responsibilities,Flight Dispatcher; Junior Flight Dispatcher; Senior Flight Dispatcher; Flight Dispatcher Consultant,Senior Specialist; Operations Manager; Safety/Technical Lead; Aviation Director,Not available
489,Air Traffic Controller,Aviation & Aerospace,"Air Traffic Controller professionals aviation professionals support flight operations, airport services, aircraft maintenance and aerospace systems. Several roles have strict regulatory, medical or licensing requirements.",Safety; Technical Knowledge; Communication; Operations; Navigation; Attention to Detail; Regulatory Compliance,Role-specific aviation/aerospace qualification and required licenses/certifications,DGCA-approved training; Aircraft Maintenance licensing; Aviation Safety; Airport Management,₹3–10 LPA entry-level; ₹12–35+ LPA experienced (Estimated),High,1. Learn fundamentals; 2. Build role-specific skills; 3. Complete projects or practical training; 4. Gain internship/entry-level experience; 5. Develop a specialization; 6. Move into senior or lead responsibilities,Air Traffic Controller; Junior Air Traffic Controller; Senior Air Traffic Controller; Air Traffic Controller Consultant,Senior Specialist; Operations Manager; Safety/Technical Lead; Aviation Director,53-2021.00
490,Cabin Crew,Aviation & Aerospace,"Cabin Crew professionals aviation professionals support flight operations, airport services, aircraft maintenance and aerospace systems. Several roles have strict regulatory, medical or licensing requirements.",Safety; Technical Knowledge; Communication; Operations; Navigation; Attention to Detail; Regulatory Compliance,Role-specific aviation/aerospace qualification and required licenses/certifications,DGCA-approved training; Aircraft Maintenance licensing; Aviation Safety; Airport Management,₹3–10 LPA entry-level; ₹12–35+ LPA experienced (Estimated),High,1. Learn fundamentals; 2. Build role-specific skills; 3. Complete projects or practical training; 4. Gain internship/entry-level experience; 5. Develop a specialization; 6. Move into senior or lead responsibilities,Cabin Crew; Junior Cabin Crew; Senior Cabin Crew; Cabin Crew Consultant,Senior Specialist; Operations Manager; Safety/Technical Lead; Aviation Director,Not available
491,Aviation Manager,Aviation & Aerospace,"Aviation Manager professionals aviation professionals support flight operations, airport services, aircraft maintenance and aerospace systems. Several roles have strict regulatory, medical or licensing requirements.",Safety; Technical Knowledge; Communication; Operations; Navigation; Attention to Detail; Regulatory Compliance,Role-specific aviation/aerospace qualification and required licenses/certifications,DGCA-approved training; Aircraft Maintenance licensing; Aviation Safety; Airport Management,₹3–10 LPA entry-level; ₹12–35+ LPA experienced (Estimated),High,1. Learn fundamentals; 2. Build role-specific skills; 3. Complete projects or practical training; 4. Gain internship/entry-level experience; 5. Develop a specialization; 6. Move into senior or lead responsibilities,Aviation Manager; Junior Aviation Manager; Senior Aviation Manager; Aviation Manager Consultant,Senior Specialist; Operations Manager; Safety/Technical Lead; Aviation Director,Not available
492,Airport Operations Manager,Aviation & Aerospace,"Airport Operations Manager professionals aviation professionals support flight operations, airport services, aircraft maintenance and aerospace systems. Several roles have strict regulatory, medical or licensing requirements.",Safety; Technical Knowledge; Communication; Operations; Navigation; Attention to Detail; Regulatory Compliance,Role-specific aviation/aerospace qualification and required licenses/certifications,DGCA-approved training; Aircraft Maintenance licensing; Aviation Safety; Airport Management,₹3–10 LPA entry-level; ₹12–35+ LPA experienced (Estimated),High,1. Learn fundamentals; 2. Build role-specific skills; 3. Complete projects or practical training; 4. Gain internship/entry-level experience; 5. Develop a specialization; 6. Move into senior or lead responsibilities,Airport Operations Manager; Junior Airport Operations Manager; Senior Airport Operations Manager; Airport Operations Manager Consultant,Senior Specialist; Operations Manager; Safety/Technical Lead; Aviation Director,Not available
493,Aircraft Maintenance Engineer,Aviation & Aerospace,"Aircraft Maintenance Engineer professionals aviation professionals support flight operations, airport services, aircraft maintenance and aerospace systems. Several roles have strict regulatory, medical or licensing requirements.",Safety; Technical Knowledge; Communication; Operations; Navigation; Attention to Detail; Regulatory Compliance,Role-specific aviation/aerospace qualification and required licenses/certifications,DGCA-approved training; Aircraft Maintenance licensing; Aviation Safety; Airport Management,₹3–10 LPA entry-level; ₹12–35+ LPA experienced (Estimated),High,1. Learn fundamentals; 2. Build role-specific skills; 3. Complete projects or practical training; 4. Gain internship/entry-level experience; 5. Develop a specialization; 6. Move into senior or lead responsibilities,Aircraft Maintenance Engineer; Junior Aircraft Maintenance Engineer; Senior Aircraft Maintenance Engineer; Aircraft Maintenance Engineer Consultant,Senior Specialist; Operations Manager; Safety/Technical Lead; Aviation Director,Not available
494,Aviation Safety Officer,Aviation & Aerospace,"Aviation Safety Officer professionals aviation professionals support flight operations, airport services, aircraft maintenance and aerospace systems. Several roles have strict regulatory, medical or licensing requirements.",Safety; Technical Knowledge; Communication; Operations; Navigation; Attention to Detail; Regulatory Compliance,Role-specific aviation/aerospace qualification and required licenses/certifications,DGCA-approved training; Aircraft Maintenance licensing; Aviation Safety; Airport Management,₹3–10 LPA entry-level; ₹12–35+ LPA experienced (Estimated),High,1. Learn fundamentals; 2. Build role-specific skills; 3. Complete projects or practical training; 4. Gain internship/entry-level experience; 5. Develop a specialization; 6. Move into senior or lead responsibilities,Aviation Safety Officer; Junior Aviation Safety Officer; Senior Aviation Safety Officer; Aviation Safety Officer Consultant,Senior Specialist; Operations Manager; Safety/Technical Lead; Aviation Director,Not available
495,Aerospace Engineer,Aviation & Aerospace,"Aerospace Engineer professionals aviation professionals support flight operations, airport services, aircraft maintenance and aerospace systems. Several roles have strict regulatory, medical or licensing requirements.",Safety; Technical Knowledge; Communication; Operations; Navigation; Attention to Detail; Regulatory Compliance,Role-specific aviation/aerospace qualification and required licenses/certifications,DGCA-approved training; Aircraft Maintenance licensing; Aviation Safety; Airport Management,₹3–10 LPA entry-level; ₹12–35+ LPA experienced (Estimated),High,1. Learn fundamentals; 2. Build role-specific skills; 3. Complete projects or practical training; 4. Gain internship/entry-level experience; 5. Develop a specialization; 6. Move into senior or lead responsibilities,Aerospace Engineer; Junior Aerospace Engineer; Senior Aerospace Engineer; Aerospace Engineer Consultant,Senior Specialist; Operations Manager; Safety/Technical Lead; Aviation Director,Not available
496,Avionics Engineer,Aviation & Aerospace,"Avionics Engineer professionals aviation professionals support flight operations, airport services, aircraft maintenance and aerospace systems. Several roles have strict regulatory, medical or licensing requirements.",Safety; Technical Knowledge; Communication; Operations; Navigation; Attention to Detail; Regulatory Compliance,Role-specific aviation/aerospace qualification and required licenses/certifications,DGCA-approved training; Aircraft Maintenance licensing; Aviation Safety; Airport Management,₹3–10 LPA entry-level; ₹12–35+ LPA experienced (Estimated),High,1. Learn fundamentals; 2. Build role-specific skills; 3. Complete projects or practical training; 4. Gain internship/entry-level experience; 5. Develop a specialization; 6. Move into senior or lead responsibilities,Avionics Engineer; Junior Avionics Engineer; Senior Avionics Engineer; Avionics Engineer Consultant,Senior Specialist; Operations Manager; Safety/Technical Lead; Aviation Director,Not available
497,Flight Operations Officer,Aviation & Aerospace,"Flight Operations Officer professionals aviation professionals support flight operations, airport services, aircraft maintenance and aerospace systems. Several roles have strict regulatory, medical or licensing requirements.",Safety; Technical Knowledge; Communication; Operations; Navigation; Attention to Detail; Regulatory Compliance,Role-specific aviation/aerospace qualification and required licenses/certifications,DGCA-approved training; Aircraft Maintenance licensing; Aviation Safety; Airport Management,₹3–10 LPA entry-level; ₹12–35+ LPA experienced (Estimated),High,1. Learn fundamentals; 2. Build role-specific skills; 3. Complete projects or practical training; 4. Gain internship/entry-level experience; 5. Develop a specialization; 6. Move into senior or lead responsibilities,Flight Operations Officer; Junior Flight Operations Officer; Senior Flight Operations Officer; Flight Operations Officer Consultant,Senior Specialist; Operations Manager; Safety/Technical Lead; Aviation Director,Not available
498,Airport Customer Service Executive,Aviation & Aerospace,"Airport Customer Service Executive professionals aviation professionals support flight operations, airport services, aircraft maintenance and aerospace systems. Several roles have strict regulatory, medical or licensing requirements.",Safety; Technical Knowledge; Communication; Operations; Navigation; Attention to Detail; Regulatory Compliance,Role-specific aviation/aerospace qualification and required licenses/certifications,DGCA-approved training; Aircraft Maintenance licensing; Aviation Safety; Airport Management,₹3–10 LPA entry-level; ₹12–35+ LPA experienced (Estimated),High,1. Learn fundamentals; 2. Build role-specific skills; 3. Complete projects or practical training; 4. Gain internship/entry-level experience; 5. Develop a specialization; 6. Move into senior or lead responsibilities,Airport Customer Service Executive; Junior Airport Customer Service Executive; Senior Airport Customer Service Executive; Airport Customer Service Executive Consultant,Senior Specialist; Operations Manager; Safety/Technical Lead; Aviation Director,Not available
499,Aviation Security Officer,Aviation & Aerospace,"Aviation Security Officer professionals aviation professionals support flight operations, airport services, aircraft maintenance and aerospace systems. Several roles have strict regulatory, medical or licensing requirements.",Safety; Technical Knowledge; Communication; Operations; Navigation; Attention to Detail; Regulatory Compliance,Role-specific aviation/aerospace qualification and required licenses/certifications,DGCA-approved training; Aircraft Maintenance licensing; Aviation Safety; Airport Management,₹3–10 LPA entry-level; ₹12–35+ LPA experienced (Estimated),High,1. Learn fundamentals; 2. Build role-specific skills; 3. Complete projects or practical training; 4. Gain internship/entry-level experience; 5. Develop a specialization; 6. Move into senior or lead responsibilities,Aviation Security Officer; Junior Aviation Security Officer; Senior Aviation Security Officer; Aviation Security Officer Consultant,Senior Specialist; Operations Manager; Safety/Technical Lead; Aviation Director,Not available
500,Aerospace Technician,Aviation & Aerospace,"Aerospace Technician professionals aviation professionals support flight operations, airport services, aircraft maintenance and aerospace systems. Several roles have strict regulatory, medical or licensing requirements.",Safety; Technical Knowledge; Communication; Operations; Navigation; Attention to Detail; Regulatory Compliance,Role-specific aviation/aerospace qualification and required licenses/certifications,DGCA-approved training; Aircraft Maintenance licensing; Aviation Safety; Airport Management,₹3–10 LPA entry-level; ₹12–35+ LPA experienced (Estimated),High,1. Learn fundamentals; 2. Build role-specific skills; 3. Complete projects or practical training; 4. Gain internship/entry-level experience; 5. Develop a specialization; 6. Move into senior or lead responsibilities,Aerospace Technician; Junior Aerospace Technician; Senior Aerospace Technician; Aerospace Technician Consultant,Senior Specialist; Operations Manager; Safety/Technical Lead; Aviation Director,Not available
